Transaction Date,Customer Name,Product Name,Sales Rep Name,Quantity,Total Revenue,Discount
2023-01-14 13:00:00.000000,TechCorp_132,Pro Subscription,Emp_6 SaaS_6,1,200.0,0.0
2023-01-28 08:00:00.000000,TechCorp_30,Pro Subscription,Emp_13 SaaS_13,1,200.0,0.0
2023-01-28 09:00:00.000000,TechCorp_110,Starter Subscription,Emp_31 SaaS_31,1,50.0,0.0
2023-01-29 09:00:00.000000,TechCorp_58,Starter Subscription,Emp_0 SaaS_0,1,50.0,0.0
2023-01-29 14:00:00.000000,TechCorp_255,Starter Subscription,Emp_29 SaaS_29,1,50.0,0.0
2023-01-30 16:00:00.000000,TechCorp_38,Pro Subscription,Emp_25 SaaS_25,1,200.0,0.0
2023-01-31 09:00:00.000000,TechCorp_76,Starter Subscription,Emp_12 SaaS_12,1,50.0,0.0
2023-02-01 11:00:00.000000,TechCorp_76,Starter Subscription,Emp_0 SaaS_0,1,50.0,0.0
2023-02-01 18:00:00.000000,TechCorp_255,Starter Subscription,Emp_4 SaaS_4,1,50.0,0.0
2023-02-04 17:00:00.000000,TechCorp_38,Pro Subscription,Emp_29 SaaS_29,1,200.0,0.0
2023-02-04 09:00:00.000000,TechCorp_58,Starter Subscription,Emp_4 SaaS_4,1,50.0,0.0
2023-02-09 08:00:00.000000,TechCorp_48,Pro Subscription,Emp_29 SaaS_29,1,200.0,0.0
2023-02-09 18:00:00.000000,TechCorp_132,Pro Subscription,Emp_21 SaaS_21,1,200.0,0.0
2023-02-11 14:00:00.000000,TechCorp_58,Starter Subscription,Emp_21 SaaS_21,1,50.0,0.0
2023-02-11 12:00:00.000000,TechCorp_110,Starter Subscription,Emp_19 SaaS_19,1,50.0,0.0
2023-02-11 09:00:00.000000,TechCorp_214,Starter Subscription,Emp_13 SaaS_13,1,50.0,0.0
2023-02-11 08:00:00.000000,TechCorp_288,Pro Subscription,Emp_25 SaaS_25,1,200.0,0.0
2023-02-12 08:00:00.000000,TechCorp_201,Starter Subscription,Emp_3 SaaS_3,1,50.0,0.0
2023-02-13 13:00:00.000000,TechCorp_76,Starter Subscription,Emp_29 SaaS_29,1,50.0,0.0
2023-02-16 09:00:00.000000,TechCorp_12,Pro Subscription,Emp_12 SaaS_12,1,200.0,0.0
2023-02-17 10:00:00.000000,TechCorp_57,Pro Subscription,Emp_13 SaaS_13,1,200.0,0.0
2023-02-17 17:00:00.000000,TechCorp_174,Pro Subscription,Emp_25 SaaS_25,1,200.0,0.0
2023-02-18 18:00:00.000000,TechCorp_201,Starter Subscription,Emp_12 SaaS_12,1,50.0,0.0
2023-02-20 13:00:00.000000,TechCorp_57,Pro Subscription,Emp_31 SaaS_31,1,200.0,0.0
2023-02-20 14:00:00.000000,TechCorp_110,Starter Subscription,Emp_3 SaaS_3,1,50.0,0.0
2023-02-21 08:00:00.000000,TechCorp_12,Pro Subscription,Emp_6 SaaS_6,1,200.0,0.0
2023-02-21 18:00:00.000000,TechCorp_79,Pro Subscription,Emp_13 SaaS_13,1,200.0,0.0
2023-02-21 15:00:00.000000,TechCorp_201,Starter Subscription,Emp_4 SaaS_4,1,50.0,0.0
2023-02-22 13:00:00.000000,TechCorp_76,Starter Subscription,Emp_29 SaaS_29,1,50.0,0.0
2023-02-23 11:00:00.000000,TechCorp_79,Pro Subscription,Emp_31 SaaS_31,1,200.0,0.0
2023-02-24 09:00:00.000000,TechCorp_217,Starter Subscription,Emp_29 SaaS_29,1,50.0,0.0
2023-02-24 08:00:00.000000,TechCorp_221,Starter Subscription,Emp_13 SaaS_13,1,50.0,0.0
2023-02-25 16:00:00.000000,TechCorp_12,Pro Subscription,Emp_21 SaaS_21,1,200.0,0.0
2023-02-25 12:00:00.000000,TechCorp_26,Starter Subscription,Emp_21 SaaS_21,1,50.0,0.0
2023-02-25 18:00:00.000000,TechCorp_38,Pro Subscription,Emp_13 SaaS_13,1,200.0,0.0
2023-02-25 10:00:00.000000,TechCorp_242,Starter Subscription,Emp_2 SaaS_2,1,50.0,0.0
2023-02-26 09:00:00.000000,TechCorp_30,Pro Subscription,Emp_29 SaaS_29,1,200.0,0.0
2023-02-26 13:00:00.000000,TechCorp_48,Pro Subscription,Emp_0 SaaS_0,1,200.0,0.0
2023-02-26 12:00:00.000000,TechCorp_288,Pro Subscription,Emp_19 SaaS_19,1,200.0,0.0
2023-02-27 15:00:00.000000,TechCorp_97,Enterprise License,Emp_12 SaaS_12,5,10000.0,0.0
2023-02-27 14:00:00.000000,TechCorp_221,Starter Subscription,Emp_13 SaaS_13,1,50.0,0.0
2023-02-28 14:00:00.000000,TechCorp_76,Starter Subscription,Emp_12 SaaS_12,1,50.0,0.0
2023-03-01 15:00:00.000000,TechCorp_11,Pro Subscription,Emp_31 SaaS_31,1,200.0,0.0
2023-03-01 13:00:00.000000,TechCorp_151,Starter Subscription,Emp_31 SaaS_31,1,50.0,0.0
2023-03-01 18:00:00.000000,TechCorp_224,Pro Subscription,Emp_29 SaaS_29,1,200.0,0.0
2023-03-02 09:00:00.000000,TechCorp_151,Starter Subscription,Emp_0 SaaS_0,1,50.0,0.0
2023-03-02 17:00:00.000000,TechCorp_255,Starter Subscription,Emp_4 SaaS_4,1,50.0,0.0
2023-03-02 11:00:00.000000,TechCorp_291,Starter Subscription,Emp_4 SaaS_4,1,50.0,0.0
2023-03-04 11:00:00.000000,TechCorp_76,Starter Subscription,Emp_21 SaaS_21,1,50.0,0.0
2023-03-04 12:00:00.000000,TechCorp_224,Pro Subscription,Emp_12 SaaS_12,1,200.0,0.0
2023-03-06 18:00:00.000000,TechCorp_116,Starter Subscription,Emp_19 SaaS_19,1,50.0,0.0
2023-03-06 10:00:00.000000,TechCorp_129,Starter Subscription,Emp_19 SaaS_19,1,50.0,0.0
2023-03-07 13:00:00.000000,TechCorp_11,Pro Subscription,Emp_2 SaaS_2,1,200.0,0.0
2023-03-07 18:00:00.000000,TechCorp_110,Starter Subscription,Emp_3 SaaS_3,1,50.0,0.0
2023-03-08 09:00:00.000000,TechCorp_132,Pro Subscription,Emp_0 SaaS_0,1,200.0,0.0
2023-03-08 08:00:00.000000,TechCorp_149,Starter Subscription,Emp_13 SaaS_13,1,50.0,0.0
2023-03-09 14:00:00.000000,TechCorp_145,Starter Subscription,Emp_6 SaaS_6,1,50.0,0.0
2023-03-09 08:00:00.000000,TechCorp_246,Starter Subscription,Emp_4 SaaS_4,1,50.0,0.0
2023-03-09 13:00:00.000000,TechCorp_250,Starter Subscription,Emp_13 SaaS_13,1,50.0,0.0
2023-03-09 18:00:00.000000,TechCorp_278,Starter Subscription,Emp_13 SaaS_13,1,50.0,0.0
2023-03-10 14:00:00.000000,TechCorp_39,Starter Subscription,Emp_2 SaaS_2,1,50.0,0.0
2023-03-10 16:00:00.000000,TechCorp_188,Pro Subscription,Emp_12 SaaS_12,1,200.0,0.0
2023-03-10 13:00:00.000000,TechCorp_214,Starter Subscription,Emp_0 SaaS_0,1,50.0,0.0
2023-03-10 11:00:00.000000,TechCorp_288,Pro Subscription,Emp_21 SaaS_21,1,200.0,0.0
2023-03-11 12:00:00.000000,TechCorp_261,Pro Subscription,Emp_6 SaaS_6,1,200.0,0.0
2023-03-13 14:00:00.000000,TechCorp_24,Starter Subscription,Emp_31 SaaS_31,1,50.0,0.0
2023-03-13 13:00:00.000000,TechCorp_246,Starter Subscription,Emp_25 SaaS_25,1,50.0,0.0
2023-03-14 17:00:00.000000,TechCorp_24,Starter Subscription,Emp_4 SaaS_4,1,50.0,0.0
2023-03-14 17:00:00.000000,TechCorp_246,Starter Subscription,Emp_13 SaaS_13,1,50.0,0.0
2023-03-15 11:00:00.000000,TechCorp_58,Starter Subscription,Emp_4 SaaS_4,1,50.0,0.0
2023-03-15 14:00:00.000000,TechCorp_97,Enterprise License,Emp_3 SaaS_3,8,16000.0,0.0
2023-03-15 18:00:00.000000,TechCorp_255,Starter Subscription,Emp_3 SaaS_3,1,50.0,0.0
2023-03-16 09:00:00.000000,TechCorp_57,Pro Subscription,Emp_6 SaaS_6,1,200.0,0.0
2023-03-16 15:00:00.000000,TechCorp_188,Pro Subscription,Emp_19 SaaS_19,1,200.0,0.0
2023-03-17 17:00:00.000000,TechCorp_24,Starter Subscription,Emp_21 SaaS_21,1,50.0,0.0
2023-03-18 13:00:00.000000,TechCorp_26,Starter Subscription,Emp_31 SaaS_31,1,50.0,0.0
2023-03-18 12:00:00.000000,TechCorp_48,Pro Subscription,Emp_6 SaaS_6,1,200.0,0.0
2023-03-18 11:00:00.000000,TechCorp_224,Pro Subscription,Emp_4 SaaS_4,1,200.0,0.0
2023-03-18 13:00:00.000000,TechCorp_291,Starter Subscription,Emp_19 SaaS_19,1,50.0,0.0
2023-03-19 15:00:00.000000,TechCorp_97,Enterprise License,Emp_3 SaaS_3,1,2000.0,0.0
2023-03-19 12:00:00.000000,TechCorp_116,Starter Subscription,Emp_25 SaaS_25,1,50.0,0.0
2023-03-20 17:00:00.000000,TechCorp_76,Starter Subscription,Emp_4 SaaS_4,1,50.0,0.0
2023-03-21 11:00:00.000000,TechCorp_168,Enterprise License,Emp_31 SaaS_31,9,18000.0,0.0
2023-03-21 13:00:00.000000,TechCorp_188,Pro Subscription,Emp_21 SaaS_21,1,200.0,0.0
2023-03-22 18:00:00.000000,TechCorp_48,Pro Subscription,Emp_6 SaaS_6,1,200.0,0.0
2023-03-22 09:00:00.000000,TechCorp_76,Starter Subscription,Emp_29 SaaS_29,1,50.0,0.0
2023-03-22 09:00:00.000000,TechCorp_90,Pro Subscription,Emp_13 SaaS_13,1,200.0,0.0
2023-03-22 14:00:00.000000,TechCorp_132,Pro Subscription,Emp_29 SaaS_29,1,200.0,0.0
2023-03-22 09:00:00.000000,TechCorp_278,Starter Subscription,Emp_2 SaaS_2,1,50.0,0.0
2023-03-23 12:00:00.000000,TechCorp_36,Starter Subscription,Emp_12 SaaS_12,1,50.0,0.0
2023-03-23 10:00:00.000000,TechCorp_58,Starter Subscription,Emp_29 SaaS_29,1,50.0,0.0
2023-03-24 10:00:00.000000,TechCorp_79,Pro Subscription,Emp_21 SaaS_21,1,200.0,0.0
2023-03-24 09:00:00.000000,TechCorp_232,Starter Subscription,Emp_25 SaaS_25,1,50.0,0.0
2023-03-25 18:00:00.000000,TechCorp_13,Enterprise License,Emp_6 SaaS_6,6,12000.0,0.0
2023-03-25 18:00:00.000000,TechCorp_105,Starter Subscription,Emp_29 SaaS_29,1,50.0,0.0
2023-03-25 14:00:00.000000,TechCorp_160,Starter Subscription,Emp_25 SaaS_25,1,50.0,0.0
2023-03-26 10:00:00.000000,TechCorp_132,Pro Subscription,Emp_0 SaaS_0,1,200.0,0.0
2023-03-26 15:00:00.000000,TechCorp_190,Pro Subscription,Emp_2 SaaS_2,1,200.0,0.0
2023-03-26 14:00:00.000000,TechCorp_254,Pro Subscription,Emp_13 SaaS_13,1,200.0,0.0
2023-03-27 12:00:00.000000,TechCorp_59,Pro Subscription,Emp_21 SaaS_21,1,200.0,0.0
2023-03-27 15:00:00.000000,TechCorp_90,Pro Subscription,Emp_31 SaaS_31,1,200.0,0.0
2023-03-27 17:00:00.000000,TechCorp_97,Enterprise License,Emp_0 SaaS_0,6,12000.0,0.0
2023-03-27 13:00:00.000000,TechCorp_291,Starter Subscription,Emp_13 SaaS_13,1,50.0,0.0
2023-03-28 18:00:00.000000,TechCorp_30,Pro Subscription,Emp_4 SaaS_4,1,200.0,0.0
2023-03-28 13:00:00.000000,TechCorp_145,Starter Subscription,Emp_0 SaaS_0,1,50.0,0.0
2023-03-28 18:00:00.000000,TechCorp_201,Starter Subscription,Emp_2 SaaS_2,1,50.0,0.0
2023-03-29 17:00:00.000000,TechCorp_57,Pro Subscription,Emp_13 SaaS_13,1,200.0,0.0
2023-03-29 11:00:00.000000,TechCorp_294,Pro Subscription,Emp_4 SaaS_4,1,200.0,0.0
2023-03-30 12:00:00.000000,TechCorp_116,Starter Subscription,Emp_21 SaaS_21,1,50.0,0.0
2023-03-30 11:00:00.000000,TechCorp_190,Pro Subscription,Emp_25 SaaS_25,1,200.0,0.0
2023-03-30 15:00:00.000000,TechCorp_254,Pro Subscription,Emp_4 SaaS_4,1,200.0,0.0
2023-03-30 11:00:00.000000,TechCorp_278,Starter Subscription,Emp_21 SaaS_21,1,50.0,0.0
2023-03-31 08:00:00.000000,TechCorp_201,Starter Subscription,Emp_3 SaaS_3,1,50.0,0.0
2023-03-31 17:00:00.000000,TechCorp_224,Pro Subscription,Emp_3 SaaS_3,1,200.0,0.0
2023-03-31 18:00:00.000000,TechCorp_254,Pro Subscription,Emp_6 SaaS_6,1,200.0,0.0
2023-04-01 16:00:00.000000,TechCorp_36,Starter Subscription,Emp_21 SaaS_21,1,50.0,0.0
2023-04-01 18:00:00.000000,TechCorp_105,Starter Subscription,Emp_29 SaaS_29,1,50.0,0.0
2023-04-01 08:00:00.000000,TechCorp_233,Pro Subscription,Emp_25 SaaS_25,1,200.0,0.0
2023-04-02 18:00:00.000000,TechCorp_221,Starter Subscription,Emp_21 SaaS_21,1,50.0,0.0
2023-04-02 17:00:00.000000,TechCorp_232,Starter Subscription,Emp_21 SaaS_21,1,50.0,0.0
2023-04-02 11:00:00.000000,TechCorp_246,Starter Subscription,Emp_29 SaaS_29,1,50.0,0.0
2023-04-02 10:00:00.000000,TechCorp_250,Starter Subscription,Emp_2 SaaS_2,1,50.0,0.0
2023-04-03 09:00:00.000000,TechCorp_145,Starter Subscription,Emp_6 SaaS_6,1,50.0,0.0
2023-04-03 12:00:00.000000,TechCorp_174,Pro Subscription,Emp_4 SaaS_4,1,200.0,0.0
2023-04-04 16:00:00.000000,TechCorp_11,Pro Subscription,Emp_0 SaaS_0,1,200.0,0.0
2023-04-04 13:00:00.000000,TechCorp_79,Pro Subscription,Emp_13 SaaS_13,1,200.0,0.0
2023-04-04 18:00:00.000000,TechCorp_117,Starter Subscription,Emp_4 SaaS_4,1,50.0,0.0
2023-04-04 14:00:00.000000,TechCorp_262,Starter Subscription,Emp_19 SaaS_19,1,50.0,0.0
2023-04-05 09:00:00.000000,TechCorp_8,Starter Subscription,Emp_31 SaaS_31,1,50.0,0.0
2023-04-06 13:00:00.000000,TechCorp_48,Pro Subscription,Emp_12 SaaS_12,1,200.0,0.0
2023-04-06 16:00:00.000000,TechCorp_166,Pro Subscription,Emp_3 SaaS_3,1,200.0,0.0
2023-04-06 15:00:00.000000,TechCorp_174,Pro Subscription,Emp_19 SaaS_19,1,200.0,0.0
2023-04-07 09:00:00.000000,TechCorp_39,Starter Subscription,Emp_6 SaaS_6,1,50.0,0.0
2023-04-07 15:00:00.000000,TechCorp_190,Pro Subscription,Emp_31 SaaS_31,1,200.0,0.0
2023-04-07 16:00:00.000000,TechCorp_245,Starter Subscription,Emp_21 SaaS_21,1,50.0,0.0
2023-04-07 12:00:00.000000,TechCorp_291,Starter Subscription,Emp_25 SaaS_25,1,50.0,0.0
2023-04-08 17:00:00.000000,TechCorp_5,Enterprise License,Emp_3 SaaS_3,8,16000.0,0.0
2023-04-08 18:00:00.000000,TechCorp_201,Starter Subscription,Emp_21 SaaS_21,1,50.0,0.0
2023-04-08 13:00:00.000000,TechCorp_221,Starter Subscription,Emp_25 SaaS_25,1,50.0,0.0
2023-04-09 09:00:00.000000,TechCorp_116,Starter Subscription,Emp_6 SaaS_6,1,50.0,0.0
2023-04-10 08:00:00.000000,TechCorp_12,Pro Subscription,Emp_6 SaaS_6,1,200.0,0.0
2023-04-10 12:00:00.000000,TechCorp_39,Starter Subscription,Emp_21 SaaS_21,1,50.0,0.0
2023-04-10 17:00:00.000000,TechCorp_157,Starter Subscription,Emp_13 SaaS_13,1,50.0,0.0
2023-04-10 18:00:00.000000,TechCorp_224,Pro Subscription,Emp_13 SaaS_13,1,200.0,0.0
2023-04-12 16:00:00.000000,TechCorp_110,Starter Subscription,Emp_6 SaaS_6,1,50.0,0.0
2023-04-12 16:00:00.000000,TechCorp_171,Pro Subscription,Emp_6 SaaS_6,1,200.0,0.0
2023-04-13 13:00:00.000000,TechCorp_39,Starter Subscription,Emp_13 SaaS_13,1,50.0,0.0
2023-04-13 17:00:00.000000,TechCorp_95,Starter Subscription,Emp_25 SaaS_25,1,50.0,0.0
2023-04-13 12:00:00.000000,TechCorp_168,Enterprise License,Emp_13 SaaS_13,1,2000.0,0.0
2023-04-13 09:00:00.000000,TechCorp_291,Starter Subscription,Emp_19 SaaS_19,1,50.0,0.0
2023-04-14 14:00:00.000000,TechCorp_12,Pro Subscription,Emp_21 SaaS_21,1,200.0,0.0
2023-04-14 15:00:00.000000,TechCorp_117,Starter Subscription,Emp_25 SaaS_25,1,50.0,0.0
2023-04-14 10:00:00.000000,TechCorp_221,Starter Subscription,Emp_12 SaaS_12,1,50.0,0.0
2023-04-15 15:00:00.000000,TechCorp_8,Starter Subscription,Emp_4 SaaS_4,1,50.0,0.0
2023-04-15 16:00:00.000000,TechCorp_30,Pro Subscription,Emp_6 SaaS_6,1,200.0,0.0
2023-04-15 10:00:00.000000,TechCorp_39,Starter Subscription,Emp_0 SaaS_0,1,50.0,0.0
2023-04-15 08:00:00.000000,TechCorp_44,Starter Subscription,Emp_29 SaaS_29,1,50.0,0.0
2023-04-15 12:00:00.000000,TechCorp_132,Pro Subscription,Emp_12 SaaS_12,1,200.0,0.0
2023-04-16 15:00:00.000000,TechCorp_5,Enterprise License,Emp_29 SaaS_29,1,2000.0,0.0
2023-04-16 13:00:00.000000,TechCorp_26,Starter Subscription,Emp_21 SaaS_21,1,50.0,0.0
2023-04-16 10:00:00.000000,TechCorp_117,Starter Subscription,Emp_19 SaaS_19,1,50.0,0.0
2023-04-16 17:00:00.000000,TechCorp_171,Pro Subscription,Emp_29 SaaS_29,1,200.0,0.0
2023-04-17 11:00:00.000000,TechCorp_8,Starter Subscription,Emp_2 SaaS_2,1,50.0,0.0
2023-04-17 15:00:00.000000,TechCorp_12,Pro Subscription,Emp_21 SaaS_21,1,200.0,0.0
2023-04-17 14:00:00.000000,TechCorp_58,Starter Subscription,Emp_31 SaaS_31,1,50.0,0.0
2023-04-17 17:00:00.000000,TechCorp_79,Pro Subscription,Emp_2 SaaS_2,1,200.0,0.0
2023-04-17 12:00:00.000000,TechCorp_116,Starter Subscription,Emp_29 SaaS_29,1,50.0,0.0
2023-04-17 17:00:00.000000,TechCorp_157,Starter Subscription,Emp_21 SaaS_21,1,50.0,0.0
2023-04-18 15:00:00.000000,TechCorp_95,Starter Subscription,Emp_2 SaaS_2,1,50.0,0.0
2023-04-19 10:00:00.000000,TechCorp_30,Pro Subscription,Emp_29 SaaS_29,1,200.0,0.0
2023-04-19 14:00:00.000000,TechCorp_97,Enterprise License,Emp_3 SaaS_3,9,18000.0,0.0
2023-04-19 16:00:00.000000,TechCorp_129,Starter Subscription,Emp_12 SaaS_12,1,50.0,0.0
2023-04-19 14:00:00.000000,TechCorp_149,Starter Subscription,Emp_31 SaaS_31,1,50.0,0.0
2023-04-19 18:00:00.000000,TechCorp_221,Starter Subscription,Emp_0 SaaS_0,1,50.0,0.0
2023-04-20 11:00:00.000000,TechCorp_5,Enterprise License,Emp_31 SaaS_31,8,16000.0,0.0
2023-04-20 17:00:00.000000,TechCorp_166,Pro Subscription,Emp_31 SaaS_31,1,200.0,0.0
2023-04-20 15:00:00.000000,TechCorp_224,Pro Subscription,Emp_2 SaaS_2,1,200.0,0.0
2023-04-21 09:00:00.000000,TechCorp_8,Starter Subscription,Emp_3 SaaS_3,1,50.0,0.0
2023-04-21 08:00:00.000000,TechCorp_254,Pro Subscription,Emp_2 SaaS_2,1,200.0,0.0
2023-04-21 09:00:00.000000,TechCorp_255,Starter Subscription,Emp_21 SaaS_21,1,50.0,0.0
2023-04-21 09:00:00.000000,TechCorp_291,Starter Subscription,Emp_0 SaaS_0,1,50.0,0.0
2023-04-23 14:00:00.000000,TechCorp_75,Starter Subscription,Emp_29 SaaS_29,1,50.0,0.0
2023-04-23 13:00:00.000000,TechCorp_168,Enterprise License,Emp_31 SaaS_31,1,2000.0,0.0
2023-04-23 09:00:00.000000,TechCorp_171,Pro Subscription,Emp_4 SaaS_4,1,200.0,0.0
2023-04-23 10:00:00.000000,TechCorp_232,Starter Subscription,Emp_19 SaaS_19,1,50.0,0.0
2023-04-23 18:00:00.000000,TechCorp_250,Starter Subscription,Emp_3 SaaS_3,1,50.0,0.0
2023-04-23 18:00:00.000000,TechCorp_254,Pro Subscription,Emp_0 SaaS_0,1,200.0,0.0
2023-04-24 10:00:00.000000,TechCorp_40,Pro Subscription,Emp_12 SaaS_12,1,200.0,0.0
2023-04-24 09:00:00.000000,TechCorp_129,Starter Subscription,Emp_31 SaaS_31,1,50.0,0.0
2023-04-24 10:00:00.000000,TechCorp_174,Pro Subscription,Emp_31 SaaS_31,1,200.0,0.0
2023-04-24 11:00:00.000000,TechCorp_221,Starter Subscription,Emp_4 SaaS_4,1,50.0,0.0
2023-04-25 12:00:00.000000,TechCorp_5,Enterprise License,Emp_4 SaaS_4,6,12000.0,0.0
2023-04-25 08:00:00.000000,TechCorp_24,Starter Subscription,Emp_21 SaaS_21,1,50.0,0.0
2023-04-26 08:00:00.000000,TechCorp_8,Starter Subscription,Emp_0 SaaS_0,1,50.0,0.0
2023-04-26 18:00:00.000000,TechCorp_72,Starter Subscription,Emp_6 SaaS_6,1,50.0,0.0
2023-04-26 18:00:00.000000,TechCorp_129,Starter Subscription,Emp_2 SaaS_2,1,50.0,0.0
2023-04-26 13:00:00.000000,TechCorp_224,Pro Subscription,Emp_3 SaaS_3,1,200.0,0.0
2023-04-27 14:00:00.000000,TechCorp_117,Starter Subscription,Emp_29 SaaS_29,1,50.0,0.0
2023-04-27 13:00:00.000000,TechCorp_254,Pro Subscription,Emp_6 SaaS_6,1,200.0,0.0
2023-04-28 13:00:00.000000,TechCorp_8,Starter Subscription,Emp_25 SaaS_25,1,50.0,0.0
2023-04-28 13:00:00.000000,TechCorp_20,Pro Subscription,Emp_12 SaaS_12,1,200.0,0.0
2023-04-28 15:00:00.000000,TechCorp_38,Pro Subscription,Emp_3 SaaS_3,1,200.0,0.0
2023-04-28 18:00:00.000000,TechCorp_121,Pro Subscription,Emp_21 SaaS_21,1,200.0,0.0
2023-04-28 17:00:00.000000,TechCorp_132,Pro Subscription,Emp_4 SaaS_4,1,200.0,0.0
2023-04-28 16:00:00.000000,TechCorp_166,Pro Subscription,Emp_19 SaaS_19,1,200.0,0.0
2023-04-28 13:00:00.000000,TechCorp_246,Starter Subscription,Emp_12 SaaS_12,1,50.0,0.0
2023-04-29 18:00:00.000000,TechCorp_36,Starter Subscription,Emp_6 SaaS_6,1,50.0,0.0
2023-04-29 12:00:00.000000,TechCorp_72,Starter Subscription,Emp_25 SaaS_25,1,50.0,0.0
2023-04-29 08:00:00.000000,TechCorp_90,Pro Subscription,Emp_3 SaaS_3,1,200.0,0.0
2023-04-30 16:00:00.000000,TechCorp_26,Starter Subscription,Emp_6 SaaS_6,1,50.0,0.0
2023-04-30 09:00:00.000000,TechCorp_151,Starter Subscription,Emp_4 SaaS_4,1,50.0,0.0
2023-04-30 15:00:00.000000,TechCorp_190,Pro Subscription,Emp_13 SaaS_13,1,200.0,0.0
2023-04-30 09:00:00.000000,TechCorp_201,Starter Subscription,Emp_0 SaaS_0,1,50.0,0.0
2023-05-01 11:00:00.000000,TechCorp_20,Pro Subscription,Emp_31 SaaS_31,1,200.0,0.0
2023-05-01 13:00:00.000000,TechCorp_121,Pro Subscription,Emp_19 SaaS_19,1,200.0,0.0
2023-05-02 14:00:00.000000,TechCorp_150,Starter Subscription,Emp_2 SaaS_2,1,50.0,0.0
2023-05-02 16:00:00.000000,TechCorp_160,Starter Subscription,Emp_29 SaaS_29,1,50.0,0.0
2023-05-02 08:00:00.000000,TechCorp_288,Pro Subscription,Emp_3 SaaS_3,1,200.0,0.0
2023-05-03 13:00:00.000000,TechCorp_40,Pro Subscription,Emp_0 SaaS_0,1,200.0,0.0
2023-05-03 17:00:00.000000,TechCorp_157,Starter Subscription,Emp_13 SaaS_13,1,50.0,0.0
2023-05-04 12:00:00.000000,TechCorp_104,Starter Subscription,Emp_19 SaaS_19,1,50.0,0.0
2023-05-04 12:00:00.000000,TechCorp_132,Pro Subscription,Emp_29 SaaS_29,1,200.0,0.0
2023-05-04 15:00:00.000000,TechCorp_150,Starter Subscription,Emp_0 SaaS_0,1,50.0,0.0
2023-05-05 18:00:00.000000,TechCorp_58,Starter Subscription,Emp_0 SaaS_0,1,50.0,0.0
2023-05-05 15:00:00.000000,TechCorp_168,Enterprise License,Emp_19 SaaS_19,2,4000.0,0.0
2023-05-05 11:00:00.000000,TechCorp_284,Starter Subscription,Emp_29 SaaS_29,1,50.0,0.0
2023-05-06 08:00:00.000000,TechCorp_58,Starter Subscription,Emp_21 SaaS_21,1,50.0,0.0
2023-05-06 10:00:00.000000,TechCorp_254,Pro Subscription,Emp_12 SaaS_12,1,200.0,0.0
2023-05-07 16:00:00.000000,TechCorp_23,Pro Subscription,Emp_25 SaaS_25,1,200.0,0.0
2023-05-07 10:00:00.000000,TechCorp_38,Pro Subscription,Emp_6 SaaS_6,1,200.0,0.0
2023-05-07 17:00:00.000000,TechCorp_291,Starter Subscription,Emp_3 SaaS_3,1,50.0,0.0
2023-05-08 18:00:00.000000,TechCorp_11,Pro Subscription,Emp_29 SaaS_29,1,200.0,0.0
2023-05-08 15:00:00.000000,TechCorp_24,Starter Subscription,Emp_31 SaaS_31,1,50.0,0.0
2023-05-08 08:00:00.000000,TechCorp_36,Starter Subscription,Emp_29 SaaS_29,1,50.0,0.0
2023-05-08 11:00:00.000000,TechCorp_110,Starter Subscription,Emp_3 SaaS_3,1,50.0,0.0
2023-05-09 18:00:00.000000,TechCorp_39,Starter Subscription,Emp_19 SaaS_19,1,50.0,0.0
2023-05-09 09:00:00.000000,TechCorp_121,Pro Subscription,Emp_0 SaaS_0,1,200.0,0.0
2023-05-09 09:00:00.000000,TechCorp_190,Pro Subscription,Emp_0 SaaS_0,1,200.0,0.0
2023-05-09 15:00:00.000000,TechCorp_217,Starter Subscription,Emp_29 SaaS_29,1,50.0,0.0
2023-05-09 15:00:00.000000,TechCorp_291,Starter Subscription,Emp_25 SaaS_25,1,50.0,0.0
2023-05-10 14:00:00.000000,TechCorp_27,Pro Subscription,Emp_19 SaaS_19,1,200.0,0.0
2023-05-10 17:00:00.000000,TechCorp_48,Pro Subscription,Emp_12 SaaS_12,1,200.0,0.0
2023-05-11 15:00:00.000000,TechCorp_132,Pro Subscription,Emp_12 SaaS_12,1,200.0,0.0
2023-05-11 18:00:00.000000,TechCorp_278,Starter Subscription,Emp_3 SaaS_3,1,50.0,0.0
2023-05-12 12:00:00.000000,TechCorp_23,Pro Subscription,Emp_21 SaaS_21,1,200.0,0.0
2023-05-12 16:00:00.000000,TechCorp_110,Starter Subscription,Emp_25 SaaS_25,1,50.0,0.0
2023-05-12 11:00:00.000000,TechCorp_168,Enterprise License,Emp_31 SaaS_31,6,12000.0,0.0
2023-05-13 09:00:00.000000,TechCorp_97,Enterprise License,Emp_12 SaaS_12,3,6000.0,0.0
2023-05-13 10:00:00.000000,TechCorp_116,Starter Subscription,Emp_3 SaaS_3,1,50.0,0.0
2023-05-13 16:00:00.000000,TechCorp_151,Starter Subscription,Emp_12 SaaS_12,1,50.0,0.0
2023-05-13 15:00:00.000000,TechCorp_156,Starter Subscription,Emp_25 SaaS_25,1,50.0,0.0
2023-05-13 18:00:00.000000,TechCorp_254,Pro Subscription,Emp_19 SaaS_19,1,200.0,0.0
2023-05-14 11:00:00.000000,TechCorp_30,Pro Subscription,Emp_4 SaaS_4,1,200.0,0.0
2023-05-14 16:00:00.000000,TechCorp_75,Starter Subscription,Emp_12 SaaS_12,1,50.0,0.0
2023-05-14 18:00:00.000000,TechCorp_221,Starter Subscription,Emp_4 SaaS_4,1,50.0,0.0
2023-05-14 16:00:00.000000,TechCorp_232,Starter Subscription,Emp_25 SaaS_25,1,50.0,0.0
2023-05-15 15:00:00.000000,TechCorp_8,Starter Subscription,Emp_25 SaaS_25,1,50.0,0.0
2023-05-15 12:00:00.000000,TechCorp_13,Enterprise License,Emp_25 SaaS_25,8,16000.0,0.0
2023-05-15 08:00:00.000000,TechCorp_145,Starter Subscription,Emp_29 SaaS_29,1,50.0,0.0
2023-05-15 08:00:00.000000,TechCorp_250,Starter Subscription,Emp_6 SaaS_6,1,50.0,0.0
2023-05-16 18:00:00.000000,TechCorp_11,Pro Subscription,Emp_13 SaaS_13,1,200.0,0.0
2023-05-16 18:00:00.000000,TechCorp_58,Starter Subscription,Emp_21 SaaS_21,1,50.0,0.0
2023-05-16 14:00:00.000000,TechCorp_76,Starter Subscription,Emp_29 SaaS_29,1,50.0,0.0
2023-05-16 11:00:00.000000,TechCorp_117,Starter Subscription,Emp_0 SaaS_0,1,50.0,0.0
2023-05-16 11:00:00.000000,TechCorp_145,Starter Subscription,Emp_12 SaaS_12,1,50.0,0.0
2023-05-16 11:00:00.000000,TechCorp_151,Starter Subscription,Emp_31 SaaS_31,1,50.0,0.0
2023-05-16 13:00:00.000000,TechCorp_288,Pro Subscription,Emp_31 SaaS_31,1,200.0,0.0
2023-05-17 14:00:00.000000,TechCorp_30,Pro Subscription,Emp_19 SaaS_19,1,200.0,0.0
2023-05-17 17:00:00.000000,TechCorp_157,Starter Subscription,Emp_29 SaaS_29,1,50.0,0.0
2023-05-17 11:00:00.000000,TechCorp_284,Starter Subscription,Emp_0 SaaS_0,1,50.0,0.0
2023-05-18 08:00:00.000000,TechCorp_18,Pro Subscription,Emp_2 SaaS_2,1,200.0,0.0
2023-05-19 16:00:00.000000,TechCorp_58,Starter Subscription,Emp_25 SaaS_25,1,50.0,0.0
2023-05-19 15:00:00.000000,TechCorp_90,Pro Subscription,Emp_4 SaaS_4,1,200.0,0.0
2023-05-19 18:00:00.000000,TechCorp_233,Pro Subscription,Emp_21 SaaS_21,1,200.0,0.0
2023-05-20 17:00:00.000000,TechCorp_13,Enterprise License,Emp_3 SaaS_3,3,6000.0,0.0
2023-05-20 10:00:00.000000,TechCorp_44,Starter Subscription,Emp_3 SaaS_3,1,50.0,0.0
2023-05-20 11:00:00.000000,TechCorp_132,Pro Subscription,Emp_2 SaaS_2,1,200.0,0.0
2023-05-20 13:00:00.000000,TechCorp_160,Starter Subscription,Emp_13 SaaS_13,1,50.0,0.0
2023-05-21 10:00:00.000000,TechCorp_44,Starter Subscription,Emp_6 SaaS_6,1,50.0,0.0
2023-05-21 08:00:00.000000,TechCorp_116,Starter Subscription,Emp_2 SaaS_2,1,50.0,0.0
2023-05-21 12:00:00.000000,TechCorp_150,Starter Subscription,Emp_2 SaaS_2,1,50.0,0.0
2023-05-21 12:00:00.000000,TechCorp_233,Pro Subscription,Emp_3 SaaS_3,1,200.0,0.0
2023-05-21 18:00:00.000000,TechCorp_261,Pro Subscription,Emp_21 SaaS_21,1,200.0,0.0
2023-05-21 14:00:00.000000,TechCorp_295,Starter Subscription,Emp_4 SaaS_4,1,50.0,0.0
2023-05-22 17:00:00.000000,TechCorp_291,Starter Subscription,Emp_19 SaaS_19,1,50.0,0.0
2023-05-23 13:00:00.000000,TechCorp_14,Pro Subscription,Emp_12 SaaS_12,1,200.0,0.0
2023-05-23 15:00:00.000000,TechCorp_40,Pro Subscription,Emp_2 SaaS_2,1,200.0,0.0
2023-05-23 16:00:00.000000,TechCorp_246,Starter Subscription,Emp_31 SaaS_31,1,50.0,0.0
2023-05-23 09:00:00.000000,TechCorp_294,Pro Subscription,Emp_13 SaaS_13,1,200.0,0.0
2023-05-24 18:00:00.000000,TechCorp_38,Pro Subscription,Emp_29 SaaS_29,1,200.0,0.0
2023-05-24 15:00:00.000000,TechCorp_168,Enterprise License,Emp_0 SaaS_0,3,6000.0,0.0
2023-05-25 12:00:00.000000,TechCorp_12,Pro Subscription,Emp_0 SaaS_0,1,200.0,0.0
2023-05-25 11:00:00.000000,TechCorp_18,Pro Subscription,Emp_21 SaaS_21,1,200.0,0.0
2023-05-25 14:00:00.000000,TechCorp_76,Starter Subscription,Emp_31 SaaS_31,1,50.0,0.0
2023-05-25 09:00:00.000000,TechCorp_91,Starter Subscription,Emp_21 SaaS_21,1,50.0,0.0
2023-05-25 13:00:00.000000,TechCorp_145,Starter Subscription,Emp_0 SaaS_0,1,50.0,0.0
2023-05-25 15:00:00.000000,TechCorp_233,Pro Subscription,Emp_2 SaaS_2,1,200.0,0.0
2023-05-26 08:00:00.000000,TechCorp_117,Starter Subscription,Emp_25 SaaS_25,1,50.0,0.0
2023-05-27 17:00:00.000000,TechCorp_104,Starter Subscription,Emp_2 SaaS_2,1,50.0,0.0
2023-05-27 11:00:00.000000,TechCorp_166,Pro Subscription,Emp_13 SaaS_13,1,200.0,0.0
2023-05-27 17:00:00.000000,TechCorp_259,Starter Subscription,Emp_25 SaaS_25,1,50.0,0.0
2023-05-28 15:00:00.000000,TechCorp_57,Pro Subscription,Emp_12 SaaS_12,1,200.0,0.0
2023-05-28 09:00:00.000000,TechCorp_79,Pro Subscription,Emp_21 SaaS_21,1,200.0,0.0
2023-05-28 16:00:00.000000,TechCorp_105,Starter Subscription,Emp_6 SaaS_6,1,50.0,0.0
2023-05-28 17:00:00.000000,TechCorp_294,Pro Subscription,Emp_4 SaaS_4,1,200.0,0.0
2023-05-29 14:00:00.000000,TechCorp_23,Pro Subscription,Emp_4 SaaS_4,1,200.0,0.0
2023-05-29 16:00:00.000000,TechCorp_105,Starter Subscription,Emp_31 SaaS_31,1,50.0,0.0
2023-05-30 15:00:00.000000,TechCorp_129,Starter Subscription,Emp_25 SaaS_25,1,50.0,0.0
2023-05-30 15:00:00.000000,TechCorp_145,Starter Subscription,Emp_12 SaaS_12,1,50.0,0.0
2023-05-30 14:00:00.000000,TechCorp_156,Starter Subscription,Emp_19 SaaS_19,1,50.0,0.0
2023-05-30 18:00:00.000000,TechCorp_171,Pro Subscription,Emp_6 SaaS_6,1,200.0,0.0
2023-05-30 14:00:00.000000,TechCorp_254,Pro Subscription,Emp_13 SaaS_13,1,200.0,0.0
2023-05-31 10:00:00.000000,TechCorp_24,Starter Subscription,Emp_12 SaaS_12,1,50.0,0.0
2023-05-31 11:00:00.000000,TechCorp_138,Starter Subscription,Emp_3 SaaS_3,1,50.0,0.0
2023-05-31 08:00:00.000000,TechCorp_214,Starter Subscription,Emp_0 SaaS_0,1,50.0,0.0
2023-05-31 16:00:00.000000,TechCorp_255,Starter Subscription,Emp_3 SaaS_3,1,50.0,0.0
2023-06-01 11:00:00.000000,TechCorp_39,Starter Subscription,Emp_13 SaaS_13,1,50.0,0.0
2023-06-01 17:00:00.000000,TechCorp_95,Starter Subscription,Emp_6 SaaS_6,1,50.0,0.0
2023-06-01 17:00:00.000000,TechCorp_105,Starter Subscription,Emp_0 SaaS_0,1,50.0,0.0
2023-06-01 11:00:00.000000,TechCorp_221,Starter Subscription,Emp_6 SaaS_6,1,50.0,0.0
2023-06-01 10:00:00.000000,TechCorp_224,Pro Subscription,Emp_6 SaaS_6,1,200.0,0.0
2023-06-01 13:00:00.000000,TechCorp_254,Pro Subscription,Emp_29 SaaS_29,1,200.0,0.0
2023-06-02 10:00:00.000000,TechCorp_110,Starter Subscription,Emp_3 SaaS_3,1,50.0,0.0
2023-06-02 09:00:00.000000,TechCorp_153,Pro Subscription,Emp_13 SaaS_13,1,200.0,0.0
2023-06-02 18:00:00.000000,TechCorp_160,Starter Subscription,Emp_0 SaaS_0,1,50.0,0.0
2023-06-02 09:00:00.000000,TechCorp_182,Starter Subscription,Emp_21 SaaS_21,1,50.0,0.0
2023-06-02 14:00:00.000000,TechCorp_288,Pro Subscription,Emp_13 SaaS_13,1,200.0,0.0
2023-06-03 10:00:00.000000,TechCorp_95,Starter Subscription,Emp_29 SaaS_29,1,50.0,0.0
2023-06-04 14:00:00.000000,TechCorp_44,Starter Subscription,Emp_3 SaaS_3,1,50.0,0.0
2023-06-04 09:00:00.000000,TechCorp_90,Pro Subscription,Emp_3 SaaS_3,1,200.0,0.0
2023-06-04 12:00:00.000000,TechCorp_255,Starter Subscription,Emp_4 SaaS_4,1,50.0,0.0
2023-06-04 12:00:00.000000,TechCorp_262,Starter Subscription,Emp_2 SaaS_2,1,50.0,0.0
2023-06-04 13:00:00.000000,TechCorp_294,Pro Subscription,Emp_2 SaaS_2,1,200.0,0.0
2023-06-05 12:00:00.000000,TechCorp_255,Starter Subscription,Emp_13 SaaS_13,1,50.0,0.0
2023-06-06 18:00:00.000000,TechCorp_8,Starter Subscription,Emp_0 SaaS_0,1,50.0,0.0
2023-06-06 09:00:00.000000,TechCorp_14,Pro Subscription,Emp_6 SaaS_6,1,200.0,0.0
2023-06-06 18:00:00.000000,TechCorp_149,Starter Subscription,Emp_13 SaaS_13,1,50.0,0.0
2023-06-06 17:00:00.000000,TechCorp_246,Starter Subscription,Emp_4 SaaS_4,1,50.0,0.0
2023-06-07 15:00:00.000000,TechCorp_12,Pro Subscription,Emp_3 SaaS_3,1,200.0,0.0
2023-06-07 11:00:00.000000,TechCorp_24,Starter Subscription,Emp_13 SaaS_13,1,50.0,0.0
2023-06-07 14:00:00.000000,TechCorp_153,Pro Subscription,Emp_2 SaaS_2,1,200.0,0.0
2023-06-07 14:00:00.000000,TechCorp_168,Enterprise License,Emp_4 SaaS_4,5,10000.0,0.0
2023-06-07 13:00:00.000000,TechCorp_233,Pro Subscription,Emp_4 SaaS_4,1,200.0,0.0
2023-06-07 14:00:00.000000,TechCorp_262,Starter Subscription,Emp_0 SaaS_0,1,50.0,0.0
2023-06-07 10:00:00.000000,TechCorp_278,Starter Subscription,Emp_12 SaaS_12,1,50.0,0.0
2023-06-08 08:00:00.000000,TechCorp_79,Pro Subscription,Emp_29 SaaS_29,1,200.0,0.0
2023-06-08 10:00:00.000000,TechCorp_104,Starter Subscription,Emp_19 SaaS_19,1,50.0,0.0
2023-06-08 17:00:00.000000,TechCorp_153,Pro Subscription,Emp_2 SaaS_2,1,200.0,0.0
2023-06-08 16:00:00.000000,TechCorp_291,Starter Subscription,Emp_31 SaaS_31,1,50.0,0.0
2023-06-09 10:00:00.000000,TechCorp_14,Pro Subscription,Emp_4 SaaS_4,1,200.0,0.0
2023-06-09 08:00:00.000000,TechCorp_201,Starter Subscription,Emp_31 SaaS_31,1,50.0,0.0
2023-06-10 18:00:00.000000,TechCorp_44,Starter Subscription,Emp_0 SaaS_0,1,50.0,0.0
2023-06-10 08:00:00.000000,TechCorp_116,Starter Subscription,Emp_0 SaaS_0,1,50.0,0.0
2023-06-10 08:00:00.000000,TechCorp_152,Pro Subscription,Emp_6 SaaS_6,1,200.0,0.0
2023-06-10 08:00:00.000000,TechCorp_156,Starter Subscription,Emp_6 SaaS_6,1,50.0,0.0
2023-06-11 18:00:00.000000,TechCorp_95,Starter Subscription,Emp_21 SaaS_21,1,50.0,0.0
2023-06-11 12:00:00.000000,TechCorp_174,Pro Subscription,Emp_4 SaaS_4,1,200.0,0.0
2023-06-12 14:00:00.000000,TechCorp_5,Enterprise License,Emp_12 SaaS_12,8,16000.0,0.0
2023-06-12 12:00:00.000000,TechCorp_8,Starter Subscription,Emp_2 SaaS_2,1,50.0,0.0
2023-06-12 15:00:00.000000,TechCorp_13,Enterprise License,Emp_25 SaaS_25,6,12000.0,0.0
2023-06-12 11:00:00.000000,TechCorp_14,Pro Subscription,Emp_19 SaaS_19,1,200.0,0.0
2023-06-12 13:00:00.000000,TechCorp_72,Starter Subscription,Emp_6 SaaS_6,1,50.0,0.0
2023-06-12 14:00:00.000000,TechCorp_104,Starter Subscription,Emp_4 SaaS_4,1,50.0,0.0
2023-06-12 16:00:00.000000,TechCorp_188,Pro Subscription,Emp_31 SaaS_31,1,200.0,0.0
2023-06-12 08:00:00.000000,TechCorp_278,Starter Subscription,Emp_4 SaaS_4,1,50.0,0.0
2023-06-13 16:00:00.000000,TechCorp_156,Starter Subscription,Emp_0 SaaS_0,1,50.0,0.0
2023-06-13 16:00:00.000000,TechCorp_221,Starter Subscription,Emp_19 SaaS_19,1,50.0,0.0
2023-06-14 16:00:00.000000,TechCorp_38,Pro Subscription,Emp_19 SaaS_19,1,200.0,0.0
2023-06-14 10:00:00.000000,TechCorp_86,Starter Subscription,Emp_31 SaaS_31,1,50.0,0.0
2023-06-14 15:00:00.000000,TechCorp_146,Starter Subscription,Emp_2 SaaS_2,1,50.0,0.0
2023-06-14 12:00:00.000000,TechCorp_150,Starter Subscription,Emp_0 SaaS_0,1,50.0,0.0
2023-06-14 13:00:00.000000,TechCorp_156,Starter Subscription,Emp_3 SaaS_3,1,50.0,0.0
2023-06-16 14:00:00.000000,TechCorp_13,Enterprise License,Emp_6 SaaS_6,6,12000.0,0.0
2023-06-16 11:00:00.000000,TechCorp_121,Pro Subscription,Emp_21 SaaS_21,1,200.0,0.0
2023-06-16 15:00:00.000000,TechCorp_138,Starter Subscription,Emp_0 SaaS_0,1,50.0,0.0
2023-06-16 14:00:00.000000,TechCorp_171,Pro Subscription,Emp_31 SaaS_31,1,200.0,0.0
2023-06-16 08:00:00.000000,TechCorp_190,Pro Subscription,Emp_31 SaaS_31,1,200.0,0.0
2023-06-17 15:00:00.000000,TechCorp_46,Enterprise License,Emp_29 SaaS_29,4,8000.0,0.0
2023-06-17 08:00:00.000000,TechCorp_58,Starter Subscription,Emp_6 SaaS_6,1,50.0,0.0
2023-06-17 11:00:00.000000,TechCorp_92,Pro Subscription,Emp_13 SaaS_13,1,200.0,0.0
2023-06-17 17:00:00.000000,TechCorp_117,Starter Subscription,Emp_12 SaaS_12,1,50.0,0.0
2023-06-17 18:00:00.000000,TechCorp_217,Starter Subscription,Emp_6 SaaS_6,1,50.0,0.0
2023-06-18 09:00:00.000000,TechCorp_39,Starter Subscription,Emp_29 SaaS_29,1,50.0,0.0
2023-06-18 18:00:00.000000,TechCorp_40,Pro Subscription,Emp_21 SaaS_21,1,200.0,0.0
2023-06-18 11:00:00.000000,TechCorp_48,Pro Subscription,Emp_0 SaaS_0,1,200.0,0.0
2023-06-18 13:00:00.000000,TechCorp_69,Pro Subscription,Emp_21 SaaS_21,1,200.0,0.0
2023-06-18 10:00:00.000000,TechCorp_149,Starter Subscription,Emp_25 SaaS_25,1,50.0,0.0
2023-06-18 17:00:00.000000,TechCorp_150,Starter Subscription,Emp_4 SaaS_4,1,50.0,0.0
2023-06-18 10:00:00.000000,TechCorp_167,Pro Subscription,Emp_13 SaaS_13,1,200.0,0.0
2023-06-19 10:00:00.000000,TechCorp_104,Starter Subscription,Emp_2 SaaS_2,1,50.0,0.0
2023-06-19 13:00:00.000000,TechCorp_151,Starter Subscription,Emp_19 SaaS_19,1,50.0,0.0
2023-06-19 17:00:00.000000,TechCorp_188,Pro Subscription,Emp_12 SaaS_12,1,200.0,0.0
2023-06-19 16:00:00.000000,TechCorp_235,Enterprise License,Emp_25 SaaS_25,9,18000.0,0.0
2023-06-19 11:00:00.000000,TechCorp_262,Starter Subscription,Emp_13 SaaS_13,1,50.0,0.0
2023-06-20 08:00:00.000000,TechCorp_27,Pro Subscription,Emp_21 SaaS_21,1,200.0,0.0
2023-06-20 09:00:00.000000,TechCorp_145,Starter Subscription,Emp_31 SaaS_31,1,50.0,0.0
2023-06-20 18:00:00.000000,TechCorp_153,Pro Subscription,Emp_29 SaaS_29,1,200.0,0.0
2023-06-20 10:00:00.000000,TechCorp_156,Starter Subscription,Emp_25 SaaS_25,1,50.0,0.0
2023-06-20 09:00:00.000000,TechCorp_214,Starter Subscription,Emp_19 SaaS_19,1,50.0,0.0
2023-06-21 08:00:00.000000,TechCorp_132,Pro Subscription,Emp_13 SaaS_13,1,200.0,0.0
2023-06-21 08:00:00.000000,TechCorp_188,Pro Subscription,Emp_21 SaaS_21,1,200.0,0.0
2023-06-21 16:00:00.000000,TechCorp_278,Starter Subscription,Emp_25 SaaS_25,1,50.0,0.0
2023-06-22 11:00:00.000000,TechCorp_72,Starter Subscription,Emp_19 SaaS_19,1,50.0,0.0
2023-06-22 11:00:00.000000,TechCorp_152,Pro Subscription,Emp_21 SaaS_21,1,200.0,0.0
2023-06-22 15:00:00.000000,TechCorp_226,Enterprise License,Emp_3 SaaS_3,7,14000.0,0.0
2023-06-22 09:00:00.000000,TechCorp_250,Starter Subscription,Emp_13 SaaS_13,1,50.0,0.0
2023-06-23 11:00:00.000000,TechCorp_38,Pro Subscription,Emp_4 SaaS_4,1,200.0,0.0
2023-06-24 15:00:00.000000,TechCorp_5,Enterprise License,Emp_29 SaaS_29,6,12000.0,0.0
2023-06-24 12:00:00.000000,TechCorp_48,Pro Subscription,Emp_0 SaaS_0,1,200.0,0.0
2023-06-24 15:00:00.000000,TechCorp_86,Starter Subscription,Emp_25 SaaS_25,1,50.0,0.0
2023-06-24 08:00:00.000000,TechCorp_105,Starter Subscription,Emp_25 SaaS_25,1,50.0,0.0
2023-06-24 18:00:00.000000,TechCorp_153,Pro Subscription,Emp_12 SaaS_12,1,200.0,0.0
2023-06-24 18:00:00.000000,TechCorp_167,Pro Subscription,Emp_13 SaaS_13,1,200.0,0.0
2023-06-24 17:00:00.000000,TechCorp_214,Starter Subscription,Emp_4 SaaS_4,1,50.0,0.0
2023-06-24 10:00:00.000000,TechCorp_288,Pro Subscription,Emp_0 SaaS_0,1,200.0,0.0
2023-06-25 17:00:00.000000,TechCorp_76,Starter Subscription,Emp_13 SaaS_13,1,50.0,0.0
2023-06-25 11:00:00.000000,TechCorp_250,Starter Subscription,Emp_21 SaaS_21,1,50.0,0.0
2023-06-26 10:00:00.000000,TechCorp_58,Starter Subscription,Emp_12 SaaS_12,1,50.0,0.0
2023-06-26 17:00:00.000000,TechCorp_138,Starter Subscription,Emp_3 SaaS_3,1,50.0,0.0
2023-06-26 14:00:00.000000,TechCorp_190,Pro Subscription,Emp_3 SaaS_3,1,200.0,0.0
2023-06-26 10:00:00.000000,TechCorp_235,Enterprise License,Emp_25 SaaS_25,6,12000.0,0.0
2023-06-26 18:00:00.000000,TechCorp_250,Starter Subscription,Emp_29 SaaS_29,1,50.0,0.0
2023-06-27 08:00:00.000000,TechCorp_33,Enterprise License,Emp_2 SaaS_2,5,10000.0,0.0
2023-06-27 12:00:00.000000,TechCorp_58,Starter Subscription,Emp_3 SaaS_3,1,50.0,0.0
2023-06-27 09:00:00.000000,TechCorp_76,Starter Subscription,Emp_12 SaaS_12,1,50.0,0.0
2023-06-27 13:00:00.000000,TechCorp_138,Starter Subscription,Emp_12 SaaS_12,1,50.0,0.0
2023-06-27 17:00:00.000000,TechCorp_145,Starter Subscription,Emp_31 SaaS_31,1,50.0,0.0
2023-06-27 12:00:00.000000,TechCorp_160,Starter Subscription,Emp_31 SaaS_31,1,50.0,0.0
2023-06-27 14:00:00.000000,TechCorp_262,Starter Subscription,Emp_29 SaaS_29,1,50.0,0.0
2023-06-27 13:00:00.000000,TechCorp_294,Pro Subscription,Emp_4 SaaS_4,1,200.0,0.0
2023-06-28 13:00:00.000000,TechCorp_14,Pro Subscription,Emp_12 SaaS_12,1,200.0,0.0
2023-06-28 17:00:00.000000,TechCorp_39,Starter Subscription,Emp_2 SaaS_2,1,50.0,0.0
2023-06-28 17:00:00.000000,TechCorp_75,Starter Subscription,Emp_25 SaaS_25,1,50.0,0.0
2023-06-28 12:00:00.000000,TechCorp_91,Starter Subscription,Emp_21 SaaS_21,1,50.0,0.0
2023-06-28 13:00:00.000000,TechCorp_214,Starter Subscription,Emp_19 SaaS_19,1,50.0,0.0
2023-06-28 11:00:00.000000,TechCorp_242,Starter Subscription,Emp_3 SaaS_3,1,50.0,0.0
2023-06-28 17:00:00.000000,TechCorp_262,Starter Subscription,Emp_4 SaaS_4,1,50.0,0.0
2023-06-28 17:00:00.000000,TechCorp_288,Pro Subscription,Emp_29 SaaS_29,1,200.0,0.0
2023-06-29 17:00:00.000000,TechCorp_23,Pro Subscription,Emp_19 SaaS_19,1,200.0,0.0
2023-06-29 14:00:00.000000,TechCorp_129,Starter Subscription,Emp_31 SaaS_31,1,50.0,0.0
2023-06-29 10:00:00.000000,TechCorp_224,Pro Subscription,Emp_3 SaaS_3,1,200.0,0.0
2023-06-29 13:00:00.000000,TechCorp_232,Starter Subscription,Emp_25 SaaS_25,1,50.0,0.0
2023-06-29 11:00:00.000000,TechCorp_288,Pro Subscription,Emp_25 SaaS_25,1,200.0,0.0
2023-06-30 09:00:00.000000,TechCorp_39,Starter Subscription,Emp_12 SaaS_12,1,50.0,0.0
2023-06-30 16:00:00.000000,TechCorp_75,Starter Subscription,Emp_4 SaaS_4,1,50.0,0.0
2023-06-30 18:00:00.000000,TechCorp_86,Starter Subscription,Emp_2 SaaS_2,1,50.0,0.0
2023-06-30 14:00:00.000000,TechCorp_232,Starter Subscription,Emp_2 SaaS_2,1,50.0,0.0
2023-07-01 16:00:00.000000,TechCorp_12,Pro Subscription,Emp_19 SaaS_19,1,200.0,0.0
2023-07-01 14:00:00.000000,TechCorp_149,Starter Subscription,Emp_0 SaaS_0,1,50.0,0.0
2023-07-01 11:00:00.000000,TechCorp_157,Starter Subscription,Emp_4 SaaS_4,1,50.0,0.0
2023-07-01 14:00:00.000000,TechCorp_167,Pro Subscription,Emp_13 SaaS_13,1,200.0,0.0
2023-07-01 15:00:00.000000,TechCorp_226,Enterprise License,Emp_4 SaaS_4,7,14000.0,0.0
2023-07-02 09:00:00.000000,TechCorp_12,Pro Subscription,Emp_31 SaaS_31,1,200.0,0.0
2023-07-02 09:00:00.000000,TechCorp_57,Pro Subscription,Emp_29 SaaS_29,1,200.0,0.0
2023-07-02 16:00:00.000000,TechCorp_69,Pro Subscription,Emp_0 SaaS_0,1,200.0,0.0
2023-07-02 14:00:00.000000,TechCorp_75,Starter Subscription,Emp_0 SaaS_0,1,50.0,0.0
2023-07-02 13:00:00.000000,TechCorp_182,Starter Subscription,Emp_13 SaaS_13,1,50.0,0.0
2023-07-02 10:00:00.000000,TechCorp_269,Starter Subscription,Emp_21 SaaS_21,1,50.0,0.0
2023-07-03 09:00:00.000000,TechCorp_5,Enterprise License,Emp_13 SaaS_13,8,16000.0,0.0
2023-07-03 11:00:00.000000,TechCorp_8,Starter Subscription,Emp_13 SaaS_13,1,50.0,0.0
2023-07-03 15:00:00.000000,TechCorp_11,Pro Subscription,Emp_13 SaaS_13,1,200.0,0.0
2023-07-03 14:00:00.000000,TechCorp_72,Starter Subscription,Emp_13 SaaS_13,1,50.0,0.0
2023-07-03 10:00:00.000000,TechCorp_242,Starter Subscription,Emp_13 SaaS_13,1,50.0,0.0
2023-07-03 14:00:00.000000,TechCorp_246,Starter Subscription,Emp_25 SaaS_25,1,50.0,0.0
2023-07-03 15:00:00.000000,TechCorp_297,Starter Subscription,Emp_19 SaaS_19,1,50.0,0.0
2023-07-04 18:00:00.000000,TechCorp_117,Starter Subscription,Emp_0 SaaS_0,1,50.0,0.0
2023-07-04 15:00:00.000000,TechCorp_132,Pro Subscription,Emp_19 SaaS_19,1,200.0,0.0
2023-07-04 16:00:00.000000,TechCorp_217,Starter Subscription,Emp_3 SaaS_3,1,50.0,0.0
2023-07-05 16:00:00.000000,TechCorp_8,Starter Subscription,Emp_12 SaaS_12,1,50.0,0.0
2023-07-05 14:00:00.000000,TechCorp_48,Pro Subscription,Emp_6 SaaS_6,1,200.0,0.0
2023-07-05 12:00:00.000000,TechCorp_233,Pro Subscription,Emp_2 SaaS_2,1,200.0,0.0
2023-07-06 15:00:00.000000,TechCorp_26,Starter Subscription,Emp_4 SaaS_4,1,50.0,0.0
2023-07-06 09:00:00.000000,TechCorp_64,Pro Subscription,Emp_25 SaaS_25,1,200.0,0.0
2023-07-06 18:00:00.000000,TechCorp_95,Starter Subscription,Emp_19 SaaS_19,1,50.0,0.0
2023-07-06 17:00:00.000000,TechCorp_129,Starter Subscription,Emp_3 SaaS_3,1,50.0,0.0
2023-07-06 13:00:00.000000,TechCorp_132,Pro Subscription,Emp_2 SaaS_2,1,200.0,0.0
2023-07-06 15:00:00.000000,TechCorp_141,Starter Subscription,Emp_6 SaaS_6,1,50.0,0.0
2023-07-06 11:00:00.000000,TechCorp_288,Pro Subscription,Emp_25 SaaS_25,1,200.0,0.0
2023-07-07 11:00:00.000000,TechCorp_72,Starter Subscription,Emp_31 SaaS_31,1,50.0,0.0
2023-07-07 11:00:00.000000,TechCorp_90,Pro Subscription,Emp_0 SaaS_0,1,200.0,0.0
2023-07-07 15:00:00.000000,TechCorp_255,Starter Subscription,Emp_21 SaaS_21,1,50.0,0.0
2023-07-07 17:00:00.000000,TechCorp_295,Starter Subscription,Emp_19 SaaS_19,1,50.0,0.0
2023-07-08 09:00:00.000000,TechCorp_80,Enterprise License,Emp_12 SaaS_12,8,16000.0,0.0
2023-07-08 17:00:00.000000,TechCorp_151,Starter Subscription,Emp_0 SaaS_0,1,50.0,0.0
2023-07-08 14:00:00.000000,TechCorp_167,Pro Subscription,Emp_6 SaaS_6,1,200.0,0.0
2023-07-08 17:00:00.000000,TechCorp_168,Enterprise License,Emp_12 SaaS_12,10,20000.0,0.0
2023-07-08 08:00:00.000000,TechCorp_250,Starter Subscription,Emp_21 SaaS_21,1,50.0,0.0
2023-07-09 15:00:00.000000,TechCorp_33,Enterprise License,Emp_29 SaaS_29,1,2000.0,0.0
2023-07-09 09:00:00.000000,TechCorp_90,Pro Subscription,Emp_12 SaaS_12,1,200.0,0.0
2023-07-09 09:00:00.000000,TechCorp_117,Starter Subscription,Emp_6 SaaS_6,1,50.0,0.0
2023-07-09 08:00:00.000000,TechCorp_138,Starter Subscription,Emp_0 SaaS_0,1,50.0,0.0
2023-07-09 11:00:00.000000,TechCorp_166,Pro Subscription,Emp_2 SaaS_2,1,200.0,0.0
2023-07-09 14:00:00.000000,TechCorp_198,Pro Subscription,Emp_4 SaaS_4,1,200.0,0.0
2023-07-09 14:00:00.000000,TechCorp_297,Starter Subscription,Emp_13 SaaS_13,1,50.0,0.0
2023-07-10 16:00:00.000000,TechCorp_137,Pro Subscription,Emp_4 SaaS_4,1,200.0,0.0
2023-07-10 08:00:00.000000,TechCorp_145,Starter Subscription,Emp_3 SaaS_3,1,50.0,0.0
2023-07-11 12:00:00.000000,TechCorp_57,Pro Subscription,Emp_3 SaaS_3,1,200.0,0.0
2023-07-11 14:00:00.000000,TechCorp_58,Starter Subscription,Emp_31 SaaS_31,1,50.0,0.0
2023-07-11 11:00:00.000000,TechCorp_182,Starter Subscription,Emp_13 SaaS_13,1,50.0,0.0
2023-07-11 09:00:00.000000,TechCorp_259,Starter Subscription,Emp_2 SaaS_2,1,50.0,0.0
2023-07-11 08:00:00.000000,TechCorp_269,Starter Subscription,Emp_12 SaaS_12,1,50.0,0.0
2023-07-12 13:00:00.000000,TechCorp_75,Starter Subscription,Emp_19 SaaS_19,1,50.0,0.0
2023-07-12 17:00:00.000000,TechCorp_150,Starter Subscription,Emp_13 SaaS_13,1,50.0,0.0
2023-07-12 13:00:00.000000,TechCorp_166,Pro Subscription,Emp_3 SaaS_3,1,200.0,0.0
2023-07-12 18:00:00.000000,TechCorp_182,Starter Subscription,Emp_19 SaaS_19,1,50.0,0.0
2023-07-12 17:00:00.000000,TechCorp_198,Pro Subscription,Emp_0 SaaS_0,1,200.0,0.0
2023-07-12 14:00:00.000000,TechCorp_214,Starter Subscription,Emp_4 SaaS_4,1,50.0,0.0
2023-07-12 18:00:00.000000,TechCorp_221,Starter Subscription,Emp_6 SaaS_6,1,50.0,0.0
2023-07-13 13:00:00.000000,TechCorp_13,Enterprise License,Emp_25 SaaS_25,1,2000.0,0.0
2023-07-13 12:00:00.000000,TechCorp_168,Enterprise License,Emp_3 SaaS_3,5,10000.0,0.0
2023-07-13 18:00:00.000000,TechCorp_215,Starter Subscription,Emp_2 SaaS_2,1,50.0,0.0
2023-07-14 15:00:00.000000,TechCorp_50,Starter Subscription,Emp_3 SaaS_3,1,50.0,0.0
2023-07-14 13:00:00.000000,TechCorp_166,Pro Subscription,Emp_13 SaaS_13,1,200.0,0.0
2023-07-15 17:00:00.000000,TechCorp_13,Enterprise License,Emp_19 SaaS_19,6,12000.0,0.0
2023-07-15 18:00:00.000000,TechCorp_86,Starter Subscription,Emp_13 SaaS_13,1,50.0,0.0
2023-07-15 12:00:00.000000,TechCorp_167,Pro Subscription,Emp_12 SaaS_12,1,200.0,0.0
2023-07-15 11:00:00.000000,TechCorp_297,Starter Subscription,Emp_4 SaaS_4,1,50.0,0.0
2023-07-16 14:00:00.000000,TechCorp_26,Starter Subscription,Emp_21 SaaS_21,1,50.0,0.0
2023-07-16 17:00:00.000000,TechCorp_33,Enterprise License,Emp_19 SaaS_19,4,8000.0,0.0
2023-07-16 09:00:00.000000,TechCorp_36,Starter Subscription,Emp_25 SaaS_25,1,50.0,0.0
2023-07-16 18:00:00.000000,TechCorp_50,Starter Subscription,Emp_31 SaaS_31,1,50.0,0.0
2023-07-16 08:00:00.000000,TechCorp_157,Starter Subscription,Emp_4 SaaS_4,1,50.0,0.0
2023-07-16 08:00:00.000000,TechCorp_284,Starter Subscription,Emp_2 SaaS_2,1,50.0,0.0
2023-07-17 15:00:00.000000,TechCorp_8,Starter Subscription,Emp_3 SaaS_3,1,50.0,0.0
2023-07-17 09:00:00.000000,TechCorp_11,Pro Subscription,Emp_31 SaaS_31,1,200.0,0.0
2023-07-17 15:00:00.000000,TechCorp_44,Starter Subscription,Emp_13 SaaS_13,1,50.0,0.0
2023-07-17 09:00:00.000000,TechCorp_58,Starter Subscription,Emp_6 SaaS_6,1,50.0,0.0
2023-07-17 17:00:00.000000,TechCorp_91,Starter Subscription,Emp_13 SaaS_13,1,50.0,0.0
2023-07-18 16:00:00.000000,TechCorp_39,Starter Subscription,Emp_2 SaaS_2,1,50.0,0.0
2023-07-18 12:00:00.000000,TechCorp_71,Pro Subscription,Emp_2 SaaS_2,1,200.0,0.0
2023-07-18 17:00:00.000000,TechCorp_95,Starter Subscription,Emp_6 SaaS_6,1,50.0,0.0
2023-07-18 16:00:00.000000,TechCorp_247,Pro Subscription,Emp_19 SaaS_19,1,200.0,0.0
2023-07-18 17:00:00.000000,TechCorp_294,Pro Subscription,Emp_12 SaaS_12,1,200.0,0.0
2023-07-19 15:00:00.000000,TechCorp_59,Pro Subscription,Emp_12 SaaS_12,1,200.0,0.0
2023-07-19 14:00:00.000000,TechCorp_86,Starter Subscription,Emp_21 SaaS_21,1,50.0,0.0
2023-07-19 09:00:00.000000,TechCorp_116,Starter Subscription,Emp_25 SaaS_25,1,50.0,0.0
2023-07-19 11:00:00.000000,TechCorp_149,Starter Subscription,Emp_3 SaaS_3,1,50.0,0.0
2023-07-19 16:00:00.000000,TechCorp_160,Starter Subscription,Emp_29 SaaS_29,1,50.0,0.0
2023-07-19 13:00:00.000000,TechCorp_276,Pro Subscription,Emp_13 SaaS_13,1,200.0,0.0
2023-07-19 18:00:00.000000,TechCorp_278,Starter Subscription,Emp_31 SaaS_31,1,50.0,0.0
2023-07-20 09:00:00.000000,TechCorp_26,Starter Subscription,Emp_21 SaaS_21,1,50.0,0.0
2023-07-20 11:00:00.000000,TechCorp_269,Starter Subscription,Emp_6 SaaS_6,1,50.0,0.0
2023-07-21 13:00:00.000000,TechCorp_48,Pro Subscription,Emp_25 SaaS_25,1,200.0,0.0
2023-07-21 17:00:00.000000,TechCorp_79,Pro Subscription,Emp_12 SaaS_12,1,200.0,0.0
2023-07-21 10:00:00.000000,TechCorp_95,Starter Subscription,Emp_2 SaaS_2,1,50.0,0.0
2023-07-21 18:00:00.000000,TechCorp_137,Pro Subscription,Emp_6 SaaS_6,1,200.0,0.0
2023-07-21 12:00:00.000000,TechCorp_166,Pro Subscription,Emp_4 SaaS_4,1,200.0,0.0
2023-07-21 17:00:00.000000,TechCorp_254,Pro Subscription,Emp_4 SaaS_4,1,200.0,0.0
2023-07-21 17:00:00.000000,TechCorp_269,Starter Subscription,Emp_12 SaaS_12,1,50.0,0.0
2023-07-21 14:00:00.000000,TechCorp_276,Pro Subscription,Emp_31 SaaS_31,1,200.0,0.0
2023-07-22 14:00:00.000000,TechCorp_12,Pro Subscription,Emp_12 SaaS_12,1,200.0,0.0
2023-07-22 09:00:00.000000,TechCorp_13,Enterprise License,Emp_31 SaaS_31,4,8000.0,0.0
2023-07-22 10:00:00.000000,TechCorp_132,Pro Subscription,Emp_6 SaaS_6,1,200.0,0.0
2023-07-22 16:00:00.000000,TechCorp_138,Starter Subscription,Emp_0 SaaS_0,1,50.0,0.0
2023-07-22 14:00:00.000000,TechCorp_171,Pro Subscription,Emp_3 SaaS_3,1,200.0,0.0
2023-07-22 15:00:00.000000,TechCorp_174,Pro Subscription,Emp_21 SaaS_21,1,200.0,0.0
2023-07-22 14:00:00.000000,TechCorp_285,Starter Subscription,Emp_29 SaaS_29,1,50.0,0.0
2023-07-23 15:00:00.000000,TechCorp_69,Pro Subscription,Emp_2 SaaS_2,1,200.0,0.0
2023-07-23 11:00:00.000000,TechCorp_92,Pro Subscription,Emp_29 SaaS_29,1,200.0,0.0
2023-07-23 13:00:00.000000,TechCorp_97,Enterprise License,Emp_25 SaaS_25,7,14000.0,0.0
2023-07-23 16:00:00.000000,TechCorp_128,Starter Subscription,Emp_31 SaaS_31,1,50.0,0.0
2023-07-23 08:00:00.000000,TechCorp_166,Pro Subscription,Emp_3 SaaS_3,1,200.0,0.0
2023-07-23 09:00:00.000000,TechCorp_198,Pro Subscription,Emp_3 SaaS_3,1,200.0,0.0
2023-07-24 13:00:00.000000,TechCorp_92,Pro Subscription,Emp_2 SaaS_2,1,200.0,0.0
2023-07-24 13:00:00.000000,TechCorp_162,Enterprise License,Emp_29 SaaS_29,5,10000.0,0.0
2023-07-24 12:00:00.000000,TechCorp_174,Pro Subscription,Emp_12 SaaS_12,1,200.0,0.0
2023-07-24 08:00:00.000000,TechCorp_190,Pro Subscription,Emp_4 SaaS_4,1,200.0,0.0
2023-07-25 08:00:00.000000,TechCorp_11,Pro Subscription,Emp_25 SaaS_25,1,200.0,0.0
2023-07-25 12:00:00.000000,TechCorp_75,Starter Subscription,Emp_13 SaaS_13,1,50.0,0.0
2023-07-25 10:00:00.000000,TechCorp_116,Starter Subscription,Emp_6 SaaS_6,1,50.0,0.0
2023-07-25 15:00:00.000000,TechCorp_157,Starter Subscription,Emp_21 SaaS_21,1,50.0,0.0
2023-07-25 17:00:00.000000,TechCorp_202,Pro Subscription,Emp_21 SaaS_21,1,200.0,0.0
2023-07-25 17:00:00.000000,TechCorp_224,Pro Subscription,Emp_29 SaaS_29,1,200.0,0.0
2023-07-25 11:00:00.000000,TechCorp_285,Starter Subscription,Emp_0 SaaS_0,1,50.0,0.0
2023-07-25 08:00:00.000000,TechCorp_295,Starter Subscription,Emp_2 SaaS_2,1,50.0,0.0
2023-07-26 10:00:00.000000,TechCorp_69,Pro Subscription,Emp_31 SaaS_31,1,200.0,0.0
2023-07-26 09:00:00.000000,TechCorp_168,Enterprise License,Emp_2 SaaS_2,10,20000.0,0.0
2023-07-26 15:00:00.000000,TechCorp_278,Starter Subscription,Emp_4 SaaS_4,1,50.0,0.0
2023-07-26 13:00:00.000000,TechCorp_284,Starter Subscription,Emp_0 SaaS_0,1,50.0,0.0
2023-07-27 11:00:00.000000,TechCorp_33,Enterprise License,Emp_6 SaaS_6,6,12000.0,0.0
2023-07-27 09:00:00.000000,TechCorp_40,Pro Subscription,Emp_0 SaaS_0,1,200.0,0.0
2023-07-27 12:00:00.000000,TechCorp_79,Pro Subscription,Emp_12 SaaS_12,1,200.0,0.0
2023-07-27 12:00:00.000000,TechCorp_118,Pro Subscription,Emp_21 SaaS_21,1,200.0,0.0
2023-07-27 15:00:00.000000,TechCorp_171,Pro Subscription,Emp_0 SaaS_0,1,200.0,0.0
2023-07-27 11:00:00.000000,TechCorp_232,Starter Subscription,Emp_31 SaaS_31,1,50.0,0.0
2023-07-27 12:00:00.000000,TechCorp_253,Enterprise License,Emp_25 SaaS_25,9,18000.0,0.0
2023-07-28 11:00:00.000000,TechCorp_40,Pro Subscription,Emp_31 SaaS_31,1,200.0,0.0
2023-07-28 09:00:00.000000,TechCorp_41,Pro Subscription,Emp_29 SaaS_29,1,200.0,0.0
2023-07-28 11:00:00.000000,TechCorp_50,Starter Subscription,Emp_31 SaaS_31,1,50.0,0.0
2023-07-28 08:00:00.000000,TechCorp_118,Pro Subscription,Emp_13 SaaS_13,1,200.0,0.0
2023-07-28 16:00:00.000000,TechCorp_151,Starter Subscription,Emp_2 SaaS_2,1,50.0,0.0
2023-07-28 11:00:00.000000,TechCorp_182,Starter Subscription,Emp_29 SaaS_29,1,50.0,0.0
2023-07-28 17:00:00.000000,TechCorp_242,Starter Subscription,Emp_2 SaaS_2,1,50.0,0.0
2023-07-28 16:00:00.000000,TechCorp_285,Starter Subscription,Emp_13 SaaS_13,1,50.0,0.0
2023-07-28 11:00:00.000000,TechCorp_291,Starter Subscription,Emp_3 SaaS_3,1,50.0,0.0
2023-07-29 13:00:00.000000,TechCorp_168,Enterprise License,Emp_19 SaaS_19,6,12000.0,0.0
2023-07-29 11:00:00.000000,TechCorp_206,Enterprise License,Emp_4 SaaS_4,3,6000.0,0.0
2023-07-29 11:00:00.000000,TechCorp_232,Starter Subscription,Emp_12 SaaS_12,1,50.0,0.0
2023-07-29 13:00:00.000000,TechCorp_255,Starter Subscription,Emp_0 SaaS_0,1,50.0,0.0
2023-07-30 14:00:00.000000,TechCorp_48,Pro Subscription,Emp_6 SaaS_6,1,200.0,0.0
2023-07-30 08:00:00.000000,TechCorp_182,Starter Subscription,Emp_0 SaaS_0,1,50.0,0.0
2023-07-30 13:00:00.000000,TechCorp_253,Enterprise License,Emp_12 SaaS_12,3,6000.0,0.0
2023-07-31 08:00:00.000000,TechCorp_13,Enterprise License,Emp_29 SaaS_29,1,2000.0,0.0
2023-07-31 08:00:00.000000,TechCorp_69,Pro Subscription,Emp_29 SaaS_29,1,200.0,0.0
2023-07-31 14:00:00.000000,TechCorp_201,Starter Subscription,Emp_31 SaaS_31,1,50.0,0.0
2023-07-31 14:00:00.000000,TechCorp_233,Pro Subscription,Emp_6 SaaS_6,1,200.0,0.0
2023-08-01 11:00:00.000000,TechCorp_8,Starter Subscription,Emp_31 SaaS_31,1,50.0,0.0
2023-08-01 11:00:00.000000,TechCorp_104,Starter Subscription,Emp_4 SaaS_4,1,50.0,0.0
2023-08-01 11:00:00.000000,TechCorp_162,Enterprise License,Emp_0 SaaS_0,3,6000.0,0.0
2023-08-01 09:00:00.000000,TechCorp_167,Pro Subscription,Emp_12 SaaS_12,1,200.0,0.0
2023-08-01 17:00:00.000000,TechCorp_217,Starter Subscription,Emp_29 SaaS_29,1,50.0,0.0
2023-08-02 09:00:00.000000,TechCorp_44,Starter Subscription,Emp_2 SaaS_2,1,50.0,0.0
2023-08-02 11:00:00.000000,TechCorp_146,Starter Subscription,Emp_6 SaaS_6,1,50.0,0.0
2023-08-02 16:00:00.000000,TechCorp_150,Starter Subscription,Emp_19 SaaS_19,1,50.0,0.0
2023-08-02 08:00:00.000000,TechCorp_190,Pro Subscription,Emp_21 SaaS_21,1,200.0,0.0
2023-08-02 15:00:00.000000,TechCorp_215,Starter Subscription,Emp_6 SaaS_6,1,50.0,0.0
2023-08-02 16:00:00.000000,TechCorp_297,Starter Subscription,Emp_6 SaaS_6,1,50.0,0.0
2023-08-03 16:00:00.000000,TechCorp_41,Pro Subscription,Emp_19 SaaS_19,1,200.0,0.0
2023-08-03 08:00:00.000000,TechCorp_97,Enterprise License,Emp_12 SaaS_12,5,10000.0,0.0
2023-08-03 15:00:00.000000,TechCorp_156,Starter Subscription,Emp_13 SaaS_13,1,50.0,0.0
2023-08-03 18:00:00.000000,TechCorp_224,Pro Subscription,Emp_21 SaaS_21,1,200.0,0.0
2023-08-03 09:00:00.000000,TechCorp_276,Pro Subscription,Emp_13 SaaS_13,1,200.0,0.0
2023-08-04 09:00:00.000000,TechCorp_50,Starter Subscription,Emp_31 SaaS_31,1,50.0,0.0
2023-08-04 16:00:00.000000,TechCorp_86,Starter Subscription,Emp_29 SaaS_29,1,50.0,0.0
2023-08-04 10:00:00.000000,TechCorp_129,Starter Subscription,Emp_29 SaaS_29,1,50.0,0.0
2023-08-04 09:00:00.000000,TechCorp_138,Starter Subscription,Emp_4 SaaS_4,1,50.0,0.0
2023-08-04 10:00:00.000000,TechCorp_171,Pro Subscription,Emp_25 SaaS_25,1,200.0,0.0
2023-08-04 10:00:00.000000,TechCorp_246,Starter Subscription,Emp_29 SaaS_29,1,50.0,0.0
2023-08-05 08:00:00.000000,TechCorp_58,Starter Subscription,Emp_13 SaaS_13,1,50.0,0.0
2023-08-05 13:00:00.000000,TechCorp_91,Starter Subscription,Emp_21 SaaS_21,1,50.0,0.0
2023-08-05 17:00:00.000000,TechCorp_132,Pro Subscription,Emp_21 SaaS_21,1,200.0,0.0
2023-08-05 10:00:00.000000,TechCorp_150,Starter Subscription,Emp_3 SaaS_3,1,50.0,0.0
2023-08-05 13:00:00.000000,TechCorp_152,Pro Subscription,Emp_0 SaaS_0,1,200.0,0.0
2023-08-05 18:00:00.000000,TechCorp_221,Starter Subscription,Emp_19 SaaS_19,1,50.0,0.0
2023-08-06 18:00:00.000000,TechCorp_11,Pro Subscription,Emp_21 SaaS_21,1,200.0,0.0
2023-08-06 14:00:00.000000,TechCorp_33,Enterprise License,Emp_13 SaaS_13,6,12000.0,0.0
2023-08-06 18:00:00.000000,TechCorp_41,Pro Subscription,Emp_2 SaaS_2,1,200.0,0.0
2023-08-06 18:00:00.000000,TechCorp_174,Pro Subscription,Emp_19 SaaS_19,1,200.0,0.0
2023-08-06 13:00:00.000000,TechCorp_190,Pro Subscription,Emp_19 SaaS_19,1,200.0,0.0
2023-08-06 12:00:00.000000,TechCorp_202,Pro Subscription,Emp_29 SaaS_29,1,200.0,0.0
2023-08-07 12:00:00.000000,TechCorp_5,Enterprise License,Emp_3 SaaS_3,10,20000.0,0.0
2023-08-07 13:00:00.000000,TechCorp_23,Pro Subscription,Emp_3 SaaS_3,1,200.0,0.0
2023-08-07 13:00:00.000000,TechCorp_162,Enterprise License,Emp_29 SaaS_29,5,10000.0,0.0
2023-08-07 15:00:00.000000,TechCorp_193,Enterprise License,Emp_0 SaaS_0,6,12000.0,0.0
2023-08-08 10:00:00.000000,TechCorp_91,Starter Subscription,Emp_25 SaaS_25,1,50.0,0.0
2023-08-08 10:00:00.000000,TechCorp_151,Starter Subscription,Emp_3 SaaS_3,1,50.0,0.0
2023-08-08 13:00:00.000000,TechCorp_250,Starter Subscription,Emp_6 SaaS_6,1,50.0,0.0
2023-08-08 17:00:00.000000,TechCorp_284,Starter Subscription,Emp_3 SaaS_3,1,50.0,0.0
2023-08-09 18:00:00.000000,TechCorp_26,Starter Subscription,Emp_2 SaaS_2,1,50.0,0.0
2023-08-09 08:00:00.000000,TechCorp_40,Pro Subscription,Emp_6 SaaS_6,1,200.0,0.0
2023-08-09 08:00:00.000000,TechCorp_95,Starter Subscription,Emp_6 SaaS_6,1,50.0,0.0
2023-08-09 17:00:00.000000,TechCorp_254,Pro Subscription,Emp_31 SaaS_31,1,200.0,0.0
2023-08-09 10:00:00.000000,TechCorp_255,Starter Subscription,Emp_31 SaaS_31,1,50.0,0.0
2023-08-09 10:00:00.000000,TechCorp_294,Pro Subscription,Emp_19 SaaS_19,1,200.0,0.0
2023-08-10 16:00:00.000000,TechCorp_12,Pro Subscription,Emp_29 SaaS_29,1,200.0,0.0
2023-08-10 17:00:00.000000,TechCorp_39,Starter Subscription,Emp_4 SaaS_4,1,50.0,0.0
2023-08-10 09:00:00.000000,TechCorp_76,Starter Subscription,Emp_4 SaaS_4,1,50.0,0.0
2023-08-10 09:00:00.000000,TechCorp_108,Pro Subscription,Emp_31 SaaS_31,1,200.0,0.0
2023-08-10 15:00:00.000000,TechCorp_113,Pro Subscription,Emp_0 SaaS_0,1,200.0,0.0
2023-08-10 11:00:00.000000,TechCorp_147,Pro Subscription,Emp_3 SaaS_3,1,200.0,0.0
2023-08-10 08:00:00.000000,TechCorp_271,Pro Subscription,Emp_31 SaaS_31,1,200.0,0.0
2023-08-11 13:00:00.000000,TechCorp_5,Enterprise License,Emp_31 SaaS_31,2,4000.0,0.0
2023-08-11 14:00:00.000000,TechCorp_48,Pro Subscription,Emp_3 SaaS_3,1,200.0,0.0
2023-08-11 08:00:00.000000,TechCorp_129,Starter Subscription,Emp_6 SaaS_6,1,50.0,0.0
2023-08-11 18:00:00.000000,TechCorp_156,Starter Subscription,Emp_6 SaaS_6,1,50.0,0.0
2023-08-11 11:00:00.000000,TechCorp_180,Starter Subscription,Emp_29 SaaS_29,1,50.0,0.0
2023-08-11 17:00:00.000000,TechCorp_190,Pro Subscription,Emp_25 SaaS_25,1,200.0,0.0
2023-08-11 15:00:00.000000,TechCorp_271,Pro Subscription,Emp_25 SaaS_25,1,200.0,0.0
2023-08-12 15:00:00.000000,TechCorp_23,Pro Subscription,Emp_0 SaaS_0,1,200.0,0.0
2023-08-12 18:00:00.000000,TechCorp_41,Pro Subscription,Emp_29 SaaS_29,1,200.0,0.0
2023-08-12 16:00:00.000000,TechCorp_86,Starter Subscription,Emp_21 SaaS_21,1,50.0,0.0
2023-08-12 10:00:00.000000,TechCorp_146,Starter Subscription,Emp_0 SaaS_0,1,50.0,0.0
2023-08-12 15:00:00.000000,TechCorp_150,Starter Subscription,Emp_12 SaaS_12,1,50.0,0.0
2023-08-12 13:00:00.000000,TechCorp_224,Pro Subscription,Emp_4 SaaS_4,1,200.0,0.0
2023-08-12 16:00:00.000000,TechCorp_250,Starter Subscription,Emp_29 SaaS_29,1,50.0,0.0
2023-08-12 17:00:00.000000,TechCorp_294,Pro Subscription,Emp_13 SaaS_13,1,200.0,0.0
2023-08-13 15:00:00.000000,TechCorp_11,Pro Subscription,Emp_21 SaaS_21,1,200.0,0.0
2023-08-13 16:00:00.000000,TechCorp_14,Pro Subscription,Emp_12 SaaS_12,1,200.0,0.0
2023-08-13 12:00:00.000000,TechCorp_138,Starter Subscription,Emp_12 SaaS_12,1,50.0,0.0
2023-08-13 10:00:00.000000,TechCorp_149,Starter Subscription,Emp_12 SaaS_12,1,50.0,0.0
2023-08-13 11:00:00.000000,TechCorp_166,Pro Subscription,Emp_31 SaaS_31,1,200.0,0.0
2023-08-13 14:00:00.000000,TechCorp_168,Enterprise License,Emp_13 SaaS_13,10,20000.0,0.0
2023-08-13 16:00:00.000000,TechCorp_201,Starter Subscription,Emp_31 SaaS_31,1,50.0,0.0
2023-08-13 14:00:00.000000,TechCorp_202,Pro Subscription,Emp_19 SaaS_19,1,200.0,0.0
2023-08-13 09:00:00.000000,TechCorp_296,Pro Subscription,Emp_25 SaaS_25,1,200.0,0.0
2023-08-14 09:00:00.000000,TechCorp_17,Starter Subscription,Emp_2 SaaS_2,1,50.0,0.0
2023-08-14 08:00:00.000000,TechCorp_59,Pro Subscription,Emp_25 SaaS_25,1,200.0,0.0
2023-08-14 14:00:00.000000,TechCorp_77,Pro Subscription,Emp_13 SaaS_13,1,200.0,0.0
2023-08-14 15:00:00.000000,TechCorp_129,Starter Subscription,Emp_6 SaaS_6,1,50.0,0.0
2023-08-14 18:00:00.000000,TechCorp_174,Pro Subscription,Emp_13 SaaS_13,1,200.0,0.0
2023-08-14 15:00:00.000000,TechCorp_271,Pro Subscription,Emp_25 SaaS_25,1,200.0,0.0
2023-08-14 12:00:00.000000,TechCorp_297,Starter Subscription,Emp_19 SaaS_19,1,50.0,0.0
2023-08-15 14:00:00.000000,TechCorp_79,Pro Subscription,Emp_6 SaaS_6,1,200.0,0.0
2023-08-15 16:00:00.000000,TechCorp_152,Pro Subscription,Emp_21 SaaS_21,1,200.0,0.0
2023-08-15 13:00:00.000000,TechCorp_182,Starter Subscription,Emp_31 SaaS_31,1,50.0,0.0
2023-08-15 17:00:00.000000,TechCorp_188,Pro Subscription,Emp_4 SaaS_4,1,200.0,0.0
2023-08-15 18:00:00.000000,TechCorp_217,Starter Subscription,Emp_31 SaaS_31,1,50.0,0.0
2023-08-16 10:00:00.000000,TechCorp_113,Pro Subscription,Emp_25 SaaS_25,1,200.0,0.0
2023-08-16 09:00:00.000000,TechCorp_138,Starter Subscription,Emp_0 SaaS_0,1,50.0,0.0
2023-08-16 09:00:00.000000,TechCorp_146,Starter Subscription,Emp_31 SaaS_31,1,50.0,0.0
2023-08-16 08:00:00.000000,TechCorp_151,Starter Subscription,Emp_21 SaaS_21,1,50.0,0.0
2023-08-16 15:00:00.000000,TechCorp_253,Enterprise License,Emp_13 SaaS_13,1,2000.0,0.0
2023-08-16 12:00:00.000000,TechCorp_255,Starter Subscription,Emp_12 SaaS_12,1,50.0,0.0
2023-08-16 08:00:00.000000,TechCorp_274,Starter Subscription,Emp_13 SaaS_13,1,50.0,0.0
2023-08-17 15:00:00.000000,TechCorp_8,Starter Subscription,Emp_21 SaaS_21,1,50.0,0.0
2023-08-17 17:00:00.000000,TechCorp_26,Starter Subscription,Emp_0 SaaS_0,1,50.0,0.0
2023-08-17 11:00:00.000000,TechCorp_48,Pro Subscription,Emp_21 SaaS_21,1,200.0,0.0
2023-08-17 09:00:00.000000,TechCorp_104,Starter Subscription,Emp_3 SaaS_3,1,50.0,0.0
2023-08-17 14:00:00.000000,TechCorp_259,Starter Subscription,Emp_21 SaaS_21,1,50.0,0.0
2023-08-17 08:00:00.000000,TechCorp_284,Starter Subscription,Emp_2 SaaS_2,1,50.0,0.0
2023-08-18 09:00:00.000000,TechCorp_57,Pro Subscription,Emp_0 SaaS_0,1,200.0,0.0
2023-08-18 10:00:00.000000,TechCorp_76,Starter Subscription,Emp_19 SaaS_19,1,50.0,0.0
2023-08-18 09:00:00.000000,TechCorp_116,Starter Subscription,Emp_13 SaaS_13,1,50.0,0.0
2023-08-18 15:00:00.000000,TechCorp_128,Starter Subscription,Emp_6 SaaS_6,1,50.0,0.0
2023-08-18 13:00:00.000000,TechCorp_213,Starter Subscription,Emp_0 SaaS_0,1,50.0,0.0
2023-08-19 08:00:00.000000,TechCorp_48,Pro Subscription,Emp_21 SaaS_21,1,200.0,0.0
2023-08-19 18:00:00.000000,TechCorp_59,Pro Subscription,Emp_31 SaaS_31,1,200.0,0.0
2023-08-19 17:00:00.000000,TechCorp_64,Pro Subscription,Emp_2 SaaS_2,1,200.0,0.0
2023-08-19 13:00:00.000000,TechCorp_90,Pro Subscription,Emp_6 SaaS_6,1,200.0,0.0
2023-08-19 14:00:00.000000,TechCorp_150,Starter Subscription,Emp_31 SaaS_31,1,50.0,0.0
2023-08-19 12:00:00.000000,TechCorp_182,Starter Subscription,Emp_0 SaaS_0,1,50.0,0.0
2023-08-19 11:00:00.000000,TechCorp_217,Starter Subscription,Emp_29 SaaS_29,1,50.0,0.0
2023-08-19 14:00:00.000000,TechCorp_232,Starter Subscription,Emp_6 SaaS_6,1,50.0,0.0
2023-08-19 17:00:00.000000,TechCorp_250,Starter Subscription,Emp_2 SaaS_2,1,50.0,0.0
2023-08-19 10:00:00.000000,TechCorp_253,Enterprise License,Emp_0 SaaS_0,6,12000.0,0.0
2023-08-20 11:00:00.000000,TechCorp_40,Pro Subscription,Emp_19 SaaS_19,1,200.0,0.0
2023-08-20 14:00:00.000000,TechCorp_69,Pro Subscription,Emp_19 SaaS_19,1,200.0,0.0
2023-08-20 10:00:00.000000,TechCorp_79,Pro Subscription,Emp_29 SaaS_29,1,200.0,0.0
2023-08-20 15:00:00.000000,TechCorp_86,Starter Subscription,Emp_4 SaaS_4,1,50.0,0.0
2023-08-20 08:00:00.000000,TechCorp_133,Pro Subscription,Emp_25 SaaS_25,1,200.0,0.0
2023-08-20 14:00:00.000000,TechCorp_137,Pro Subscription,Emp_29 SaaS_29,1,200.0,0.0
2023-08-20 11:00:00.000000,TechCorp_138,Starter Subscription,Emp_0 SaaS_0,1,50.0,0.0
2023-08-20 09:00:00.000000,TechCorp_150,Starter Subscription,Emp_2 SaaS_2,1,50.0,0.0
2023-08-20 18:00:00.000000,TechCorp_160,Starter Subscription,Emp_12 SaaS_12,1,50.0,0.0
2023-08-20 11:00:00.000000,TechCorp_202,Pro Subscription,Emp_13 SaaS_13,1,200.0,0.0
2023-08-20 17:00:00.000000,TechCorp_242,Starter Subscription,Emp_3 SaaS_3,1,50.0,0.0
2023-08-20 15:00:00.000000,TechCorp_247,Pro Subscription,Emp_2 SaaS_2,1,200.0,0.0
2023-08-21 13:00:00.000000,TechCorp_33,Enterprise License,Emp_4 SaaS_4,1,2000.0,0.0
2023-08-21 16:00:00.000000,TechCorp_80,Enterprise License,Emp_4 SaaS_4,3,6000.0,0.0
2023-08-21 10:00:00.000000,TechCorp_145,Starter Subscription,Emp_31 SaaS_31,1,50.0,0.0
2023-08-21 08:00:00.000000,TechCorp_147,Pro Subscription,Emp_29 SaaS_29,1,200.0,0.0
2023-08-21 10:00:00.000000,TechCorp_174,Pro Subscription,Emp_21 SaaS_21,1,200.0,0.0
2023-08-21 12:00:00.000000,TechCorp_183,Starter Subscription,Emp_13 SaaS_13,1,50.0,0.0
2023-08-21 10:00:00.000000,TechCorp_232,Starter Subscription,Emp_25 SaaS_25,1,50.0,0.0
2023-08-21 10:00:00.000000,TechCorp_254,Pro Subscription,Emp_25 SaaS_25,1,200.0,0.0
2023-08-22 18:00:00.000000,TechCorp_62,Starter Subscription,Emp_25 SaaS_25,1,50.0,0.0
2023-08-23 16:00:00.000000,TechCorp_110,Starter Subscription,Emp_29 SaaS_29,1,50.0,0.0
2023-08-23 15:00:00.000000,TechCorp_169,Starter Subscription,Emp_4 SaaS_4,1,50.0,0.0
2023-08-23 16:00:00.000000,TechCorp_182,Starter Subscription,Emp_13 SaaS_13,1,50.0,0.0
2023-08-23 18:00:00.000000,TechCorp_221,Starter Subscription,Emp_31 SaaS_31,1,50.0,0.0
2023-08-23 13:00:00.000000,TechCorp_240,Pro Subscription,Emp_12 SaaS_12,1,200.0,0.0
2023-08-23 08:00:00.000000,TechCorp_250,Starter Subscription,Emp_3 SaaS_3,1,50.0,0.0
2023-08-23 09:00:00.000000,TechCorp_297,Starter Subscription,Emp_4 SaaS_4,1,50.0,0.0
2023-08-24 17:00:00.000000,TechCorp_13,Enterprise License,Emp_31 SaaS_31,3,6000.0,0.0
2023-08-24 09:00:00.000000,TechCorp_80,Enterprise License,Emp_0 SaaS_0,7,14000.0,0.0
2023-08-24 08:00:00.000000,TechCorp_108,Pro Subscription,Emp_19 SaaS_19,1,200.0,0.0
2023-08-24 09:00:00.000000,TechCorp_183,Starter Subscription,Emp_25 SaaS_25,1,50.0,0.0
2023-08-24 18:00:00.000000,TechCorp_295,Starter Subscription,Emp_2 SaaS_2,1,50.0,0.0
2023-08-25 13:00:00.000000,TechCorp_27,Pro Subscription,Emp_6 SaaS_6,1,200.0,0.0
2023-08-25 18:00:00.000000,TechCorp_48,Pro Subscription,Emp_2 SaaS_2,1,200.0,0.0
2023-08-25 10:00:00.000000,TechCorp_77,Pro Subscription,Emp_13 SaaS_13,1,200.0,0.0
2023-08-25 16:00:00.000000,TechCorp_121,Pro Subscription,Emp_19 SaaS_19,1,200.0,0.0
2023-08-25 13:00:00.000000,TechCorp_149,Starter Subscription,Emp_31 SaaS_31,1,50.0,0.0
2023-08-25 16:00:00.000000,TechCorp_188,Pro Subscription,Emp_29 SaaS_29,1,200.0,0.0
2023-08-25 13:00:00.000000,TechCorp_213,Starter Subscription,Emp_19 SaaS_19,1,50.0,0.0
2023-08-25 08:00:00.000000,TechCorp_233,Pro Subscription,Emp_0 SaaS_0,1,200.0,0.0
2023-08-25 11:00:00.000000,TechCorp_288,Pro Subscription,Emp_12 SaaS_12,1,200.0,0.0
2023-08-26 13:00:00.000000,TechCorp_26,Starter Subscription,Emp_25 SaaS_25,1,50.0,0.0
2023-08-26 13:00:00.000000,TechCorp_28,Starter Subscription,Emp_12 SaaS_12,1,50.0,0.0
2023-08-26 18:00:00.000000,TechCorp_128,Starter Subscription,Emp_29 SaaS_29,1,50.0,0.0
2023-08-26 08:00:00.000000,TechCorp_213,Starter Subscription,Emp_0 SaaS_0,1,50.0,0.0
2023-08-26 13:00:00.000000,TechCorp_240,Pro Subscription,Emp_2 SaaS_2,1,200.0,0.0
2023-08-27 11:00:00.000000,TechCorp_40,Pro Subscription,Emp_29 SaaS_29,1,200.0,0.0
2023-08-27 18:00:00.000000,TechCorp_58,Starter Subscription,Emp_12 SaaS_12,1,50.0,0.0
2023-08-27 14:00:00.000000,TechCorp_182,Starter Subscription,Emp_3 SaaS_3,1,50.0,0.0
2023-08-28 17:00:00.000000,TechCorp_45,Pro Subscription,Emp_31 SaaS_31,1,200.0,0.0
2023-08-28 15:00:00.000000,TechCorp_113,Pro Subscription,Emp_6 SaaS_6,1,200.0,0.0
2023-08-28 10:00:00.000000,TechCorp_162,Enterprise License,Emp_3 SaaS_3,5,10000.0,0.0
2023-08-28 16:00:00.000000,TechCorp_188,Pro Subscription,Emp_4 SaaS_4,1,200.0,0.0
2023-08-28 15:00:00.000000,TechCorp_215,Starter Subscription,Emp_0 SaaS_0,1,50.0,0.0
2023-08-28 13:00:00.000000,TechCorp_221,Starter Subscription,Emp_25 SaaS_25,1,50.0,0.0
2023-08-28 09:00:00.000000,TechCorp_292,Starter Subscription,Emp_13 SaaS_13,1,50.0,0.0
2023-08-29 14:00:00.000000,TechCorp_47,Pro Subscription,Emp_2 SaaS_2,1,200.0,0.0
2023-08-29 12:00:00.000000,TechCorp_76,Starter Subscription,Emp_25 SaaS_25,1,50.0,0.0
2023-08-29 17:00:00.000000,TechCorp_128,Starter Subscription,Emp_2 SaaS_2,1,50.0,0.0
2023-08-29 14:00:00.000000,TechCorp_146,Starter Subscription,Emp_3 SaaS_3,1,50.0,0.0
2023-08-29 09:00:00.000000,TechCorp_201,Starter Subscription,Emp_0 SaaS_0,1,50.0,0.0
2023-08-29 10:00:00.000000,TechCorp_284,Starter Subscription,Emp_31 SaaS_31,1,50.0,0.0
2023-08-29 08:00:00.000000,TechCorp_285,Starter Subscription,Emp_12 SaaS_12,1,50.0,0.0
2023-08-29 18:00:00.000000,TechCorp_297,Starter Subscription,Emp_0 SaaS_0,1,50.0,0.0
2023-08-30 15:00:00.000000,TechCorp_147,Pro Subscription,Emp_19 SaaS_19,1,200.0,0.0
2023-08-30 16:00:00.000000,TechCorp_160,Starter Subscription,Emp_21 SaaS_21,1,50.0,0.0
2023-08-30 15:00:00.000000,TechCorp_274,Starter Subscription,Emp_31 SaaS_31,1,50.0,0.0
2023-08-30 12:00:00.000000,TechCorp_284,Starter Subscription,Emp_29 SaaS_29,1,50.0,0.0
2023-08-31 16:00:00.000000,TechCorp_116,Starter Subscription,Emp_25 SaaS_25,1,50.0,0.0
2023-08-31 15:00:00.000000,TechCorp_150,Starter Subscription,Emp_12 SaaS_12,1,50.0,0.0
2023-08-31 11:00:00.000000,TechCorp_152,Pro Subscription,Emp_0 SaaS_0,1,200.0,0.0
2023-08-31 13:00:00.000000,TechCorp_172,Pro Subscription,Emp_13 SaaS_13,1,200.0,0.0
2023-08-31 16:00:00.000000,TechCorp_206,Enterprise License,Emp_19 SaaS_19,2,4000.0,0.0
2023-08-31 18:00:00.000000,TechCorp_215,Starter Subscription,Emp_4 SaaS_4,1,50.0,0.0
2023-08-31 15:00:00.000000,TechCorp_250,Starter Subscription,Emp_6 SaaS_6,1,50.0,0.0
2023-08-31 10:00:00.000000,TechCorp_271,Pro Subscription,Emp_3 SaaS_3,1,200.0,0.0
2023-09-01 15:00:00.000000,TechCorp_8,Starter Subscription,Emp_6 SaaS_6,1,50.0,0.0
2023-09-01 10:00:00.000000,TechCorp_33,Enterprise License,Emp_6 SaaS_6,2,4000.0,0.0
2023-09-01 14:00:00.000000,TechCorp_46,Enterprise License,Emp_3 SaaS_3,4,8000.0,0.0
2023-09-01 12:00:00.000000,TechCorp_132,Pro Subscription,Emp_25 SaaS_25,1,200.0,0.0
2023-09-01 15:00:00.000000,TechCorp_214,Starter Subscription,Emp_21 SaaS_21,1,50.0,0.0
2023-09-01 16:00:00.000000,TechCorp_240,Pro Subscription,Emp_13 SaaS_13,1,200.0,0.0
2023-09-02 09:00:00.000000,TechCorp_33,Enterprise License,Emp_0 SaaS_0,1,2000.0,0.0
2023-09-02 13:00:00.000000,TechCorp_151,Starter Subscription,Emp_25 SaaS_25,1,50.0,0.0
2023-09-02 16:00:00.000000,TechCorp_188,Pro Subscription,Emp_21 SaaS_21,1,200.0,0.0
2023-09-02 08:00:00.000000,TechCorp_215,Starter Subscription,Emp_31 SaaS_31,1,50.0,0.0
2023-09-02 09:00:00.000000,TechCorp_295,Starter Subscription,Emp_2 SaaS_2,1,50.0,0.0
2023-09-03 13:00:00.000000,TechCorp_87,Pro Subscription,Emp_21 SaaS_21,1,200.0,0.0
2023-09-03 10:00:00.000000,TechCorp_147,Pro Subscription,Emp_21 SaaS_21,1,200.0,0.0
2023-09-03 13:00:00.000000,TechCorp_201,Starter Subscription,Emp_2 SaaS_2,1,50.0,0.0
2023-09-03 18:00:00.000000,TechCorp_202,Pro Subscription,Emp_21 SaaS_21,1,200.0,0.0
2023-09-03 10:00:00.000000,TechCorp_214,Starter Subscription,Emp_19 SaaS_19,1,50.0,0.0
2023-09-03 15:00:00.000000,TechCorp_262,Starter Subscription,Emp_13 SaaS_13,1,50.0,0.0
2023-09-03 10:00:00.000000,TechCorp_281,Pro Subscription,Emp_3 SaaS_3,1,200.0,0.0
2023-09-04 14:00:00.000000,TechCorp_23,Pro Subscription,Emp_21 SaaS_21,1,200.0,0.0
2023-09-04 12:00:00.000000,TechCorp_36,Starter Subscription,Emp_4 SaaS_4,1,50.0,0.0
2023-09-04 12:00:00.000000,TechCorp_64,Pro Subscription,Emp_2 SaaS_2,1,200.0,0.0
2023-09-04 08:00:00.000000,TechCorp_71,Pro Subscription,Emp_25 SaaS_25,1,200.0,0.0
2023-09-04 16:00:00.000000,TechCorp_87,Pro Subscription,Emp_3 SaaS_3,1,200.0,0.0
2023-09-04 18:00:00.000000,TechCorp_110,Starter Subscription,Emp_12 SaaS_12,1,50.0,0.0
2023-09-04 15:00:00.000000,TechCorp_121,Pro Subscription,Emp_31 SaaS_31,1,200.0,0.0
2023-09-04 16:00:00.000000,TechCorp_160,Starter Subscription,Emp_19 SaaS_19,1,50.0,0.0
2023-09-04 18:00:00.000000,TechCorp_188,Pro Subscription,Emp_29 SaaS_29,1,200.0,0.0
2023-09-04 13:00:00.000000,TechCorp_235,Enterprise License,Emp_4 SaaS_4,10,20000.0,0.0
2023-09-04 13:00:00.000000,TechCorp_259,Starter Subscription,Emp_19 SaaS_19,1,50.0,0.0
2023-09-04 15:00:00.000000,TechCorp_281,Pro Subscription,Emp_4 SaaS_4,1,200.0,0.0
2023-09-04 15:00:00.000000,TechCorp_291,Starter Subscription,Emp_3 SaaS_3,1,50.0,0.0
2023-09-04 16:00:00.000000,TechCorp_297,Starter Subscription,Emp_19 SaaS_19,1,50.0,0.0
2023-09-05 12:00:00.000000,TechCorp_11,Pro Subscription,Emp_12 SaaS_12,1,200.0,0.0
2023-09-05 12:00:00.000000,TechCorp_77,Pro Subscription,Emp_6 SaaS_6,1,200.0,0.0
2023-09-05 18:00:00.000000,TechCorp_91,Starter Subscription,Emp_3 SaaS_3,1,50.0,0.0
2023-09-05 16:00:00.000000,TechCorp_185,Starter Subscription,Emp_6 SaaS_6,1,50.0,0.0
2023-09-06 08:00:00.000000,TechCorp_14,Pro Subscription,Emp_0 SaaS_0,1,200.0,0.0
2023-09-06 16:00:00.000000,TechCorp_32,Starter Subscription,Emp_25 SaaS_25,1,50.0,0.0
2023-09-06 17:00:00.000000,TechCorp_44,Starter Subscription,Emp_2 SaaS_2,1,50.0,0.0
2023-09-06 11:00:00.000000,TechCorp_162,Enterprise License,Emp_12 SaaS_12,6,12000.0,0.0
2023-09-06 10:00:00.000000,TechCorp_202,Pro Subscription,Emp_31 SaaS_31,1,200.0,0.0
2023-09-06 14:00:00.000000,TechCorp_233,Pro Subscription,Emp_3 SaaS_3,1,200.0,0.0
2023-09-06 16:00:00.000000,TechCorp_235,Enterprise License,Emp_2 SaaS_2,6,12000.0,0.0
2023-09-06 09:00:00.000000,TechCorp_274,Starter Subscription,Emp_3 SaaS_3,1,50.0,0.0
2023-09-07 12:00:00.000000,TechCorp_47,Pro Subscription,Emp_21 SaaS_21,1,200.0,0.0
2023-09-07 14:00:00.000000,TechCorp_50,Starter Subscription,Emp_13 SaaS_13,1,50.0,0.0
2023-09-07 17:00:00.000000,TechCorp_93,Pro Subscription,Emp_2 SaaS_2,1,200.0,0.0
2023-09-07 18:00:00.000000,TechCorp_97,Enterprise License,Emp_4 SaaS_4,8,16000.0,0.0
2023-09-07 14:00:00.000000,TechCorp_138,Starter Subscription,Emp_13 SaaS_13,1,50.0,0.0
2023-09-07 09:00:00.000000,TechCorp_190,Pro Subscription,Emp_21 SaaS_21,1,200.0,0.0
2023-09-07 14:00:00.000000,TechCorp_255,Starter Subscription,Emp_29 SaaS_29,1,50.0,0.0
2023-09-08 14:00:00.000000,TechCorp_14,Pro Subscription,Emp_13 SaaS_13,1,200.0,0.0
2023-09-08 09:00:00.000000,TechCorp_28,Starter Subscription,Emp_3 SaaS_3,1,50.0,0.0
2023-09-08 14:00:00.000000,TechCorp_41,Pro Subscription,Emp_0 SaaS_0,1,200.0,0.0
2023-09-08 11:00:00.000000,TechCorp_47,Pro Subscription,Emp_19 SaaS_19,1,200.0,0.0
2023-09-08 08:00:00.000000,TechCorp_90,Pro Subscription,Emp_4 SaaS_4,1,200.0,0.0
2023-09-08 09:00:00.000000,TechCorp_112,Starter Subscription,Emp_29 SaaS_29,1,50.0,0.0
2023-09-08 14:00:00.000000,TechCorp_240,Pro Subscription,Emp_21 SaaS_21,1,200.0,0.0
2023-09-08 12:00:00.000000,TechCorp_250,Starter Subscription,Emp_21 SaaS_21,1,50.0,0.0
2023-09-08 13:00:00.000000,TechCorp_253,Enterprise License,Emp_12 SaaS_12,9,18000.0,0.0
2023-09-08 10:00:00.000000,TechCorp_259,Starter Subscription,Emp_29 SaaS_29,1,50.0,0.0
2023-09-09 11:00:00.000000,TechCorp_41,Pro Subscription,Emp_12 SaaS_12,1,200.0,0.0
2023-09-09 18:00:00.000000,TechCorp_44,Starter Subscription,Emp_21 SaaS_21,1,50.0,0.0
2023-09-09 09:00:00.000000,TechCorp_76,Starter Subscription,Emp_31 SaaS_31,1,50.0,0.0
2023-09-09 11:00:00.000000,TechCorp_86,Starter Subscription,Emp_0 SaaS_0,1,50.0,0.0
2023-09-09 11:00:00.000000,TechCorp_233,Pro Subscription,Emp_0 SaaS_0,1,200.0,0.0
2023-09-09 10:00:00.000000,TechCorp_276,Pro Subscription,Emp_19 SaaS_19,1,200.0,0.0
2023-09-10 08:00:00.000000,TechCorp_90,Pro Subscription,Emp_29 SaaS_29,1,200.0,0.0
2023-09-10 11:00:00.000000,TechCorp_113,Pro Subscription,Emp_29 SaaS_29,1,200.0,0.0
2023-09-10 16:00:00.000000,TechCorp_143,Starter Subscription,Emp_6 SaaS_6,1,50.0,0.0
2023-09-10 10:00:00.000000,TechCorp_207,Starter Subscription,Emp_2 SaaS_2,1,50.0,0.0
2023-09-10 17:00:00.000000,TechCorp_215,Starter Subscription,Emp_3 SaaS_3,1,50.0,0.0
2023-09-10 12:00:00.000000,TechCorp_240,Pro Subscription,Emp_3 SaaS_3,1,200.0,0.0
2023-09-11 11:00:00.000000,TechCorp_23,Pro Subscription,Emp_25 SaaS_25,1,200.0,0.0
2023-09-11 14:00:00.000000,TechCorp_25,Starter Subscription,Emp_12 SaaS_12,1,50.0,0.0
2023-09-11 16:00:00.000000,TechCorp_105,Starter Subscription,Emp_13 SaaS_13,1,50.0,0.0
2023-09-11 15:00:00.000000,TechCorp_110,Starter Subscription,Emp_12 SaaS_12,1,50.0,0.0
2023-09-11 08:00:00.000000,TechCorp_116,Starter Subscription,Emp_21 SaaS_21,1,50.0,0.0
2023-09-11 09:00:00.000000,TechCorp_118,Pro Subscription,Emp_25 SaaS_25,1,200.0,0.0
2023-09-11 12:00:00.000000,TechCorp_141,Starter Subscription,Emp_21 SaaS_21,1,50.0,0.0
2023-09-11 11:00:00.000000,TechCorp_145,Starter Subscription,Emp_3 SaaS_3,1,50.0,0.0
2023-09-11 10:00:00.000000,TechCorp_151,Starter Subscription,Emp_4 SaaS_4,1,50.0,0.0
2023-09-11 13:00:00.000000,TechCorp_156,Starter Subscription,Emp_29 SaaS_29,1,50.0,0.0
2023-09-11 16:00:00.000000,TechCorp_217,Starter Subscription,Emp_0 SaaS_0,1,50.0,0.0
2023-09-12 17:00:00.000000,TechCorp_57,Pro Subscription,Emp_25 SaaS_25,1,200.0,0.0
2023-09-12 16:00:00.000000,TechCorp_232,Starter Subscription,Emp_6 SaaS_6,1,50.0,0.0
2023-09-13 11:00:00.000000,TechCorp_57,Pro Subscription,Emp_25 SaaS_25,1,200.0,0.0
2023-09-13 08:00:00.000000,TechCorp_90,Pro Subscription,Emp_13 SaaS_13,1,200.0,0.0
2023-09-13 12:00:00.000000,TechCorp_97,Enterprise License,Emp_13 SaaS_13,7,14000.0,0.0
2023-09-13 13:00:00.000000,TechCorp_128,Starter Subscription,Emp_4 SaaS_4,1,50.0,0.0
2023-09-13 09:00:00.000000,TechCorp_224,Pro Subscription,Emp_19 SaaS_19,1,200.0,0.0
2023-09-13 10:00:00.000000,TechCorp_242,Starter Subscription,Emp_6 SaaS_6,1,50.0,0.0
2023-09-13 13:00:00.000000,TechCorp_284,Starter Subscription,Emp_6 SaaS_6,1,50.0,0.0
2023-09-13 15:00:00.000000,TechCorp_296,Pro Subscription,Emp_3 SaaS_3,1,200.0,0.0
2023-09-14 08:00:00.000000,TechCorp_8,Starter Subscription,Emp_25 SaaS_25,1,50.0,0.0
2023-09-14 08:00:00.000000,TechCorp_30,Pro Subscription,Emp_25 SaaS_25,1,200.0,0.0
2023-09-14 15:00:00.000000,TechCorp_40,Pro Subscription,Emp_29 SaaS_29,1,200.0,0.0
2023-09-14 08:00:00.000000,TechCorp_110,Starter Subscription,Emp_3 SaaS_3,1,50.0,0.0
2023-09-14 16:00:00.000000,TechCorp_120,Starter Subscription,Emp_6 SaaS_6,1,50.0,0.0
2023-09-14 08:00:00.000000,TechCorp_141,Starter Subscription,Emp_4 SaaS_4,1,50.0,0.0
2023-09-14 15:00:00.000000,TechCorp_150,Starter Subscription,Emp_29 SaaS_29,1,50.0,0.0
2023-09-14 16:00:00.000000,TechCorp_190,Pro Subscription,Emp_19 SaaS_19,1,200.0,0.0
2023-09-14 13:00:00.000000,TechCorp_233,Pro Subscription,Emp_29 SaaS_29,1,200.0,0.0
2023-09-14 18:00:00.000000,TechCorp_240,Pro Subscription,Emp_29 SaaS_29,1,200.0,0.0
2023-09-14 14:00:00.000000,TechCorp_276,Pro Subscription,Emp_4 SaaS_4,1,200.0,0.0
2023-09-14 11:00:00.000000,TechCorp_294,Pro Subscription,Emp_25 SaaS_25,1,200.0,0.0
2023-09-15 17:00:00.000000,TechCorp_41,Pro Subscription,Emp_21 SaaS_21,1,200.0,0.0
2023-09-15 12:00:00.000000,TechCorp_62,Starter Subscription,Emp_12 SaaS_12,1,50.0,0.0
2023-09-15 14:00:00.000000,TechCorp_75,Starter Subscription,Emp_25 SaaS_25,1,50.0,0.0
2023-09-15 12:00:00.000000,TechCorp_86,Starter Subscription,Emp_25 SaaS_25,1,50.0,0.0
2023-09-15 15:00:00.000000,TechCorp_169,Starter Subscription,Emp_0 SaaS_0,1,50.0,0.0
2023-09-15 08:00:00.000000,TechCorp_183,Starter Subscription,Emp_21 SaaS_21,1,50.0,0.0
2023-09-15 18:00:00.000000,TechCorp_190,Pro Subscription,Emp_2 SaaS_2,1,200.0,0.0
2023-09-15 08:00:00.000000,TechCorp_214,Starter Subscription,Emp_19 SaaS_19,1,50.0,0.0
2023-09-15 08:00:00.000000,TechCorp_269,Starter Subscription,Emp_21 SaaS_21,1,50.0,0.0
2023-09-15 17:00:00.000000,TechCorp_274,Starter Subscription,Emp_2 SaaS_2,1,50.0,0.0
2023-09-16 10:00:00.000000,TechCorp_12,Pro Subscription,Emp_0 SaaS_0,1,200.0,0.0
2023-09-16 09:00:00.000000,TechCorp_29,Pro Subscription,Emp_3 SaaS_3,1,200.0,0.0
2023-09-16 12:00:00.000000,TechCorp_50,Starter Subscription,Emp_4 SaaS_4,1,50.0,0.0
2023-09-16 13:00:00.000000,TechCorp_62,Starter Subscription,Emp_4 SaaS_4,1,50.0,0.0
2023-09-16 14:00:00.000000,TechCorp_128,Starter Subscription,Emp_19 SaaS_19,1,50.0,0.0
2023-09-16 09:00:00.000000,TechCorp_233,Pro Subscription,Emp_4 SaaS_4,1,200.0,0.0
2023-09-16 08:00:00.000000,TechCorp_272,Starter Subscription,Emp_2 SaaS_2,1,50.0,0.0
2023-09-16 18:00:00.000000,TechCorp_276,Pro Subscription,Emp_31 SaaS_31,1,200.0,0.0
2023-09-16 12:00:00.000000,TechCorp_296,Pro Subscription,Emp_31 SaaS_31,1,200.0,0.0
2023-09-17 17:00:00.000000,TechCorp_5,Enterprise License,Emp_19 SaaS_19,9,18000.0,0.0
2023-09-17 17:00:00.000000,TechCorp_14,Pro Subscription,Emp_21 SaaS_21,1,200.0,0.0
2023-09-17 17:00:00.000000,TechCorp_32,Starter Subscription,Emp_31 SaaS_31,1,50.0,0.0
2023-09-17 13:00:00.000000,TechCorp_76,Starter Subscription,Emp_13 SaaS_13,1,50.0,0.0
2023-09-17 11:00:00.000000,TechCorp_113,Pro Subscription,Emp_6 SaaS_6,1,200.0,0.0
2023-09-17 15:00:00.000000,TechCorp_137,Pro Subscription,Emp_19 SaaS_19,1,200.0,0.0
2023-09-17 12:00:00.000000,TechCorp_174,Pro Subscription,Emp_31 SaaS_31,1,200.0,0.0
2023-09-17 12:00:00.000000,TechCorp_192,Starter Subscription,Emp_19 SaaS_19,1,50.0,0.0
2023-09-17 09:00:00.000000,TechCorp_269,Starter Subscription,Emp_21 SaaS_21,1,50.0,0.0
2023-09-18 12:00:00.000000,TechCorp_8,Starter Subscription,Emp_0 SaaS_0,1,50.0,0.0
2023-09-18 14:00:00.000000,TechCorp_71,Pro Subscription,Emp_12 SaaS_12,1,200.0,0.0
2023-09-18 16:00:00.000000,TechCorp_105,Starter Subscription,Emp_0 SaaS_0,1,50.0,0.0
2023-09-18 10:00:00.000000,TechCorp_121,Pro Subscription,Emp_0 SaaS_0,1,200.0,0.0
2023-09-18 15:00:00.000000,TechCorp_174,Pro Subscription,Emp_29 SaaS_29,1,200.0,0.0
2023-09-18 11:00:00.000000,TechCorp_183,Starter Subscription,Emp_25 SaaS_25,1,50.0,0.0
2023-09-18 11:00:00.000000,TechCorp_266,Starter Subscription,Emp_0 SaaS_0,1,50.0,0.0
2023-09-18 14:00:00.000000,TechCorp_296,Pro Subscription,Emp_4 SaaS_4,1,200.0,0.0
2023-09-19 16:00:00.000000,TechCorp_14,Pro Subscription,Emp_25 SaaS_25,1,200.0,0.0
2023-09-19 16:00:00.000000,TechCorp_59,Pro Subscription,Emp_13 SaaS_13,1,200.0,0.0
2023-09-19 15:00:00.000000,TechCorp_62,Starter Subscription,Emp_12 SaaS_12,1,50.0,0.0
2023-09-19 12:00:00.000000,TechCorp_82,Starter Subscription,Emp_31 SaaS_31,1,50.0,0.0
2023-09-19 08:00:00.000000,TechCorp_150,Starter Subscription,Emp_6 SaaS_6,1,50.0,0.0
2023-09-20 13:00:00.000000,TechCorp_30,Pro Subscription,Emp_13 SaaS_13,1,200.0,0.0
2023-09-20 09:00:00.000000,TechCorp_98,Starter Subscription,Emp_6 SaaS_6,1,50.0,0.0
2023-09-20 14:00:00.000000,TechCorp_105,Starter Subscription,Emp_25 SaaS_25,1,50.0,0.0
2023-09-20 14:00:00.000000,TechCorp_160,Starter Subscription,Emp_6 SaaS_6,1,50.0,0.0
2023-09-20 14:00:00.000000,TechCorp_198,Pro Subscription,Emp_13 SaaS_13,1,200.0,0.0
2023-09-20 15:00:00.000000,TechCorp_203,Starter Subscription,Emp_0 SaaS_0,1,50.0,0.0
2023-09-20 12:00:00.000000,TechCorp_235,Enterprise License,Emp_31 SaaS_31,8,16000.0,0.0
2023-09-21 09:00:00.000000,TechCorp_95,Starter Subscription,Emp_3 SaaS_3,1,50.0,0.0
2023-09-21 14:00:00.000000,TechCorp_250,Starter Subscription,Emp_12 SaaS_12,1,50.0,0.0
2023-09-21 14:00:00.000000,TechCorp_291,Starter Subscription,Emp_21 SaaS_21,1,50.0,0.0
2023-09-22 11:00:00.000000,TechCorp_27,Pro Subscription,Emp_4 SaaS_4,1,200.0,0.0
2023-09-22 11:00:00.000000,TechCorp_32,Starter Subscription,Emp_12 SaaS_12,1,50.0,0.0
2023-09-22 17:00:00.000000,TechCorp_45,Pro Subscription,Emp_6 SaaS_6,1,200.0,0.0
2023-09-22 17:00:00.000000,TechCorp_62,Starter Subscription,Emp_31 SaaS_31,1,50.0,0.0
2023-09-22 17:00:00.000000,TechCorp_69,Pro Subscription,Emp_6 SaaS_6,1,200.0,0.0
2023-09-22 14:00:00.000000,TechCorp_77,Pro Subscription,Emp_29 SaaS_29,1,200.0,0.0
2023-09-22 13:00:00.000000,TechCorp_132,Pro Subscription,Emp_19 SaaS_19,1,200.0,0.0
2023-09-22 17:00:00.000000,TechCorp_149,Starter Subscription,Emp_6 SaaS_6,1,50.0,0.0
2023-09-22 11:00:00.000000,TechCorp_156,Starter Subscription,Emp_2 SaaS_2,1,50.0,0.0
2023-09-22 18:00:00.000000,TechCorp_265,Pro Subscription,Emp_12 SaaS_12,1,200.0,0.0
2023-09-22 14:00:00.000000,TechCorp_291,Starter Subscription,Emp_3 SaaS_3,1,50.0,0.0
2023-09-23 10:00:00.000000,TechCorp_45,Pro Subscription,Emp_3 SaaS_3,1,200.0,0.0
2023-09-23 14:00:00.000000,TechCorp_50,Starter Subscription,Emp_12 SaaS_12,1,50.0,0.0
2023-09-23 11:00:00.000000,TechCorp_97,Enterprise License,Emp_19 SaaS_19,8,16000.0,0.0
2023-09-23 09:00:00.000000,TechCorp_203,Starter Subscription,Emp_0 SaaS_0,1,50.0,0.0
2023-09-23 13:00:00.000000,TechCorp_250,Starter Subscription,Emp_0 SaaS_0,1,50.0,0.0
2023-09-23 15:00:00.000000,TechCorp_274,Starter Subscription,Emp_19 SaaS_19,1,50.0,0.0
2023-09-23 13:00:00.000000,TechCorp_294,Pro Subscription,Emp_19 SaaS_19,1,200.0,0.0
2023-09-23 10:00:00.000000,TechCorp_296,Pro Subscription,Emp_29 SaaS_29,1,200.0,0.0
2023-09-24 11:00:00.000000,TechCorp_92,Pro Subscription,Emp_13 SaaS_13,1,200.0,0.0
2023-09-24 14:00:00.000000,TechCorp_98,Starter Subscription,Emp_4 SaaS_4,1,50.0,0.0
2023-09-24 08:00:00.000000,TechCorp_232,Starter Subscription,Emp_3 SaaS_3,1,50.0,0.0
2023-09-24 10:00:00.000000,TechCorp_284,Starter Subscription,Emp_25 SaaS_25,1,50.0,0.0
2023-09-25 18:00:00.000000,TechCorp_12,Pro Subscription,Emp_25 SaaS_25,1,200.0,0.0
2023-09-25 13:00:00.000000,TechCorp_32,Starter Subscription,Emp_31 SaaS_31,1,50.0,0.0
2023-09-25 10:00:00.000000,TechCorp_41,Pro Subscription,Emp_3 SaaS_3,1,200.0,0.0
2023-09-25 11:00:00.000000,TechCorp_48,Pro Subscription,Emp_31 SaaS_31,1,200.0,0.0
2023-09-25 10:00:00.000000,TechCorp_82,Starter Subscription,Emp_4 SaaS_4,1,50.0,0.0
2023-09-25 11:00:00.000000,TechCorp_146,Starter Subscription,Emp_21 SaaS_21,1,50.0,0.0
2023-09-25 15:00:00.000000,TechCorp_185,Starter Subscription,Emp_4 SaaS_4,1,50.0,0.0
2023-09-26 13:00:00.000000,TechCorp_108,Pro Subscription,Emp_4 SaaS_4,1,200.0,0.0
2023-09-26 18:00:00.000000,TechCorp_121,Pro Subscription,Emp_31 SaaS_31,1,200.0,0.0
2023-09-26 09:00:00.000000,TechCorp_129,Starter Subscription,Emp_2 SaaS_2,1,50.0,0.0
2023-09-26 12:00:00.000000,TechCorp_180,Starter Subscription,Emp_25 SaaS_25,1,50.0,0.0
2023-09-27 09:00:00.000000,TechCorp_69,Pro Subscription,Emp_13 SaaS_13,1,200.0,0.0
2023-09-27 10:00:00.000000,TechCorp_140,Starter Subscription,Emp_13 SaaS_13,1,50.0,0.0
2023-09-27 14:00:00.000000,TechCorp_201,Starter Subscription,Emp_25 SaaS_25,1,50.0,0.0
2023-09-27 18:00:00.000000,TechCorp_232,Starter Subscription,Emp_21 SaaS_21,1,50.0,0.0
2023-09-27 14:00:00.000000,TechCorp_242,Starter Subscription,Emp_2 SaaS_2,1,50.0,0.0
2023-09-27 09:00:00.000000,TechCorp_265,Pro Subscription,Emp_4 SaaS_4,1,200.0,0.0
2023-09-27 17:00:00.000000,TechCorp_291,Starter Subscription,Emp_21 SaaS_21,1,50.0,0.0
2023-09-28 12:00:00.000000,TechCorp_11,Pro Subscription,Emp_25 SaaS_25,1,200.0,0.0
2023-09-28 12:00:00.000000,TechCorp_21,Pro Subscription,Emp_29 SaaS_29,1,200.0,0.0
2023-09-28 09:00:00.000000,TechCorp_39,Starter Subscription,Emp_25 SaaS_25,1,50.0,0.0
2023-09-28 10:00:00.000000,TechCorp_112,Starter Subscription,Emp_6 SaaS_6,1,50.0,0.0
2023-09-28 16:00:00.000000,TechCorp_118,Pro Subscription,Emp_21 SaaS_21,1,200.0,0.0
2023-09-28 09:00:00.000000,TechCorp_274,Starter Subscription,Emp_25 SaaS_25,1,50.0,0.0
2023-09-29 14:00:00.000000,TechCorp_28,Starter Subscription,Emp_21 SaaS_21,1,50.0,0.0
2023-09-29 18:00:00.000000,TechCorp_44,Starter Subscription,Emp_13 SaaS_13,1,50.0,0.0
2023-09-29 12:00:00.000000,TechCorp_98,Starter Subscription,Emp_2 SaaS_2,1,50.0,0.0
2023-09-29 16:00:00.000000,TechCorp_104,Starter Subscription,Emp_6 SaaS_6,1,50.0,0.0
2023-09-29 15:00:00.000000,TechCorp_156,Starter Subscription,Emp_21 SaaS_21,1,50.0,0.0
2023-09-29 12:00:00.000000,TechCorp_169,Starter Subscription,Emp_2 SaaS_2,1,50.0,0.0
2023-09-29 09:00:00.000000,TechCorp_207,Starter Subscription,Emp_29 SaaS_29,1,50.0,0.0
2023-09-29 11:00:00.000000,TechCorp_217,Starter Subscription,Emp_12 SaaS_12,1,50.0,0.0
2023-09-29 12:00:00.000000,TechCorp_285,Starter Subscription,Emp_3 SaaS_3,1,50.0,0.0
2023-09-30 08:00:00.000000,TechCorp_5,Enterprise License,Emp_13 SaaS_13,2,4000.0,0.0
2023-09-30 12:00:00.000000,TechCorp_39,Starter Subscription,Emp_4 SaaS_4,1,50.0,0.0
2023-09-30 12:00:00.000000,TechCorp_62,Starter Subscription,Emp_29 SaaS_29,1,50.0,0.0
2023-09-30 08:00:00.000000,TechCorp_77,Pro Subscription,Emp_6 SaaS_6,1,200.0,0.0
2023-09-30 08:00:00.000000,TechCorp_146,Starter Subscription,Emp_3 SaaS_3,1,50.0,0.0
2023-09-30 11:00:00.000000,TechCorp_198,Pro Subscription,Emp_3 SaaS_3,1,200.0,0.0
2023-09-30 16:00:00.000000,TechCorp_213,Starter Subscription,Emp_12 SaaS_12,1,50.0,0.0
2023-09-30 10:00:00.000000,TechCorp_214,Starter Subscription,Emp_0 SaaS_0,1,50.0,0.0
2023-09-30 17:00:00.000000,TechCorp_218,Starter Subscription,Emp_4 SaaS_4,1,50.0,0.0
2023-09-30 18:00:00.000000,TechCorp_240,Pro Subscription,Emp_0 SaaS_0,1,200.0,0.0
2023-10-01 18:00:00.000000,TechCorp_82,Starter Subscription,Emp_19 SaaS_19,1,50.0,0.0
2023-10-01 11:00:00.000000,TechCorp_129,Starter Subscription,Emp_19 SaaS_19,1,50.0,0.0
2023-10-01 14:00:00.000000,TechCorp_194,Starter Subscription,Emp_12 SaaS_12,1,50.0,0.0
2023-10-01 14:00:00.000000,TechCorp_271,Pro Subscription,Emp_29 SaaS_29,1,200.0,0.0
2023-10-01 14:00:00.000000,TechCorp_274,Starter Subscription,Emp_25 SaaS_25,1,50.0,0.0
2023-10-02 17:00:00.000000,TechCorp_5,Enterprise License,Emp_4 SaaS_4,8,16000.0,0.0
2023-10-02 13:00:00.000000,TechCorp_40,Pro Subscription,Emp_19 SaaS_19,1,200.0,0.0
2023-10-02 11:00:00.000000,TechCorp_98,Starter Subscription,Emp_13 SaaS_13,1,50.0,0.0
2023-10-02 09:00:00.000000,TechCorp_116,Starter Subscription,Emp_3 SaaS_3,1,50.0,0.0
2023-10-02 08:00:00.000000,TechCorp_121,Pro Subscription,Emp_31 SaaS_31,1,200.0,0.0
2023-10-02 18:00:00.000000,TechCorp_168,Enterprise License,Emp_29 SaaS_29,6,12000.0,0.0
2023-10-02 13:00:00.000000,TechCorp_182,Starter Subscription,Emp_13 SaaS_13,1,50.0,0.0
2023-10-02 18:00:00.000000,TechCorp_203,Starter Subscription,Emp_0 SaaS_0,1,50.0,0.0
2023-10-02 16:00:00.000000,TechCorp_232,Starter Subscription,Emp_31 SaaS_31,1,50.0,0.0
2023-10-02 12:00:00.000000,TechCorp_240,Pro Subscription,Emp_29 SaaS_29,1,200.0,0.0
2023-10-02 14:00:00.000000,TechCorp_285,Starter Subscription,Emp_21 SaaS_21,1,50.0,0.0
2023-10-02 17:00:00.000000,TechCorp_297,Starter Subscription,Emp_0 SaaS_0,1,50.0,0.0
2023-10-03 08:00:00.000000,TechCorp_46,Enterprise License,Emp_12 SaaS_12,6,12000.0,0.0
2023-10-03 11:00:00.000000,TechCorp_113,Pro Subscription,Emp_0 SaaS_0,1,200.0,0.0
2023-10-03 16:00:00.000000,TechCorp_151,Starter Subscription,Emp_19 SaaS_19,1,50.0,0.0
2023-10-03 17:00:00.000000,TechCorp_157,Starter Subscription,Emp_19 SaaS_19,1,50.0,0.0
2023-10-03 11:00:00.000000,TechCorp_168,Enterprise License,Emp_21 SaaS_21,8,16000.0,0.0
2023-10-03 17:00:00.000000,TechCorp_295,Starter Subscription,Emp_31 SaaS_31,1,50.0,0.0
2023-10-04 08:00:00.000000,TechCorp_26,Starter Subscription,Emp_12 SaaS_12,1,50.0,0.0
2023-10-04 10:00:00.000000,TechCorp_56,Enterprise License,Emp_13 SaaS_13,1,2000.0,0.0
2023-10-04 11:00:00.000000,TechCorp_118,Pro Subscription,Emp_2 SaaS_2,1,200.0,0.0
2023-10-04 08:00:00.000000,TechCorp_149,Starter Subscription,Emp_31 SaaS_31,1,50.0,0.0
2023-10-04 09:00:00.000000,TechCorp_169,Starter Subscription,Emp_25 SaaS_25,1,50.0,0.0
2023-10-04 13:00:00.000000,TechCorp_171,Pro Subscription,Emp_6 SaaS_6,1,200.0,0.0
2023-10-04 08:00:00.000000,TechCorp_207,Starter Subscription,Emp_0 SaaS_0,1,50.0,0.0
2023-10-04 12:00:00.000000,TechCorp_269,Starter Subscription,Emp_31 SaaS_31,1,50.0,0.0
2023-10-04 09:00:00.000000,TechCorp_285,Starter Subscription,Emp_3 SaaS_3,1,50.0,0.0
2023-10-05 17:00:00.000000,TechCorp_27,Pro Subscription,Emp_13 SaaS_13,1,200.0,0.0
2023-10-05 18:00:00.000000,TechCorp_91,Starter Subscription,Emp_13 SaaS_13,1,50.0,0.0
2023-10-05 11:00:00.000000,TechCorp_112,Starter Subscription,Emp_19 SaaS_19,1,50.0,0.0
2023-10-05 12:00:00.000000,TechCorp_136,Pro Subscription,Emp_25 SaaS_25,1,200.0,0.0
2023-10-05 18:00:00.000000,TechCorp_218,Starter Subscription,Emp_12 SaaS_12,1,50.0,0.0
2023-10-05 17:00:00.000000,TechCorp_224,Pro Subscription,Emp_3 SaaS_3,1,200.0,0.0
2023-10-05 09:00:00.000000,TechCorp_262,Starter Subscription,Emp_31 SaaS_31,1,50.0,0.0
2023-10-05 18:00:00.000000,TechCorp_266,Starter Subscription,Emp_21 SaaS_21,1,50.0,0.0
2023-10-05 18:00:00.000000,TechCorp_278,Starter Subscription,Emp_29 SaaS_29,1,50.0,0.0
2023-10-05 10:00:00.000000,TechCorp_296,Pro Subscription,Emp_0 SaaS_0,1,200.0,0.0
2023-10-05 15:00:00.000000,TechCorp_297,Starter Subscription,Emp_29 SaaS_29,1,50.0,0.0
2023-10-06 13:00:00.000000,TechCorp_25,Starter Subscription,Emp_19 SaaS_19,1,50.0,0.0
2023-10-06 14:00:00.000000,TechCorp_44,Starter Subscription,Emp_21 SaaS_21,1,50.0,0.0
2023-10-06 16:00:00.000000,TechCorp_121,Pro Subscription,Emp_25 SaaS_25,1,200.0,0.0
2023-10-06 08:00:00.000000,TechCorp_149,Starter Subscription,Emp_31 SaaS_31,1,50.0,0.0
2023-10-06 10:00:00.000000,TechCorp_157,Starter Subscription,Emp_21 SaaS_21,1,50.0,0.0
2023-10-06 15:00:00.000000,TechCorp_169,Starter Subscription,Emp_4 SaaS_4,1,50.0,0.0
2023-10-06 16:00:00.000000,TechCorp_205,Starter Subscription,Emp_0 SaaS_0,1,50.0,0.0
2023-10-06 10:00:00.000000,TechCorp_278,Starter Subscription,Emp_13 SaaS_13,1,50.0,0.0
2023-10-07 17:00:00.000000,TechCorp_17,Starter Subscription,Emp_29 SaaS_29,1,50.0,0.0
2023-10-07 11:00:00.000000,TechCorp_104,Starter Subscription,Emp_25 SaaS_25,1,50.0,0.0
2023-10-07 16:00:00.000000,TechCorp_149,Starter Subscription,Emp_12 SaaS_12,1,50.0,0.0
2023-10-07 18:00:00.000000,TechCorp_169,Starter Subscription,Emp_3 SaaS_3,1,50.0,0.0
2023-10-07 10:00:00.000000,TechCorp_247,Pro Subscription,Emp_29 SaaS_29,1,200.0,0.0
2023-10-08 11:00:00.000000,TechCorp_40,Pro Subscription,Emp_31 SaaS_31,1,200.0,0.0
2023-10-08 12:00:00.000000,TechCorp_56,Enterprise License,Emp_0 SaaS_0,1,2000.0,0.0
2023-10-08 13:00:00.000000,TechCorp_92,Pro Subscription,Emp_2 SaaS_2,1,200.0,0.0
2023-10-08 11:00:00.000000,TechCorp_105,Starter Subscription,Emp_21 SaaS_21,1,50.0,0.0
2023-10-08 16:00:00.000000,TechCorp_136,Pro Subscription,Emp_25 SaaS_25,1,200.0,0.0
2023-10-08 13:00:00.000000,TechCorp_157,Starter Subscription,Emp_3 SaaS_3,1,50.0,0.0
2023-10-08 09:00:00.000000,TechCorp_172,Pro Subscription,Emp_13 SaaS_13,1,200.0,0.0
2023-10-08 18:00:00.000000,TechCorp_183,Starter Subscription,Emp_29 SaaS_29,1,50.0,0.0
2023-10-08 09:00:00.000000,TechCorp_193,Enterprise License,Emp_2 SaaS_2,6,12000.0,0.0
2023-10-08 10:00:00.000000,TechCorp_285,Starter Subscription,Emp_4 SaaS_4,1,50.0,0.0
2023-10-09 12:00:00.000000,TechCorp_36,Starter Subscription,Emp_13 SaaS_13,1,50.0,0.0
2023-10-09 16:00:00.000000,TechCorp_57,Pro Subscription,Emp_4 SaaS_4,1,200.0,0.0
2023-10-09 18:00:00.000000,TechCorp_98,Starter Subscription,Emp_3 SaaS_3,1,50.0,0.0
2023-10-09 16:00:00.000000,TechCorp_116,Starter Subscription,Emp_2 SaaS_2,1,50.0,0.0
2023-10-09 08:00:00.000000,TechCorp_297,Starter Subscription,Emp_6 SaaS_6,1,50.0,0.0
2023-10-10 10:00:00.000000,TechCorp_180,Starter Subscription,Emp_2 SaaS_2,1,50.0,0.0
2023-10-10 10:00:00.000000,TechCorp_187,Starter Subscription,Emp_6 SaaS_6,1,50.0,0.0
2023-10-10 16:00:00.000000,TechCorp_218,Starter Subscription,Emp_2 SaaS_2,1,50.0,0.0
2023-10-10 17:00:00.000000,TechCorp_255,Starter Subscription,Emp_6 SaaS_6,1,50.0,0.0
2023-10-11 11:00:00.000000,TechCorp_17,Starter Subscription,Emp_12 SaaS_12,1,50.0,0.0
2023-10-11 10:00:00.000000,TechCorp_27,Pro Subscription,Emp_4 SaaS_4,1,200.0,0.0
2023-10-11 17:00:00.000000,TechCorp_58,Starter Subscription,Emp_4 SaaS_4,1,50.0,0.0
2023-10-11 14:00:00.000000,TechCorp_71,Pro Subscription,Emp_29 SaaS_29,1,200.0,0.0
2023-10-11 14:00:00.000000,TechCorp_105,Starter Subscription,Emp_12 SaaS_12,1,50.0,0.0
2023-10-11 12:00:00.000000,TechCorp_121,Pro Subscription,Emp_4 SaaS_4,1,200.0,0.0
2023-10-11 15:00:00.000000,TechCorp_172,Pro Subscription,Emp_2 SaaS_2,1,200.0,0.0
2023-10-11 17:00:00.000000,TechCorp_182,Starter Subscription,Emp_25 SaaS_25,1,50.0,0.0
2023-10-11 09:00:00.000000,TechCorp_213,Starter Subscription,Emp_19 SaaS_19,1,50.0,0.0
2023-10-11 14:00:00.000000,TechCorp_217,Starter Subscription,Emp_25 SaaS_25,1,50.0,0.0
2023-10-11 09:00:00.000000,TechCorp_269,Starter Subscription,Emp_13 SaaS_13,1,50.0,0.0
2023-10-11 12:00:00.000000,TechCorp_295,Starter Subscription,Emp_12 SaaS_12,1,50.0,0.0
2023-10-11 13:00:00.000000,TechCorp_297,Starter Subscription,Emp_13 SaaS_13,1,50.0,0.0
2023-10-12 12:00:00.000000,TechCorp_8,Starter Subscription,Emp_3 SaaS_3,1,50.0,0.0
2023-10-12 11:00:00.000000,TechCorp_156,Starter Subscription,Emp_2 SaaS_2,1,50.0,0.0
2023-10-12 08:00:00.000000,TechCorp_281,Pro Subscription,Emp_25 SaaS_25,1,200.0,0.0
2023-10-13 08:00:00.000000,TechCorp_26,Starter Subscription,Emp_6 SaaS_6,1,50.0,0.0
2023-10-13 15:00:00.000000,TechCorp_91,Starter Subscription,Emp_31 SaaS_31,1,50.0,0.0
2023-10-13 13:00:00.000000,TechCorp_107,Starter Subscription,Emp_31 SaaS_31,1,50.0,0.0
2023-10-13 18:00:00.000000,TechCorp_116,Starter Subscription,Emp_25 SaaS_25,1,50.0,0.0
2023-10-13 10:00:00.000000,TechCorp_129,Starter Subscription,Emp_25 SaaS_25,1,50.0,0.0
2023-10-13 18:00:00.000000,TechCorp_191,Pro Subscription,Emp_3 SaaS_3,1,200.0,0.0
2023-10-14 08:00:00.000000,TechCorp_23,Pro Subscription,Emp_4 SaaS_4,1,200.0,0.0
2023-10-14 08:00:00.000000,TechCorp_87,Pro Subscription,Emp_6 SaaS_6,1,200.0,0.0
2023-10-14 13:00:00.000000,TechCorp_97,Enterprise License,Emp_25 SaaS_25,7,14000.0,0.0
2023-10-14 09:00:00.000000,TechCorp_146,Starter Subscription,Emp_31 SaaS_31,1,50.0,0.0
2023-10-14 16:00:00.000000,TechCorp_152,Pro Subscription,Emp_29 SaaS_29,1,200.0,0.0
2023-10-14 17:00:00.000000,TechCorp_207,Starter Subscription,Emp_4 SaaS_4,1,50.0,0.0
2023-10-14 18:00:00.000000,TechCorp_240,Pro Subscription,Emp_29 SaaS_29,1,200.0,0.0
2023-10-14 10:00:00.000000,TechCorp_278,Starter Subscription,Emp_29 SaaS_29,1,50.0,0.0
2023-10-14 16:00:00.000000,TechCorp_288,Pro Subscription,Emp_0 SaaS_0,1,200.0,0.0
2023-10-14 13:00:00.000000,TechCorp_295,Starter Subscription,Emp_6 SaaS_6,1,50.0,0.0
2023-10-15 08:00:00.000000,TechCorp_5,Enterprise License,Emp_6 SaaS_6,10,20000.0,0.0
2023-10-15 09:00:00.000000,TechCorp_60,Enterprise License,Emp_31 SaaS_31,2,4000.0,0.0
2023-10-15 12:00:00.000000,TechCorp_64,Pro Subscription,Emp_19 SaaS_19,1,200.0,0.0
2023-10-15 08:00:00.000000,TechCorp_80,Enterprise License,Emp_4 SaaS_4,9,18000.0,0.0
2023-10-16 11:00:00.000000,TechCorp_26,Starter Subscription,Emp_12 SaaS_12,1,50.0,0.0
2023-10-16 18:00:00.000000,TechCorp_61,Pro Subscription,Emp_21 SaaS_21,1,200.0,0.0
2023-10-16 13:00:00.000000,TechCorp_87,Pro Subscription,Emp_4 SaaS_4,1,200.0,0.0
2023-10-16 11:00:00.000000,TechCorp_108,Pro Subscription,Emp_25 SaaS_25,1,200.0,0.0
2023-10-16 13:00:00.000000,TechCorp_131,Starter Subscription,Emp_31 SaaS_31,1,50.0,0.0
2023-10-16 09:00:00.000000,TechCorp_152,Pro Subscription,Emp_12 SaaS_12,1,200.0,0.0
2023-10-17 13:00:00.000000,TechCorp_97,Enterprise License,Emp_19 SaaS_19,10,20000.0,0.0
2023-10-17 16:00:00.000000,TechCorp_112,Starter Subscription,Emp_6 SaaS_6,1,50.0,0.0
2023-10-17 15:00:00.000000,TechCorp_174,Pro Subscription,Emp_0 SaaS_0,1,200.0,0.0
2023-10-17 09:00:00.000000,TechCorp_192,Starter Subscription,Emp_19 SaaS_19,1,50.0,0.0
2023-10-17 16:00:00.000000,TechCorp_203,Starter Subscription,Emp_13 SaaS_13,1,50.0,0.0
2023-10-18 09:00:00.000000,TechCorp_187,Starter Subscription,Emp_6 SaaS_6,1,50.0,0.0
2023-10-18 17:00:00.000000,TechCorp_217,Starter Subscription,Emp_0 SaaS_0,1,50.0,0.0
2023-10-18 16:00:00.000000,TechCorp_260,Starter Subscription,Emp_21 SaaS_21,1,50.0,0.0
2023-10-18 12:00:00.000000,TechCorp_265,Pro Subscription,Emp_2 SaaS_2,1,200.0,0.0
2023-10-18 18:00:00.000000,TechCorp_294,Pro Subscription,Emp_4 SaaS_4,1,200.0,0.0
2023-10-18 12:00:00.000000,TechCorp_296,Pro Subscription,Emp_25 SaaS_25,1,200.0,0.0
2023-10-18 17:00:00.000000,TechCorp_297,Starter Subscription,Emp_31 SaaS_31,1,50.0,0.0
2023-10-19 16:00:00.000000,TechCorp_59,Pro Subscription,Emp_19 SaaS_19,1,200.0,0.0
2023-10-19 17:00:00.000000,TechCorp_62,Starter Subscription,Emp_4 SaaS_4,1,50.0,0.0
2023-10-19 13:00:00.000000,TechCorp_82,Starter Subscription,Emp_19 SaaS_19,1,50.0,0.0
2023-10-19 08:00:00.000000,TechCorp_142,Starter Subscription,Emp_12 SaaS_12,1,50.0,0.0
2023-10-19 12:00:00.000000,TechCorp_192,Starter Subscription,Emp_4 SaaS_4,1,50.0,0.0
2023-10-19 11:00:00.000000,TechCorp_216,Starter Subscription,Emp_3 SaaS_3,1,50.0,0.0
2023-10-19 16:00:00.000000,TechCorp_250,Starter Subscription,Emp_6 SaaS_6,1,50.0,0.0
2023-10-19 13:00:00.000000,TechCorp_269,Starter Subscription,Emp_6 SaaS_6,1,50.0,0.0
2023-10-20 15:00:00.000000,TechCorp_58,Starter Subscription,Emp_19 SaaS_19,1,50.0,0.0
2023-10-20 18:00:00.000000,TechCorp_62,Starter Subscription,Emp_4 SaaS_4,1,50.0,0.0
2023-10-20 16:00:00.000000,TechCorp_105,Starter Subscription,Emp_29 SaaS_29,1,50.0,0.0
2023-10-20 14:00:00.000000,TechCorp_129,Starter Subscription,Emp_31 SaaS_31,1,50.0,0.0
2023-10-20 14:00:00.000000,TechCorp_160,Starter Subscription,Emp_6 SaaS_6,1,50.0,0.0
2023-10-20 11:00:00.000000,TechCorp_198,Pro Subscription,Emp_19 SaaS_19,1,200.0,0.0
2023-10-20 17:00:00.000000,TechCorp_221,Starter Subscription,Emp_3 SaaS_3,1,50.0,0.0
2023-10-21 09:00:00.000000,TechCorp_2,Pro Subscription,Emp_31 SaaS_31,1,200.0,0.0
2023-10-21 15:00:00.000000,TechCorp_5,Enterprise License,Emp_6 SaaS_6,9,18000.0,0.0
2023-10-21 13:00:00.000000,TechCorp_46,Enterprise License,Emp_3 SaaS_3,2,4000.0,0.0
2023-10-21 13:00:00.000000,TechCorp_76,Starter Subscription,Emp_21 SaaS_21,1,50.0,0.0
2023-10-21 08:00:00.000000,TechCorp_90,Pro Subscription,Emp_2 SaaS_2,1,200.0,0.0
2023-10-21 09:00:00.000000,TechCorp_116,Starter Subscription,Emp_25 SaaS_25,1,50.0,0.0
2023-10-21 16:00:00.000000,TechCorp_133,Pro Subscription,Emp_3 SaaS_3,1,200.0,0.0
2023-10-21 10:00:00.000000,TechCorp_281,Pro Subscription,Emp_25 SaaS_25,1,200.0,0.0
2023-10-21 11:00:00.000000,TechCorp_285,Starter Subscription,Emp_6 SaaS_6,1,50.0,0.0
2023-10-22 14:00:00.000000,TechCorp_26,Starter Subscription,Emp_25 SaaS_25,1,50.0,0.0
2023-10-22 08:00:00.000000,TechCorp_61,Pro Subscription,Emp_29 SaaS_29,1,200.0,0.0
2023-10-22 11:00:00.000000,TechCorp_131,Starter Subscription,Emp_3 SaaS_3,1,50.0,0.0
2023-10-22 08:00:00.000000,TechCorp_133,Pro Subscription,Emp_31 SaaS_31,1,200.0,0.0
2023-10-22 13:00:00.000000,TechCorp_191,Pro Subscription,Emp_4 SaaS_4,1,200.0,0.0
2023-10-22 15:00:00.000000,TechCorp_216,Starter Subscription,Emp_4 SaaS_4,1,50.0,0.0
2023-10-22 11:00:00.000000,TechCorp_266,Starter Subscription,Emp_3 SaaS_3,1,50.0,0.0
2023-10-23 11:00:00.000000,TechCorp_28,Starter Subscription,Emp_31 SaaS_31,1,50.0,0.0
2023-10-23 14:00:00.000000,TechCorp_62,Starter Subscription,Emp_2 SaaS_2,1,50.0,0.0
2023-10-23 14:00:00.000000,TechCorp_90,Pro Subscription,Emp_2 SaaS_2,1,200.0,0.0
2023-10-23 16:00:00.000000,TechCorp_118,Pro Subscription,Emp_0 SaaS_0,1,200.0,0.0
2023-10-23 14:00:00.000000,TechCorp_143,Starter Subscription,Emp_29 SaaS_29,1,50.0,0.0
2023-10-23 18:00:00.000000,TechCorp_162,Enterprise License,Emp_0 SaaS_0,6,12000.0,0.0
2023-10-23 10:00:00.000000,TechCorp_183,Starter Subscription,Emp_31 SaaS_31,1,50.0,0.0
2023-10-23 14:00:00.000000,TechCorp_255,Starter Subscription,Emp_13 SaaS_13,1,50.0,0.0
2023-10-23 08:00:00.000000,TechCorp_296,Pro Subscription,Emp_3 SaaS_3,1,200.0,0.0
2023-10-24 09:00:00.000000,TechCorp_13,Enterprise License,Emp_13 SaaS_13,4,8000.0,0.0
2023-10-24 08:00:00.000000,TechCorp_40,Pro Subscription,Emp_12 SaaS_12,1,200.0,0.0
2023-10-24 17:00:00.000000,TechCorp_46,Enterprise License,Emp_21 SaaS_21,10,20000.0,0.0
2023-10-24 12:00:00.000000,TechCorp_62,Starter Subscription,Emp_4 SaaS_4,1,50.0,0.0
2023-10-24 09:00:00.000000,TechCorp_75,Starter Subscription,Emp_6 SaaS_6,1,50.0,0.0
2023-10-24 12:00:00.000000,TechCorp_145,Starter Subscription,Emp_2 SaaS_2,1,50.0,0.0
2023-10-24 09:00:00.000000,TechCorp_152,Pro Subscription,Emp_13 SaaS_13,1,200.0,0.0
2023-10-24 16:00:00.000000,TechCorp_156,Starter Subscription,Emp_2 SaaS_2,1,50.0,0.0
2023-10-24 16:00:00.000000,TechCorp_171,Pro Subscription,Emp_13 SaaS_13,1,200.0,0.0
2023-10-24 12:00:00.000000,TechCorp_193,Enterprise License,Emp_31 SaaS_31,3,6000.0,0.0
2023-10-24 09:00:00.000000,TechCorp_213,Starter Subscription,Emp_2 SaaS_2,1,50.0,0.0
2023-10-24 10:00:00.000000,TechCorp_215,Starter Subscription,Emp_13 SaaS_13,1,50.0,0.0
2023-10-24 08:00:00.000000,TechCorp_235,Enterprise License,Emp_6 SaaS_6,2,4000.0,0.0
2023-10-24 12:00:00.000000,TechCorp_284,Starter Subscription,Emp_2 SaaS_2,1,50.0,0.0
2023-10-24 13:00:00.000000,TechCorp_296,Pro Subscription,Emp_2 SaaS_2,1,200.0,0.0
2023-10-25 14:00:00.000000,TechCorp_21,Pro Subscription,Emp_19 SaaS_19,1,200.0,0.0
2023-10-25 11:00:00.000000,TechCorp_47,Pro Subscription,Emp_19 SaaS_19,1,200.0,0.0
2023-10-25 11:00:00.000000,TechCorp_59,Pro Subscription,Emp_4 SaaS_4,1,200.0,0.0
2023-10-25 14:00:00.000000,TechCorp_79,Pro Subscription,Emp_0 SaaS_0,1,200.0,0.0
2023-10-25 12:00:00.000000,TechCorp_120,Starter Subscription,Emp_0 SaaS_0,1,50.0,0.0
2023-10-25 18:00:00.000000,TechCorp_141,Starter Subscription,Emp_4 SaaS_4,1,50.0,0.0
2023-10-25 16:00:00.000000,TechCorp_169,Starter Subscription,Emp_2 SaaS_2,1,50.0,0.0
2023-10-25 09:00:00.000000,TechCorp_190,Pro Subscription,Emp_6 SaaS_6,1,200.0,0.0
2023-10-25 11:00:00.000000,TechCorp_224,Pro Subscription,Emp_31 SaaS_31,1,200.0,0.0
2023-10-25 08:00:00.000000,TechCorp_234,Starter Subscription,Emp_6 SaaS_6,1,50.0,0.0
2023-10-26 08:00:00.000000,TechCorp_23,Pro Subscription,Emp_12 SaaS_12,1,200.0,0.0
2023-10-26 12:00:00.000000,TechCorp_57,Pro Subscription,Emp_29 SaaS_29,1,200.0,0.0
2023-10-26 11:00:00.000000,TechCorp_61,Pro Subscription,Emp_25 SaaS_25,1,200.0,0.0
2023-10-26 18:00:00.000000,TechCorp_98,Starter Subscription,Emp_2 SaaS_2,1,50.0,0.0
2023-10-26 18:00:00.000000,TechCorp_136,Pro Subscription,Emp_31 SaaS_31,1,200.0,0.0
2023-10-27 16:00:00.000000,TechCorp_28,Starter Subscription,Emp_0 SaaS_0,1,50.0,0.0
2023-10-27 10:00:00.000000,TechCorp_77,Pro Subscription,Emp_4 SaaS_4,1,200.0,0.0
2023-10-27 17:00:00.000000,TechCorp_86,Starter Subscription,Emp_12 SaaS_12,1,50.0,0.0
2023-10-27 16:00:00.000000,TechCorp_156,Starter Subscription,Emp_31 SaaS_31,1,50.0,0.0
2023-10-27 15:00:00.000000,TechCorp_180,Starter Subscription,Emp_29 SaaS_29,1,50.0,0.0
2023-10-27 10:00:00.000000,TechCorp_200,Pro Subscription,Emp_0 SaaS_0,1,200.0,0.0
2023-10-27 12:00:00.000000,TechCorp_203,Starter Subscription,Emp_3 SaaS_3,1,50.0,0.0
2023-10-27 13:00:00.000000,TechCorp_241,Pro Subscription,Emp_2 SaaS_2,1,200.0,0.0
2023-10-27 09:00:00.000000,TechCorp_242,Starter Subscription,Emp_25 SaaS_25,1,50.0,0.0
2023-10-27 14:00:00.000000,TechCorp_260,Starter Subscription,Emp_0 SaaS_0,1,50.0,0.0
2023-10-27 18:00:00.000000,TechCorp_266,Starter Subscription,Emp_21 SaaS_21,1,50.0,0.0
2023-10-28 08:00:00.000000,TechCorp_13,Enterprise License,Emp_6 SaaS_6,4,8000.0,0.0
2023-10-28 14:00:00.000000,TechCorp_22,Enterprise License,Emp_13 SaaS_13,2,4000.0,0.0
2023-10-28 16:00:00.000000,TechCorp_26,Starter Subscription,Emp_6 SaaS_6,1,50.0,0.0
2023-10-28 10:00:00.000000,TechCorp_42,Pro Subscription,Emp_6 SaaS_6,1,200.0,0.0
2023-10-28 17:00:00.000000,TechCorp_47,Pro Subscription,Emp_13 SaaS_13,1,200.0,0.0
2023-10-28 16:00:00.000000,TechCorp_77,Pro Subscription,Emp_21 SaaS_21,1,200.0,0.0
2023-10-28 09:00:00.000000,TechCorp_108,Pro Subscription,Emp_2 SaaS_2,1,200.0,0.0
2023-10-28 13:00:00.000000,TechCorp_138,Starter Subscription,Emp_21 SaaS_21,1,50.0,0.0
2023-10-28 13:00:00.000000,TechCorp_169,Starter Subscription,Emp_25 SaaS_25,1,50.0,0.0
2023-10-28 12:00:00.000000,TechCorp_192,Starter Subscription,Emp_12 SaaS_12,1,50.0,0.0
2023-10-28 09:00:00.000000,TechCorp_217,Starter Subscription,Emp_12 SaaS_12,1,50.0,0.0
2023-10-28 16:00:00.000000,TechCorp_241,Pro Subscription,Emp_4 SaaS_4,1,200.0,0.0
2023-10-28 11:00:00.000000,TechCorp_288,Pro Subscription,Emp_4 SaaS_4,1,200.0,0.0
2023-10-29 14:00:00.000000,TechCorp_47,Pro Subscription,Emp_25 SaaS_25,1,200.0,0.0
2023-10-29 12:00:00.000000,TechCorp_75,Starter Subscription,Emp_4 SaaS_4,1,50.0,0.0
2023-10-29 11:00:00.000000,TechCorp_128,Starter Subscription,Emp_0 SaaS_0,1,50.0,0.0
2023-10-29 16:00:00.000000,TechCorp_145,Starter Subscription,Emp_21 SaaS_21,1,50.0,0.0
2023-10-29 11:00:00.000000,TechCorp_155,Starter Subscription,Emp_13 SaaS_13,1,50.0,0.0
2023-10-29 10:00:00.000000,TechCorp_163,Pro Subscription,Emp_4 SaaS_4,1,200.0,0.0
2023-10-29 09:00:00.000000,TechCorp_232,Starter Subscription,Emp_19 SaaS_19,1,50.0,0.0
2023-10-29 14:00:00.000000,TechCorp_265,Pro Subscription,Emp_12 SaaS_12,1,200.0,0.0
2023-10-29 14:00:00.000000,TechCorp_266,Starter Subscription,Emp_2 SaaS_2,1,50.0,0.0
2023-10-29 12:00:00.000000,TechCorp_290,Starter Subscription,Emp_12 SaaS_12,1,50.0,0.0
2023-10-30 16:00:00.000000,TechCorp_26,Starter Subscription,Emp_3 SaaS_3,1,50.0,0.0
2023-10-30 09:00:00.000000,TechCorp_48,Pro Subscription,Emp_19 SaaS_19,1,200.0,0.0
2023-10-30 08:00:00.000000,TechCorp_56,Enterprise License,Emp_31 SaaS_31,8,16000.0,0.0
2023-10-30 17:00:00.000000,TechCorp_60,Enterprise License,Emp_4 SaaS_4,4,8000.0,0.0
2023-10-30 13:00:00.000000,TechCorp_105,Starter Subscription,Emp_4 SaaS_4,1,50.0,0.0
2023-10-30 09:00:00.000000,TechCorp_107,Starter Subscription,Emp_3 SaaS_3,1,50.0,0.0
2023-10-30 17:00:00.000000,TechCorp_171,Pro Subscription,Emp_13 SaaS_13,1,200.0,0.0
2023-10-30 08:00:00.000000,TechCorp_205,Starter Subscription,Emp_31 SaaS_31,1,50.0,0.0
2023-10-30 11:00:00.000000,TechCorp_259,Starter Subscription,Emp_19 SaaS_19,1,50.0,0.0
2023-10-31 17:00:00.000000,TechCorp_11,Pro Subscription,Emp_25 SaaS_25,1,200.0,0.0
2023-10-31 09:00:00.000000,TechCorp_21,Pro Subscription,Emp_19 SaaS_19,1,200.0,0.0
2023-10-31 18:00:00.000000,TechCorp_22,Enterprise License,Emp_13 SaaS_13,9,18000.0,0.0
2023-10-31 15:00:00.000000,TechCorp_27,Pro Subscription,Emp_29 SaaS_29,1,200.0,0.0
2023-10-31 08:00:00.000000,TechCorp_56,Enterprise License,Emp_0 SaaS_0,10,20000.0,0.0
2023-10-31 08:00:00.000000,TechCorp_64,Pro Subscription,Emp_3 SaaS_3,1,200.0,0.0
2023-10-31 16:00:00.000000,TechCorp_182,Starter Subscription,Emp_12 SaaS_12,1,50.0,0.0
2023-10-31 13:00:00.000000,TechCorp_192,Starter Subscription,Emp_21 SaaS_21,1,50.0,0.0
2023-10-31 13:00:00.000000,TechCorp_215,Starter Subscription,Emp_19 SaaS_19,1,50.0,0.0
2023-10-31 08:00:00.000000,TechCorp_291,Starter Subscription,Emp_3 SaaS_3,1,50.0,0.0
2023-11-01 17:00:00.000000,TechCorp_33,Enterprise License,Emp_4 SaaS_4,3,6000.0,0.0
2023-11-01 13:00:00.000000,TechCorp_56,Enterprise License,Emp_3 SaaS_3,5,10000.0,0.0
2023-11-01 17:00:00.000000,TechCorp_92,Pro Subscription,Emp_3 SaaS_3,1,200.0,0.0
2023-11-01 10:00:00.000000,TechCorp_128,Starter Subscription,Emp_6 SaaS_6,1,50.0,0.0
2023-11-01 14:00:00.000000,TechCorp_155,Starter Subscription,Emp_12 SaaS_12,1,50.0,0.0
2023-11-01 10:00:00.000000,TechCorp_163,Pro Subscription,Emp_19 SaaS_19,1,200.0,0.0
2023-11-01 14:00:00.000000,TechCorp_218,Starter Subscription,Emp_13 SaaS_13,1,50.0,0.0
2023-11-01 13:00:00.000000,TechCorp_266,Starter Subscription,Emp_25 SaaS_25,1,50.0,0.0
2023-11-01 10:00:00.000000,TechCorp_288,Pro Subscription,Emp_0 SaaS_0,1,200.0,0.0
2023-11-02 14:00:00.000000,TechCorp_5,Enterprise License,Emp_21 SaaS_21,7,14000.0,0.0
2023-11-02 11:00:00.000000,TechCorp_29,Pro Subscription,Emp_3 SaaS_3,1,200.0,0.0
2023-11-02 15:00:00.000000,TechCorp_30,Pro Subscription,Emp_19 SaaS_19,1,200.0,0.0
2023-11-02 09:00:00.000000,TechCorp_136,Pro Subscription,Emp_2 SaaS_2,1,200.0,0.0
2023-11-02 12:00:00.000000,TechCorp_156,Starter Subscription,Emp_21 SaaS_21,1,50.0,0.0
2023-11-02 18:00:00.000000,TechCorp_190,Pro Subscription,Emp_13 SaaS_13,1,200.0,0.0
2023-11-02 14:00:00.000000,TechCorp_205,Starter Subscription,Emp_0 SaaS_0,1,50.0,0.0
2023-11-02 11:00:00.000000,TechCorp_216,Starter Subscription,Emp_25 SaaS_25,1,50.0,0.0
2023-11-02 09:00:00.000000,TechCorp_254,Pro Subscription,Emp_12 SaaS_12,1,200.0,0.0
2023-11-02 13:00:00.000000,TechCorp_296,Pro Subscription,Emp_12 SaaS_12,1,200.0,0.0
2023-11-03 18:00:00.000000,TechCorp_57,Pro Subscription,Emp_3 SaaS_3,1,200.0,0.0
2023-11-03 12:00:00.000000,TechCorp_108,Pro Subscription,Emp_2 SaaS_2,1,200.0,0.0
2023-11-03 16:00:00.000000,TechCorp_142,Starter Subscription,Emp_25 SaaS_25,1,50.0,0.0
2023-11-03 12:00:00.000000,TechCorp_194,Starter Subscription,Emp_25 SaaS_25,1,50.0,0.0
2023-11-03 08:00:00.000000,TechCorp_284,Starter Subscription,Emp_2 SaaS_2,1,50.0,0.0
2023-11-04 18:00:00.000000,TechCorp_22,Enterprise License,Emp_19 SaaS_19,4,8000.0,0.0
2023-11-04 17:00:00.000000,TechCorp_50,Starter Subscription,Emp_25 SaaS_25,1,50.0,0.0
2023-11-04 09:00:00.000000,TechCorp_76,Starter Subscription,Emp_31 SaaS_31,1,50.0,0.0
2023-11-04 17:00:00.000000,TechCorp_80,Enterprise License,Emp_19 SaaS_19,1,2000.0,0.0
2023-11-04 17:00:00.000000,TechCorp_124,Starter Subscription,Emp_19 SaaS_19,1,50.0,0.0
2023-11-04 11:00:00.000000,TechCorp_147,Pro Subscription,Emp_6 SaaS_6,1,200.0,0.0
2023-11-04 12:00:00.000000,TechCorp_171,Pro Subscription,Emp_31 SaaS_31,1,200.0,0.0
2023-11-04 11:00:00.000000,TechCorp_200,Pro Subscription,Emp_2 SaaS_2,1,200.0,0.0
2023-11-04 13:00:00.000000,TechCorp_260,Starter Subscription,Emp_12 SaaS_12,1,50.0,0.0
2023-11-05 17:00:00.000000,TechCorp_44,Starter Subscription,Emp_4 SaaS_4,1,50.0,0.0
2023-11-05 09:00:00.000000,TechCorp_57,Pro Subscription,Emp_2 SaaS_2,1,200.0,0.0
2023-11-05 14:00:00.000000,TechCorp_86,Starter Subscription,Emp_3 SaaS_3,1,50.0,0.0
2023-11-05 12:00:00.000000,TechCorp_200,Pro Subscription,Emp_25 SaaS_25,1,200.0,0.0
2023-11-05 17:00:00.000000,TechCorp_286,Starter Subscription,Emp_2 SaaS_2,1,50.0,0.0
2023-11-06 16:00:00.000000,TechCorp_33,Enterprise License,Emp_21 SaaS_21,8,16000.0,0.0
2023-11-06 10:00:00.000000,TechCorp_47,Pro Subscription,Emp_3 SaaS_3,1,200.0,0.0
2023-11-06 14:00:00.000000,TechCorp_60,Enterprise License,Emp_12 SaaS_12,9,18000.0,0.0
2023-11-06 08:00:00.000000,TechCorp_90,Pro Subscription,Emp_4 SaaS_4,1,200.0,0.0
2023-11-06 17:00:00.000000,TechCorp_93,Pro Subscription,Emp_0 SaaS_0,1,200.0,0.0
2023-11-06 16:00:00.000000,TechCorp_128,Starter Subscription,Emp_4 SaaS_4,1,50.0,0.0
2023-11-06 08:00:00.000000,TechCorp_207,Starter Subscription,Emp_19 SaaS_19,1,50.0,0.0
2023-11-06 14:00:00.000000,TechCorp_216,Starter Subscription,Emp_4 SaaS_4,1,50.0,0.0
2023-11-06 13:00:00.000000,TechCorp_250,Starter Subscription,Emp_4 SaaS_4,1,50.0,0.0
2023-11-06 11:00:00.000000,TechCorp_288,Pro Subscription,Emp_31 SaaS_31,1,200.0,0.0
2023-11-06 17:00:00.000000,TechCorp_295,Starter Subscription,Emp_6 SaaS_6,1,50.0,0.0
2023-11-06 15:00:00.000000,TechCorp_299,Starter Subscription,Emp_0 SaaS_0,1,50.0,0.0
2023-11-07 15:00:00.000000,TechCorp_25,Starter Subscription,Emp_4 SaaS_4,1,50.0,0.0
2023-11-07 11:00:00.000000,TechCorp_64,Pro Subscription,Emp_31 SaaS_31,1,200.0,0.0
2023-11-07 13:00:00.000000,TechCorp_133,Pro Subscription,Emp_0 SaaS_0,1,200.0,0.0
2023-11-07 18:00:00.000000,TechCorp_142,Starter Subscription,Emp_19 SaaS_19,1,50.0,0.0
2023-11-07 16:00:00.000000,TechCorp_198,Pro Subscription,Emp_25 SaaS_25,1,200.0,0.0
2023-11-07 09:00:00.000000,TechCorp_265,Pro Subscription,Emp_25 SaaS_25,1,200.0,0.0
2023-11-07 15:00:00.000000,TechCorp_278,Starter Subscription,Emp_4 SaaS_4,1,50.0,0.0
2023-11-08 13:00:00.000000,TechCorp_19,Starter Subscription,Emp_19 SaaS_19,1,50.0,0.0
2023-11-08 13:00:00.000000,TechCorp_45,Pro Subscription,Emp_13 SaaS_13,1,200.0,0.0
2023-11-08 14:00:00.000000,TechCorp_76,Starter Subscription,Emp_21 SaaS_21,1,50.0,0.0
2023-11-08 13:00:00.000000,TechCorp_80,Enterprise License,Emp_0 SaaS_0,3,6000.0,0.0
2023-11-08 17:00:00.000000,TechCorp_86,Starter Subscription,Emp_29 SaaS_29,1,50.0,0.0
2023-11-08 13:00:00.000000,TechCorp_128,Starter Subscription,Emp_6 SaaS_6,1,50.0,0.0
2023-11-08 11:00:00.000000,TechCorp_151,Starter Subscription,Emp_31 SaaS_31,1,50.0,0.0
2023-11-08 12:00:00.000000,TechCorp_172,Pro Subscription,Emp_2 SaaS_2,1,200.0,0.0
2023-11-08 17:00:00.000000,TechCorp_200,Pro Subscription,Emp_12 SaaS_12,1,200.0,0.0
2023-11-08 08:00:00.000000,TechCorp_205,Starter Subscription,Emp_2 SaaS_2,1,50.0,0.0
2023-11-08 08:00:00.000000,TechCorp_266,Starter Subscription,Emp_29 SaaS_29,1,50.0,0.0
2023-11-09 08:00:00.000000,TechCorp_8,Starter Subscription,Emp_4 SaaS_4,1,50.0,0.0
2023-11-09 14:00:00.000000,TechCorp_23,Pro Subscription,Emp_2 SaaS_2,1,200.0,0.0
2023-11-09 08:00:00.000000,TechCorp_33,Enterprise License,Emp_13 SaaS_13,4,8000.0,0.0
2023-11-09 16:00:00.000000,TechCorp_46,Enterprise License,Emp_2 SaaS_2,2,4000.0,0.0
2023-11-09 11:00:00.000000,TechCorp_127,Pro Subscription,Emp_13 SaaS_13,1,200.0,0.0
2023-11-09 09:00:00.000000,TechCorp_128,Starter Subscription,Emp_13 SaaS_13,1,50.0,0.0
2023-11-09 16:00:00.000000,TechCorp_147,Pro Subscription,Emp_4 SaaS_4,1,200.0,0.0
2023-11-09 18:00:00.000000,TechCorp_157,Starter Subscription,Emp_31 SaaS_31,1,50.0,0.0
2023-11-09 12:00:00.000000,TechCorp_187,Starter Subscription,Emp_3 SaaS_3,1,50.0,0.0
2023-11-09 10:00:00.000000,TechCorp_253,Enterprise License,Emp_25 SaaS_25,7,14000.0,0.0
2023-11-09 09:00:00.000000,TechCorp_292,Starter Subscription,Emp_12 SaaS_12,1,50.0,0.0
2023-11-10 13:00:00.000000,TechCorp_9,Starter Subscription,Emp_31 SaaS_31,1,50.0,0.0
2023-11-10 17:00:00.000000,TechCorp_39,Starter Subscription,Emp_25 SaaS_25,1,50.0,0.0
2023-11-10 09:00:00.000000,TechCorp_97,Enterprise License,Emp_2 SaaS_2,3,6000.0,0.0
2023-11-10 08:00:00.000000,TechCorp_120,Starter Subscription,Emp_29 SaaS_29,1,50.0,0.0
2023-11-10 08:00:00.000000,TechCorp_180,Starter Subscription,Emp_4 SaaS_4,1,50.0,0.0
2023-11-10 12:00:00.000000,TechCorp_192,Starter Subscription,Emp_19 SaaS_19,1,50.0,0.0
2023-11-10 09:00:00.000000,TechCorp_257,Pro Subscription,Emp_0 SaaS_0,1,200.0,0.0
2023-11-11 11:00:00.000000,TechCorp_44,Starter Subscription,Emp_4 SaaS_4,1,50.0,0.0
2023-11-11 15:00:00.000000,TechCorp_51,Pro Subscription,Emp_0 SaaS_0,1,200.0,0.0
2023-11-11 08:00:00.000000,TechCorp_79,Pro Subscription,Emp_4 SaaS_4,1,200.0,0.0
2023-11-11 15:00:00.000000,TechCorp_91,Starter Subscription,Emp_13 SaaS_13,1,50.0,0.0
2023-11-11 14:00:00.000000,TechCorp_145,Starter Subscription,Emp_13 SaaS_13,1,50.0,0.0
2023-11-11 16:00:00.000000,TechCorp_280,Pro Subscription,Emp_29 SaaS_29,1,200.0,0.0
2023-11-11 09:00:00.000000,TechCorp_295,Starter Subscription,Emp_2 SaaS_2,1,50.0,0.0
2023-11-12 16:00:00.000000,TechCorp_13,Enterprise License,Emp_13 SaaS_13,1,2000.0,0.0
2023-11-12 15:00:00.000000,TechCorp_39,Starter Subscription,Emp_25 SaaS_25,1,50.0,0.0
2023-11-12 09:00:00.000000,TechCorp_46,Enterprise License,Emp_0 SaaS_0,7,14000.0,0.0
2023-11-12 16:00:00.000000,TechCorp_128,Starter Subscription,Emp_12 SaaS_12,1,50.0,0.0
2023-11-12 18:00:00.000000,TechCorp_198,Pro Subscription,Emp_3 SaaS_3,1,200.0,0.0
2023-11-12 18:00:00.000000,TechCorp_206,Enterprise License,Emp_31 SaaS_31,5,10000.0,0.0
2023-11-12 16:00:00.000000,TechCorp_235,Enterprise License,Emp_4 SaaS_4,4,8000.0,0.0
2023-11-12 12:00:00.000000,TechCorp_257,Pro Subscription,Emp_0 SaaS_0,1,200.0,0.0
2023-11-12 09:00:00.000000,TechCorp_278,Starter Subscription,Emp_0 SaaS_0,1,50.0,0.0
2023-11-13 18:00:00.000000,TechCorp_26,Starter Subscription,Emp_19 SaaS_19,1,50.0,0.0
2023-11-13 09:00:00.000000,TechCorp_47,Pro Subscription,Emp_6 SaaS_6,1,200.0,0.0
2023-11-13 17:00:00.000000,TechCorp_139,Starter Subscription,Emp_2 SaaS_2,1,50.0,0.0
2023-11-13 12:00:00.000000,TechCorp_183,Starter Subscription,Emp_6 SaaS_6,1,50.0,0.0
2023-11-13 18:00:00.000000,TechCorp_235,Enterprise License,Emp_0 SaaS_0,3,6000.0,0.0
2023-11-13 10:00:00.000000,TechCorp_260,Starter Subscription,Emp_25 SaaS_25,1,50.0,0.0
2023-11-13 17:00:00.000000,TechCorp_269,Starter Subscription,Emp_3 SaaS_3,1,50.0,0.0
2023-11-13 17:00:00.000000,TechCorp_281,Pro Subscription,Emp_29 SaaS_29,1,200.0,0.0
2023-11-13 10:00:00.000000,TechCorp_292,Starter Subscription,Emp_29 SaaS_29,1,50.0,0.0
2023-11-13 12:00:00.000000,TechCorp_298,Starter Subscription,Emp_3 SaaS_3,1,50.0,0.0
2023-11-14 12:00:00.000000,TechCorp_112,Starter Subscription,Emp_21 SaaS_21,1,50.0,0.0
2023-11-14 17:00:00.000000,TechCorp_124,Starter Subscription,Emp_3 SaaS_3,1,50.0,0.0
2023-11-14 13:00:00.000000,TechCorp_131,Starter Subscription,Emp_0 SaaS_0,1,50.0,0.0
2023-11-14 08:00:00.000000,TechCorp_187,Starter Subscription,Emp_31 SaaS_31,1,50.0,0.0
2023-11-14 12:00:00.000000,TechCorp_240,Pro Subscription,Emp_2 SaaS_2,1,200.0,0.0
2023-11-15 17:00:00.000000,TechCorp_2,Pro Subscription,Emp_2 SaaS_2,1,200.0,0.0
2023-11-15 08:00:00.000000,TechCorp_5,Enterprise License,Emp_6 SaaS_6,7,14000.0,0.0
2023-11-15 09:00:00.000000,TechCorp_44,Starter Subscription,Emp_0 SaaS_0,1,50.0,0.0
2023-11-15 14:00:00.000000,TechCorp_57,Pro Subscription,Emp_6 SaaS_6,1,200.0,0.0
2023-11-15 17:00:00.000000,TechCorp_58,Starter Subscription,Emp_31 SaaS_31,1,50.0,0.0
2023-11-15 18:00:00.000000,TechCorp_76,Starter Subscription,Emp_4 SaaS_4,1,50.0,0.0
2023-11-15 17:00:00.000000,TechCorp_193,Enterprise License,Emp_13 SaaS_13,9,18000.0,0.0
2023-11-15 13:00:00.000000,TechCorp_287,Pro Subscription,Emp_12 SaaS_12,1,200.0,0.0
2023-11-16 14:00:00.000000,TechCorp_1,Pro Subscription,Emp_2 SaaS_2,1,200.0,0.0
2023-11-16 12:00:00.000000,TechCorp_12,Pro Subscription,Emp_3 SaaS_3,1,200.0,0.0
2023-11-16 10:00:00.000000,TechCorp_87,Pro Subscription,Emp_3 SaaS_3,1,200.0,0.0
2023-11-16 10:00:00.000000,TechCorp_108,Pro Subscription,Emp_19 SaaS_19,1,200.0,0.0
2023-11-16 10:00:00.000000,TechCorp_110,Starter Subscription,Emp_12 SaaS_12,1,50.0,0.0
2023-11-16 09:00:00.000000,TechCorp_135,Pro Subscription,Emp_0 SaaS_0,1,200.0,0.0
2023-11-16 13:00:00.000000,TechCorp_205,Starter Subscription,Emp_31 SaaS_31,1,50.0,0.0
2023-11-16 17:00:00.000000,TechCorp_215,Starter Subscription,Emp_0 SaaS_0,1,50.0,0.0
2023-11-16 13:00:00.000000,TechCorp_252,Pro Subscription,Emp_6 SaaS_6,1,200.0,0.0
2023-11-16 12:00:00.000000,TechCorp_272,Starter Subscription,Emp_3 SaaS_3,1,50.0,0.0
2023-11-16 09:00:00.000000,TechCorp_287,Pro Subscription,Emp_29 SaaS_29,1,200.0,0.0
2023-11-17 16:00:00.000000,TechCorp_14,Pro Subscription,Emp_6 SaaS_6,1,200.0,0.0
2023-11-17 12:00:00.000000,TechCorp_28,Starter Subscription,Emp_19 SaaS_19,1,50.0,0.0
2023-11-17 17:00:00.000000,TechCorp_59,Pro Subscription,Emp_2 SaaS_2,1,200.0,0.0
2023-11-17 12:00:00.000000,TechCorp_97,Enterprise License,Emp_31 SaaS_31,10,20000.0,0.0
2023-11-17 15:00:00.000000,TechCorp_120,Starter Subscription,Emp_13 SaaS_13,1,50.0,0.0
2023-11-17 12:00:00.000000,TechCorp_123,Starter Subscription,Emp_13 SaaS_13,1,50.0,0.0
2023-11-17 16:00:00.000000,TechCorp_127,Pro Subscription,Emp_29 SaaS_29,1,200.0,0.0
2023-11-17 10:00:00.000000,TechCorp_137,Pro Subscription,Emp_29 SaaS_29,1,200.0,0.0
2023-11-17 17:00:00.000000,TechCorp_147,Pro Subscription,Emp_4 SaaS_4,1,200.0,0.0
2023-11-17 18:00:00.000000,TechCorp_150,Starter Subscription,Emp_2 SaaS_2,1,50.0,0.0
2023-11-17 16:00:00.000000,TechCorp_155,Starter Subscription,Emp_2 SaaS_2,1,50.0,0.0
2023-11-17 11:00:00.000000,TechCorp_157,Starter Subscription,Emp_3 SaaS_3,1,50.0,0.0
2023-11-17 18:00:00.000000,TechCorp_163,Pro Subscription,Emp_29 SaaS_29,1,200.0,0.0
2023-11-17 15:00:00.000000,TechCorp_200,Pro Subscription,Emp_19 SaaS_19,1,200.0,0.0
2023-11-17 13:00:00.000000,TechCorp_248,Starter Subscription,Emp_2 SaaS_2,1,50.0,0.0
2023-11-17 09:00:00.000000,TechCorp_294,Pro Subscription,Emp_25 SaaS_25,1,200.0,0.0
2023-11-18 15:00:00.000000,TechCorp_168,Enterprise License,Emp_31 SaaS_31,3,6000.0,0.0
2023-11-18 11:00:00.000000,TechCorp_218,Starter Subscription,Emp_6 SaaS_6,1,50.0,0.0
2023-11-18 10:00:00.000000,TechCorp_250,Starter Subscription,Emp_2 SaaS_2,1,50.0,0.0
2023-11-18 09:00:00.000000,TechCorp_263,Starter Subscription,Emp_19 SaaS_19,1,50.0,0.0
2023-11-18 18:00:00.000000,TechCorp_281,Pro Subscription,Emp_0 SaaS_0,1,200.0,0.0
2023-11-19 16:00:00.000000,TechCorp_28,Starter Subscription,Emp_12 SaaS_12,1,50.0,0.0
2023-11-19 09:00:00.000000,TechCorp_93,Pro Subscription,Emp_3 SaaS_3,1,200.0,0.0
2023-11-19 12:00:00.000000,TechCorp_97,Enterprise License,Emp_0 SaaS_0,8,16000.0,0.0
2023-11-19 10:00:00.000000,TechCorp_169,Starter Subscription,Emp_3 SaaS_3,1,50.0,0.0
2023-11-19 10:00:00.000000,TechCorp_187,Starter Subscription,Emp_12 SaaS_12,1,50.0,0.0
2023-11-19 10:00:00.000000,TechCorp_203,Starter Subscription,Emp_25 SaaS_25,1,50.0,0.0
2023-11-19 09:00:00.000000,TechCorp_253,Enterprise License,Emp_0 SaaS_0,6,12000.0,0.0
2023-11-20 08:00:00.000000,TechCorp_11,Pro Subscription,Emp_6 SaaS_6,1,200.0,0.0
2023-11-20 15:00:00.000000,TechCorp_45,Pro Subscription,Emp_12 SaaS_12,1,200.0,0.0
2023-11-20 16:00:00.000000,TechCorp_46,Enterprise License,Emp_6 SaaS_6,9,18000.0,0.0
2023-11-20 13:00:00.000000,TechCorp_95,Starter Subscription,Emp_25 SaaS_25,1,50.0,0.0
2023-11-20 09:00:00.000000,TechCorp_132,Pro Subscription,Emp_19 SaaS_19,1,200.0,0.0
2023-11-20 11:00:00.000000,TechCorp_146,Starter Subscription,Emp_29 SaaS_29,1,50.0,0.0
2023-11-20 16:00:00.000000,TechCorp_203,Starter Subscription,Emp_21 SaaS_21,1,50.0,0.0
2023-11-20 16:00:00.000000,TechCorp_218,Starter Subscription,Emp_2 SaaS_2,1,50.0,0.0
2023-11-20 14:00:00.000000,TechCorp_224,Pro Subscription,Emp_6 SaaS_6,1,200.0,0.0
2023-11-20 08:00:00.000000,TechCorp_232,Starter Subscription,Emp_3 SaaS_3,1,50.0,0.0
2023-11-20 11:00:00.000000,TechCorp_271,Pro Subscription,Emp_29 SaaS_29,1,200.0,0.0
2023-11-20 08:00:00.000000,TechCorp_285,Starter Subscription,Emp_6 SaaS_6,1,50.0,0.0
2023-11-20 08:00:00.000000,TechCorp_287,Pro Subscription,Emp_29 SaaS_29,1,200.0,0.0
2023-11-20 15:00:00.000000,TechCorp_297,Starter Subscription,Emp_3 SaaS_3,1,50.0,0.0
2023-11-21 13:00:00.000000,TechCorp_51,Pro Subscription,Emp_2 SaaS_2,1,200.0,0.0
2023-11-21 18:00:00.000000,TechCorp_86,Starter Subscription,Emp_29 SaaS_29,1,50.0,0.0
2023-11-21 12:00:00.000000,TechCorp_108,Pro Subscription,Emp_6 SaaS_6,1,200.0,0.0
2023-11-21 14:00:00.000000,TechCorp_120,Starter Subscription,Emp_4 SaaS_4,1,50.0,0.0
2023-11-21 08:00:00.000000,TechCorp_127,Pro Subscription,Emp_31 SaaS_31,1,200.0,0.0
2023-11-21 08:00:00.000000,TechCorp_175,Starter Subscription,Emp_19 SaaS_19,1,50.0,0.0
2023-11-21 12:00:00.000000,TechCorp_183,Starter Subscription,Emp_0 SaaS_0,1,50.0,0.0
2023-11-21 12:00:00.000000,TechCorp_202,Pro Subscription,Emp_2 SaaS_2,1,200.0,0.0
2023-11-21 12:00:00.000000,TechCorp_205,Starter Subscription,Emp_21 SaaS_21,1,50.0,0.0
2023-11-21 09:00:00.000000,TechCorp_233,Pro Subscription,Emp_21 SaaS_21,1,200.0,0.0
2023-11-21 12:00:00.000000,TechCorp_247,Pro Subscription,Emp_29 SaaS_29,1,200.0,0.0
2023-11-21 11:00:00.000000,TechCorp_252,Pro Subscription,Emp_3 SaaS_3,1,200.0,0.0
2023-11-22 13:00:00.000000,TechCorp_32,Starter Subscription,Emp_4 SaaS_4,1,50.0,0.0
2023-11-22 10:00:00.000000,TechCorp_48,Pro Subscription,Emp_0 SaaS_0,1,200.0,0.0
2023-11-22 10:00:00.000000,TechCorp_60,Enterprise License,Emp_2 SaaS_2,3,6000.0,0.0
2023-11-22 11:00:00.000000,TechCorp_133,Pro Subscription,Emp_3 SaaS_3,1,200.0,0.0
2023-11-22 15:00:00.000000,TechCorp_152,Pro Subscription,Emp_31 SaaS_31,1,200.0,0.0
2023-11-22 14:00:00.000000,TechCorp_190,Pro Subscription,Emp_6 SaaS_6,1,200.0,0.0
2023-11-22 08:00:00.000000,TechCorp_192,Starter Subscription,Emp_13 SaaS_13,1,50.0,0.0
2023-11-22 12:00:00.000000,TechCorp_230,Pro Subscription,Emp_0 SaaS_0,1,200.0,0.0
2023-11-22 14:00:00.000000,TechCorp_242,Starter Subscription,Emp_0 SaaS_0,1,50.0,0.0
2023-11-22 17:00:00.000000,TechCorp_257,Pro Subscription,Emp_3 SaaS_3,1,200.0,0.0
2023-11-23 11:00:00.000000,TechCorp_37,Starter Subscription,Emp_25 SaaS_25,1,50.0,0.0
2023-11-23 18:00:00.000000,TechCorp_48,Pro Subscription,Emp_6 SaaS_6,1,200.0,0.0
2023-11-23 08:00:00.000000,TechCorp_69,Pro Subscription,Emp_3 SaaS_3,1,200.0,0.0
2023-11-23 18:00:00.000000,TechCorp_79,Pro Subscription,Emp_6 SaaS_6,1,200.0,0.0
2023-11-23 14:00:00.000000,TechCorp_129,Starter Subscription,Emp_0 SaaS_0,1,50.0,0.0
2023-11-23 10:00:00.000000,TechCorp_154,Starter Subscription,Emp_0 SaaS_0,1,50.0,0.0
2023-11-23 17:00:00.000000,TechCorp_160,Starter Subscription,Emp_12 SaaS_12,1,50.0,0.0
2023-11-23 08:00:00.000000,TechCorp_207,Starter Subscription,Emp_19 SaaS_19,1,50.0,0.0
2023-11-23 18:00:00.000000,TechCorp_213,Starter Subscription,Emp_29 SaaS_29,1,50.0,0.0
2023-11-23 11:00:00.000000,TechCorp_233,Pro Subscription,Emp_4 SaaS_4,1,200.0,0.0
2023-11-23 10:00:00.000000,TechCorp_254,Pro Subscription,Emp_4 SaaS_4,1,200.0,0.0
2023-11-23 16:00:00.000000,TechCorp_255,Starter Subscription,Emp_21 SaaS_21,1,50.0,0.0
2023-11-23 16:00:00.000000,TechCorp_276,Pro Subscription,Emp_29 SaaS_29,1,200.0,0.0
2023-11-23 13:00:00.000000,TechCorp_288,Pro Subscription,Emp_25 SaaS_25,1,200.0,0.0
2023-11-23 17:00:00.000000,TechCorp_292,Starter Subscription,Emp_19 SaaS_19,1,50.0,0.0
2023-11-24 11:00:00.000000,TechCorp_9,Starter Subscription,Emp_29 SaaS_29,1,50.0,0.0
2023-11-24 12:00:00.000000,TechCorp_14,Pro Subscription,Emp_13 SaaS_13,1,200.0,0.0
2023-11-24 16:00:00.000000,TechCorp_39,Starter Subscription,Emp_29 SaaS_29,1,50.0,0.0
2023-11-24 15:00:00.000000,TechCorp_108,Pro Subscription,Emp_0 SaaS_0,1,200.0,0.0
2023-11-24 13:00:00.000000,TechCorp_151,Starter Subscription,Emp_19 SaaS_19,1,50.0,0.0
2023-11-24 16:00:00.000000,TechCorp_168,Enterprise License,Emp_31 SaaS_31,10,20000.0,0.0
2023-11-24 12:00:00.000000,TechCorp_219,Starter Subscription,Emp_13 SaaS_13,1,50.0,0.0
2023-11-24 08:00:00.000000,TechCorp_229,Pro Subscription,Emp_6 SaaS_6,1,200.0,0.0
2023-11-24 13:00:00.000000,TechCorp_266,Starter Subscription,Emp_6 SaaS_6,1,50.0,0.0
2023-11-25 09:00:00.000000,TechCorp_12,Pro Subscription,Emp_4 SaaS_4,1,200.0,0.0
2023-11-25 13:00:00.000000,TechCorp_39,Starter Subscription,Emp_13 SaaS_13,1,50.0,0.0
2023-11-25 13:00:00.000000,TechCorp_75,Starter Subscription,Emp_3 SaaS_3,1,50.0,0.0
2023-11-25 18:00:00.000000,TechCorp_76,Starter Subscription,Emp_31 SaaS_31,1,50.0,0.0
2023-11-25 09:00:00.000000,TechCorp_108,Pro Subscription,Emp_29 SaaS_29,1,200.0,0.0
2023-11-25 17:00:00.000000,TechCorp_113,Pro Subscription,Emp_3 SaaS_3,1,200.0,0.0
2023-11-25 10:00:00.000000,TechCorp_135,Pro Subscription,Emp_2 SaaS_2,1,200.0,0.0
2023-11-25 13:00:00.000000,TechCorp_151,Starter Subscription,Emp_6 SaaS_6,1,50.0,0.0
2023-11-25 09:00:00.000000,TechCorp_224,Pro Subscription,Emp_25 SaaS_25,1,200.0,0.0
2023-11-25 08:00:00.000000,TechCorp_271,Pro Subscription,Emp_3 SaaS_3,1,200.0,0.0
2023-11-26 13:00:00.000000,TechCorp_13,Enterprise License,Emp_13 SaaS_13,7,14000.0,0.0
2023-11-26 10:00:00.000000,TechCorp_23,Pro Subscription,Emp_6 SaaS_6,1,200.0,0.0
2023-11-26 08:00:00.000000,TechCorp_32,Starter Subscription,Emp_29 SaaS_29,1,50.0,0.0
2023-11-26 15:00:00.000000,TechCorp_86,Starter Subscription,Emp_2 SaaS_2,1,50.0,0.0
2023-11-26 14:00:00.000000,TechCorp_211,Starter Subscription,Emp_29 SaaS_29,1,50.0,0.0
2023-11-26 12:00:00.000000,TechCorp_216,Starter Subscription,Emp_6 SaaS_6,1,50.0,0.0
2023-11-26 08:00:00.000000,TechCorp_241,Pro Subscription,Emp_19 SaaS_19,1,200.0,0.0
2023-11-26 08:00:00.000000,TechCorp_274,Starter Subscription,Emp_25 SaaS_25,1,50.0,0.0
2023-11-26 08:00:00.000000,TechCorp_276,Pro Subscription,Emp_29 SaaS_29,1,200.0,0.0
2023-11-27 18:00:00.000000,TechCorp_47,Pro Subscription,Emp_4 SaaS_4,1,200.0,0.0
2023-11-27 18:00:00.000000,TechCorp_127,Pro Subscription,Emp_29 SaaS_29,1,200.0,0.0
2023-11-27 15:00:00.000000,TechCorp_150,Starter Subscription,Emp_21 SaaS_21,1,50.0,0.0
2023-11-27 13:00:00.000000,TechCorp_180,Starter Subscription,Emp_12 SaaS_12,1,50.0,0.0
2023-11-27 09:00:00.000000,TechCorp_234,Starter Subscription,Emp_6 SaaS_6,1,50.0,0.0
2023-11-27 14:00:00.000000,TechCorp_242,Starter Subscription,Emp_21 SaaS_21,1,50.0,0.0
2023-11-28 14:00:00.000000,TechCorp_23,Pro Subscription,Emp_4 SaaS_4,1,200.0,0.0
2023-11-28 10:00:00.000000,TechCorp_28,Starter Subscription,Emp_4 SaaS_4,1,50.0,0.0
2023-11-28 16:00:00.000000,TechCorp_44,Starter Subscription,Emp_3 SaaS_3,1,50.0,0.0
2023-11-28 09:00:00.000000,TechCorp_60,Enterprise License,Emp_29 SaaS_29,4,8000.0,0.0
2023-11-28 08:00:00.000000,TechCorp_75,Starter Subscription,Emp_31 SaaS_31,1,50.0,0.0
2023-11-28 13:00:00.000000,TechCorp_147,Pro Subscription,Emp_25 SaaS_25,1,200.0,0.0
2023-11-28 17:00:00.000000,TechCorp_221,Starter Subscription,Emp_6 SaaS_6,1,50.0,0.0
2023-11-28 18:00:00.000000,TechCorp_232,Starter Subscription,Emp_0 SaaS_0,1,50.0,0.0
2023-11-28 13:00:00.000000,TechCorp_247,Pro Subscription,Emp_12 SaaS_12,1,200.0,0.0
2023-11-28 12:00:00.000000,TechCorp_248,Starter Subscription,Emp_21 SaaS_21,1,50.0,0.0
2023-11-28 08:00:00.000000,TechCorp_263,Starter Subscription,Emp_21 SaaS_21,1,50.0,0.0
2023-11-28 15:00:00.000000,TechCorp_269,Starter Subscription,Emp_13 SaaS_13,1,50.0,0.0
2023-11-28 16:00:00.000000,TechCorp_272,Starter Subscription,Emp_4 SaaS_4,1,50.0,0.0
2023-11-28 15:00:00.000000,TechCorp_278,Starter Subscription,Emp_3 SaaS_3,1,50.0,0.0
2023-11-28 16:00:00.000000,TechCorp_288,Pro Subscription,Emp_4 SaaS_4,1,200.0,0.0
2023-11-29 13:00:00.000000,TechCorp_8,Starter Subscription,Emp_2 SaaS_2,1,50.0,0.0
2023-11-29 18:00:00.000000,TechCorp_44,Starter Subscription,Emp_6 SaaS_6,1,50.0,0.0
2023-11-29 15:00:00.000000,TechCorp_81,Pro Subscription,Emp_0 SaaS_0,1,200.0,0.0
2023-11-29 13:00:00.000000,TechCorp_104,Starter Subscription,Emp_4 SaaS_4,1,50.0,0.0
2023-11-29 12:00:00.000000,TechCorp_143,Starter Subscription,Emp_0 SaaS_0,1,50.0,0.0
2023-11-30 15:00:00.000000,TechCorp_29,Pro Subscription,Emp_21 SaaS_21,1,200.0,0.0
2023-11-30 12:00:00.000000,TechCorp_56,Enterprise License,Emp_29 SaaS_29,2,4000.0,0.0
2023-11-30 17:00:00.000000,TechCorp_62,Starter Subscription,Emp_29 SaaS_29,1,50.0,0.0
2023-11-30 13:00:00.000000,TechCorp_86,Starter Subscription,Emp_0 SaaS_0,1,50.0,0.0
2023-11-30 12:00:00.000000,TechCorp_107,Starter Subscription,Emp_0 SaaS_0,1,50.0,0.0
2023-11-30 15:00:00.000000,TechCorp_136,Pro Subscription,Emp_25 SaaS_25,1,200.0,0.0
2023-11-30 08:00:00.000000,TechCorp_144,Starter Subscription,Emp_29 SaaS_29,1,50.0,0.0
2023-11-30 12:00:00.000000,TechCorp_218,Starter Subscription,Emp_4 SaaS_4,1,50.0,0.0
2023-11-30 17:00:00.000000,TechCorp_241,Pro Subscription,Emp_13 SaaS_13,1,200.0,0.0
2023-11-30 15:00:00.000000,TechCorp_252,Pro Subscription,Emp_12 SaaS_12,1,200.0,0.0
2023-11-30 10:00:00.000000,TechCorp_270,Pro Subscription,Emp_6 SaaS_6,1,200.0,0.0
2023-12-01 09:00:00.000000,TechCorp_137,Pro Subscription,Emp_31 SaaS_31,1,200.0,0.0
2023-12-01 10:00:00.000000,TechCorp_172,Pro Subscription,Emp_29 SaaS_29,1,200.0,0.0
2023-12-01 11:00:00.000000,TechCorp_175,Starter Subscription,Emp_13 SaaS_13,1,50.0,0.0
2023-12-02 12:00:00.000000,TechCorp_50,Starter Subscription,Emp_2 SaaS_2,1,50.0,0.0
2023-12-02 09:00:00.000000,TechCorp_71,Pro Subscription,Emp_21 SaaS_21,1,200.0,0.0
2023-12-02 14:00:00.000000,TechCorp_80,Enterprise License,Emp_19 SaaS_19,5,10000.0,0.0
2023-12-02 10:00:00.000000,TechCorp_93,Pro Subscription,Emp_21 SaaS_21,1,200.0,0.0
2023-12-02 18:00:00.000000,TechCorp_107,Starter Subscription,Emp_19 SaaS_19,1,50.0,0.0
2023-12-02 15:00:00.000000,TechCorp_120,Starter Subscription,Emp_25 SaaS_25,1,50.0,0.0
2023-12-02 17:00:00.000000,TechCorp_182,Starter Subscription,Emp_12 SaaS_12,1,50.0,0.0
2023-12-02 15:00:00.000000,TechCorp_270,Pro Subscription,Emp_13 SaaS_13,1,200.0,0.0
2023-12-02 16:00:00.000000,TechCorp_284,Starter Subscription,Emp_12 SaaS_12,1,50.0,0.0
2023-12-03 10:00:00.000000,TechCorp_19,Starter Subscription,Emp_6 SaaS_6,1,50.0,0.0
2023-12-03 18:00:00.000000,TechCorp_80,Enterprise License,Emp_13 SaaS_13,4,8000.0,0.0
2023-12-03 10:00:00.000000,TechCorp_108,Pro Subscription,Emp_29 SaaS_29,1,200.0,0.0
2023-12-03 09:00:00.000000,TechCorp_171,Pro Subscription,Emp_12 SaaS_12,1,200.0,0.0
2023-12-03 09:00:00.000000,TechCorp_276,Pro Subscription,Emp_25 SaaS_25,1,200.0,0.0
2023-12-03 14:00:00.000000,TechCorp_283,Starter Subscription,Emp_2 SaaS_2,1,50.0,0.0
2023-12-03 16:00:00.000000,TechCorp_287,Pro Subscription,Emp_19 SaaS_19,1,200.0,0.0
2023-12-03 10:00:00.000000,TechCorp_292,Starter Subscription,Emp_0 SaaS_0,1,50.0,0.0
2023-12-04 11:00:00.000000,TechCorp_13,Enterprise License,Emp_6 SaaS_6,8,16000.0,0.0
2023-12-04 18:00:00.000000,TechCorp_23,Pro Subscription,Emp_2 SaaS_2,1,200.0,0.0
2023-12-04 12:00:00.000000,TechCorp_39,Starter Subscription,Emp_13 SaaS_13,1,50.0,0.0
2023-12-04 13:00:00.000000,TechCorp_45,Pro Subscription,Emp_6 SaaS_6,1,200.0,0.0
2023-12-04 09:00:00.000000,TechCorp_105,Starter Subscription,Emp_25 SaaS_25,1,50.0,0.0
2023-12-04 17:00:00.000000,TechCorp_133,Pro Subscription,Emp_6 SaaS_6,1,200.0,0.0
2023-12-04 18:00:00.000000,TechCorp_198,Pro Subscription,Emp_13 SaaS_13,1,200.0,0.0
2023-12-04 11:00:00.000000,TechCorp_213,Starter Subscription,Emp_25 SaaS_25,1,50.0,0.0
2023-12-04 09:00:00.000000,TechCorp_222,Pro Subscription,Emp_21 SaaS_21,1,200.0,0.0
2023-12-04 14:00:00.000000,TechCorp_240,Pro Subscription,Emp_13 SaaS_13,1,200.0,0.0
2023-12-04 09:00:00.000000,TechCorp_247,Pro Subscription,Emp_12 SaaS_12,1,200.0,0.0
2023-12-04 11:00:00.000000,TechCorp_278,Starter Subscription,Emp_0 SaaS_0,1,50.0,0.0
2023-12-04 15:00:00.000000,TechCorp_295,Starter Subscription,Emp_19 SaaS_19,1,50.0,0.0
2023-12-05 13:00:00.000000,TechCorp_75,Starter Subscription,Emp_0 SaaS_0,1,50.0,0.0
2023-12-05 18:00:00.000000,TechCorp_138,Starter Subscription,Emp_4 SaaS_4,1,50.0,0.0
2023-12-05 14:00:00.000000,TechCorp_207,Starter Subscription,Emp_3 SaaS_3,1,50.0,0.0
2023-12-05 10:00:00.000000,TechCorp_240,Pro Subscription,Emp_21 SaaS_21,1,200.0,0.0
2023-12-05 10:00:00.000000,TechCorp_291,Starter Subscription,Emp_12 SaaS_12,1,50.0,0.0
2023-12-06 15:00:00.000000,TechCorp_9,Starter Subscription,Emp_3 SaaS_3,1,50.0,0.0
2023-12-06 12:00:00.000000,TechCorp_23,Pro Subscription,Emp_29 SaaS_29,1,200.0,0.0
2023-12-06 09:00:00.000000,TechCorp_37,Starter Subscription,Emp_0 SaaS_0,1,50.0,0.0
2023-12-06 15:00:00.000000,TechCorp_56,Enterprise License,Emp_25 SaaS_25,6,12000.0,0.0
2023-12-06 18:00:00.000000,TechCorp_82,Starter Subscription,Emp_0 SaaS_0,1,50.0,0.0
2023-12-06 14:00:00.000000,TechCorp_87,Pro Subscription,Emp_25 SaaS_25,1,200.0,0.0
2023-12-06 09:00:00.000000,TechCorp_89,Pro Subscription,Emp_19 SaaS_19,1,200.0,0.0
2023-12-06 14:00:00.000000,TechCorp_108,Pro Subscription,Emp_29 SaaS_29,1,200.0,0.0
2023-12-06 09:00:00.000000,TechCorp_137,Pro Subscription,Emp_2 SaaS_2,1,200.0,0.0
2023-12-06 15:00:00.000000,TechCorp_139,Starter Subscription,Emp_3 SaaS_3,1,50.0,0.0
2023-12-06 13:00:00.000000,TechCorp_144,Starter Subscription,Emp_29 SaaS_29,1,50.0,0.0
2023-12-06 14:00:00.000000,TechCorp_146,Starter Subscription,Emp_13 SaaS_13,1,50.0,0.0
2023-12-06 13:00:00.000000,TechCorp_208,Pro Subscription,Emp_0 SaaS_0,1,200.0,0.0
2023-12-06 10:00:00.000000,TechCorp_229,Pro Subscription,Emp_19 SaaS_19,1,200.0,0.0
2023-12-06 18:00:00.000000,TechCorp_242,Starter Subscription,Emp_4 SaaS_4,1,50.0,0.0
2023-12-06 11:00:00.000000,TechCorp_259,Starter Subscription,Emp_0 SaaS_0,1,50.0,0.0
2023-12-07 12:00:00.000000,TechCorp_9,Starter Subscription,Emp_12 SaaS_12,1,50.0,0.0
2023-12-07 10:00:00.000000,TechCorp_29,Pro Subscription,Emp_4 SaaS_4,1,200.0,0.0
2023-12-07 14:00:00.000000,TechCorp_64,Pro Subscription,Emp_25 SaaS_25,1,200.0,0.0
2023-12-07 13:00:00.000000,TechCorp_235,Enterprise License,Emp_19 SaaS_19,9,18000.0,0.0
2023-12-08 12:00:00.000000,TechCorp_17,Starter Subscription,Emp_0 SaaS_0,1,50.0,0.0
2023-12-08 09:00:00.000000,TechCorp_22,Enterprise License,Emp_0 SaaS_0,4,8000.0,0.0
2023-12-08 18:00:00.000000,TechCorp_110,Starter Subscription,Emp_2 SaaS_2,1,50.0,0.0
2023-12-08 09:00:00.000000,TechCorp_124,Starter Subscription,Emp_4 SaaS_4,1,50.0,0.0
2023-12-08 12:00:00.000000,TechCorp_155,Starter Subscription,Emp_4 SaaS_4,1,50.0,0.0
2023-12-08 13:00:00.000000,TechCorp_206,Enterprise License,Emp_31 SaaS_31,2,4000.0,0.0
2023-12-08 17:00:00.000000,TechCorp_216,Starter Subscription,Emp_19 SaaS_19,1,50.0,0.0
2023-12-08 16:00:00.000000,TechCorp_262,Starter Subscription,Emp_2 SaaS_2,1,50.0,0.0
2023-12-08 13:00:00.000000,TechCorp_266,Starter Subscription,Emp_19 SaaS_19,1,50.0,0.0
2023-12-08 08:00:00.000000,TechCorp_287,Pro Subscription,Emp_31 SaaS_31,1,200.0,0.0
2023-12-09 14:00:00.000000,TechCorp_25,Starter Subscription,Emp_29 SaaS_29,1,50.0,0.0
2023-12-09 18:00:00.000000,TechCorp_91,Starter Subscription,Emp_21 SaaS_21,1,50.0,0.0
2023-12-09 16:00:00.000000,TechCorp_108,Pro Subscription,Emp_25 SaaS_25,1,200.0,0.0
2023-12-09 08:00:00.000000,TechCorp_135,Pro Subscription,Emp_21 SaaS_21,1,200.0,0.0
2023-12-09 09:00:00.000000,TechCorp_144,Starter Subscription,Emp_6 SaaS_6,1,50.0,0.0
2023-12-09 11:00:00.000000,TechCorp_145,Starter Subscription,Emp_6 SaaS_6,1,50.0,0.0
2023-12-09 08:00:00.000000,TechCorp_147,Pro Subscription,Emp_21 SaaS_21,1,200.0,0.0
2023-12-09 14:00:00.000000,TechCorp_152,Pro Subscription,Emp_31 SaaS_31,1,200.0,0.0
2023-12-09 17:00:00.000000,TechCorp_221,Starter Subscription,Emp_3 SaaS_3,1,50.0,0.0
2023-12-09 11:00:00.000000,TechCorp_222,Pro Subscription,Emp_2 SaaS_2,1,200.0,0.0
2023-12-09 10:00:00.000000,TechCorp_281,Pro Subscription,Emp_6 SaaS_6,1,200.0,0.0
2023-12-10 11:00:00.000000,TechCorp_11,Pro Subscription,Emp_12 SaaS_12,1,200.0,0.0
2023-12-10 17:00:00.000000,TechCorp_27,Pro Subscription,Emp_13 SaaS_13,1,200.0,0.0
2023-12-10 14:00:00.000000,TechCorp_127,Pro Subscription,Emp_13 SaaS_13,1,200.0,0.0
2023-12-10 11:00:00.000000,TechCorp_140,Starter Subscription,Emp_21 SaaS_21,1,50.0,0.0
2023-12-10 09:00:00.000000,TechCorp_145,Starter Subscription,Emp_29 SaaS_29,1,50.0,0.0
2023-12-10 09:00:00.000000,TechCorp_180,Starter Subscription,Emp_29 SaaS_29,1,50.0,0.0
2023-12-11 16:00:00.000000,TechCorp_30,Pro Subscription,Emp_31 SaaS_31,1,200.0,0.0
2023-12-11 09:00:00.000000,TechCorp_33,Enterprise License,Emp_31 SaaS_31,1,2000.0,0.0
2023-12-11 12:00:00.000000,TechCorp_62,Starter Subscription,Emp_29 SaaS_29,1,50.0,0.0
2023-12-11 18:00:00.000000,TechCorp_135,Pro Subscription,Emp_2 SaaS_2,1,200.0,0.0
2023-12-11 18:00:00.000000,TechCorp_136,Pro Subscription,Emp_25 SaaS_25,1,200.0,0.0
2023-12-11 15:00:00.000000,TechCorp_139,Starter Subscription,Emp_2 SaaS_2,1,50.0,0.0
2023-12-11 09:00:00.000000,TechCorp_206,Enterprise License,Emp_31 SaaS_31,9,18000.0,0.0
2023-12-12 09:00:00.000000,TechCorp_27,Pro Subscription,Emp_3 SaaS_3,1,200.0,0.0
2023-12-12 10:00:00.000000,TechCorp_42,Pro Subscription,Emp_25 SaaS_25,1,200.0,0.0
2023-12-12 14:00:00.000000,TechCorp_104,Starter Subscription,Emp_4 SaaS_4,1,50.0,0.0
2023-12-12 18:00:00.000000,TechCorp_105,Starter Subscription,Emp_3 SaaS_3,1,50.0,0.0
2023-12-12 09:00:00.000000,TechCorp_146,Starter Subscription,Emp_21 SaaS_21,1,50.0,0.0
2023-12-12 16:00:00.000000,TechCorp_150,Starter Subscription,Emp_0 SaaS_0,1,50.0,0.0
2023-12-12 18:00:00.000000,TechCorp_158,Starter Subscription,Emp_12 SaaS_12,1,50.0,0.0
2023-12-12 08:00:00.000000,TechCorp_165,Starter Subscription,Emp_21 SaaS_21,1,50.0,0.0
2023-12-12 18:00:00.000000,TechCorp_247,Pro Subscription,Emp_0 SaaS_0,1,200.0,0.0
2023-12-13 08:00:00.000000,TechCorp_51,Pro Subscription,Emp_12 SaaS_12,1,200.0,0.0
2023-12-13 17:00:00.000000,TechCorp_64,Pro Subscription,Emp_2 SaaS_2,1,200.0,0.0
2023-12-13 15:00:00.000000,TechCorp_146,Starter Subscription,Emp_29 SaaS_29,1,50.0,0.0
2023-12-13 17:00:00.000000,TechCorp_179,Enterprise License,Emp_4 SaaS_4,8,16000.0,0.0
2023-12-13 16:00:00.000000,TechCorp_222,Pro Subscription,Emp_29 SaaS_29,1,200.0,0.0
2023-12-13 13:00:00.000000,TechCorp_228,Starter Subscription,Emp_31 SaaS_31,1,50.0,0.0
2023-12-13 11:00:00.000000,TechCorp_233,Pro Subscription,Emp_31 SaaS_31,1,200.0,0.0
2023-12-13 16:00:00.000000,TechCorp_297,Starter Subscription,Emp_12 SaaS_12,1,50.0,0.0
2023-12-13 16:00:00.000000,TechCorp_299,Starter Subscription,Emp_6 SaaS_6,1,50.0,0.0
2023-12-14 08:00:00.000000,TechCorp_43,Pro Subscription,Emp_3 SaaS_3,1,200.0,0.0
2023-12-14 16:00:00.000000,TechCorp_51,Pro Subscription,Emp_12 SaaS_12,1,200.0,0.0
2023-12-14 08:00:00.000000,TechCorp_69,Pro Subscription,Emp_3 SaaS_3,1,200.0,0.0
2023-12-14 12:00:00.000000,TechCorp_103,Starter Subscription,Emp_19 SaaS_19,1,50.0,0.0
2023-12-14 12:00:00.000000,TechCorp_107,Starter Subscription,Emp_12 SaaS_12,1,50.0,0.0
2023-12-14 18:00:00.000000,TechCorp_110,Starter Subscription,Emp_21 SaaS_21,1,50.0,0.0
2023-12-14 18:00:00.000000,TechCorp_121,Pro Subscription,Emp_13 SaaS_13,1,200.0,0.0
2023-12-14 18:00:00.000000,TechCorp_136,Pro Subscription,Emp_4 SaaS_4,1,200.0,0.0
2023-12-14 08:00:00.000000,TechCorp_171,Pro Subscription,Emp_31 SaaS_31,1,200.0,0.0
2023-12-14 13:00:00.000000,TechCorp_172,Pro Subscription,Emp_4 SaaS_4,1,200.0,0.0
2023-12-14 17:00:00.000000,TechCorp_198,Pro Subscription,Emp_13 SaaS_13,1,200.0,0.0
2023-12-14 18:00:00.000000,TechCorp_219,Starter Subscription,Emp_21 SaaS_21,1,50.0,0.0
2023-12-14 08:00:00.000000,TechCorp_270,Pro Subscription,Emp_29 SaaS_29,1,200.0,0.0
2023-12-14 12:00:00.000000,TechCorp_286,Starter Subscription,Emp_3 SaaS_3,1,50.0,0.0
2023-12-15 17:00:00.000000,TechCorp_27,Pro Subscription,Emp_21 SaaS_21,1,200.0,0.0
2023-12-15 11:00:00.000000,TechCorp_30,Pro Subscription,Emp_21 SaaS_21,1,200.0,0.0
2023-12-15 10:00:00.000000,TechCorp_52,Starter Subscription,Emp_13 SaaS_13,1,50.0,0.0
2023-12-15 10:00:00.000000,TechCorp_108,Pro Subscription,Emp_19 SaaS_19,1,200.0,0.0
2023-12-15 18:00:00.000000,TechCorp_115,Enterprise License,Emp_25 SaaS_25,3,6000.0,0.0
2023-12-15 09:00:00.000000,TechCorp_190,Pro Subscription,Emp_13 SaaS_13,1,200.0,0.0
2023-12-15 11:00:00.000000,TechCorp_221,Starter Subscription,Emp_13 SaaS_13,1,50.0,0.0
2023-12-15 14:00:00.000000,TechCorp_265,Pro Subscription,Emp_3 SaaS_3,1,200.0,0.0
2023-12-16 11:00:00.000000,TechCorp_42,Pro Subscription,Emp_19 SaaS_19,1,200.0,0.0
2023-12-16 10:00:00.000000,TechCorp_52,Starter Subscription,Emp_0 SaaS_0,1,50.0,0.0
2023-12-16 13:00:00.000000,TechCorp_149,Starter Subscription,Emp_21 SaaS_21,1,50.0,0.0
2023-12-16 15:00:00.000000,TechCorp_152,Pro Subscription,Emp_31 SaaS_31,1,200.0,0.0
2023-12-16 17:00:00.000000,TechCorp_155,Starter Subscription,Emp_0 SaaS_0,1,50.0,0.0
2023-12-16 11:00:00.000000,TechCorp_171,Pro Subscription,Emp_4 SaaS_4,1,200.0,0.0
2023-12-16 08:00:00.000000,TechCorp_182,Starter Subscription,Emp_2 SaaS_2,1,50.0,0.0
2023-12-16 17:00:00.000000,TechCorp_186,Starter Subscription,Emp_29 SaaS_29,1,50.0,0.0
2023-12-16 09:00:00.000000,TechCorp_242,Starter Subscription,Emp_25 SaaS_25,1,50.0,0.0
2023-12-16 13:00:00.000000,TechCorp_248,Starter Subscription,Emp_13 SaaS_13,1,50.0,0.0
2023-12-16 15:00:00.000000,TechCorp_295,Starter Subscription,Emp_2 SaaS_2,1,50.0,0.0
2023-12-17 14:00:00.000000,TechCorp_59,Pro Subscription,Emp_13 SaaS_13,1,200.0,0.0
2023-12-17 09:00:00.000000,TechCorp_77,Pro Subscription,Emp_29 SaaS_29,1,200.0,0.0
2023-12-17 09:00:00.000000,TechCorp_85,Starter Subscription,Emp_4 SaaS_4,1,50.0,0.0
2023-12-17 09:00:00.000000,TechCorp_87,Pro Subscription,Emp_29 SaaS_29,1,200.0,0.0
2023-12-17 11:00:00.000000,TechCorp_103,Starter Subscription,Emp_12 SaaS_12,1,50.0,0.0
2023-12-17 09:00:00.000000,TechCorp_110,Starter Subscription,Emp_25 SaaS_25,1,50.0,0.0
2023-12-17 16:00:00.000000,TechCorp_235,Enterprise License,Emp_13 SaaS_13,8,16000.0,0.0
2023-12-17 18:00:00.000000,TechCorp_253,Enterprise License,Emp_12 SaaS_12,2,4000.0,0.0
2023-12-17 18:00:00.000000,TechCorp_276,Pro Subscription,Emp_13 SaaS_13,1,200.0,0.0
2023-12-17 08:00:00.000000,TechCorp_290,Starter Subscription,Emp_25 SaaS_25,1,50.0,0.0
2023-12-17 09:00:00.000000,TechCorp_292,Starter Subscription,Emp_21 SaaS_21,1,50.0,0.0
2023-12-18 15:00:00.000000,TechCorp_5,Enterprise License,Emp_25 SaaS_25,6,12000.0,0.0
2023-12-18 11:00:00.000000,TechCorp_81,Pro Subscription,Emp_21 SaaS_21,1,200.0,0.0
2023-12-18 17:00:00.000000,TechCorp_145,Starter Subscription,Emp_12 SaaS_12,1,50.0,0.0
2023-12-18 13:00:00.000000,TechCorp_190,Pro Subscription,Emp_4 SaaS_4,1,200.0,0.0
2023-12-18 14:00:00.000000,TechCorp_193,Enterprise License,Emp_25 SaaS_25,5,10000.0,0.0
2023-12-18 15:00:00.000000,TechCorp_213,Starter Subscription,Emp_4 SaaS_4,1,50.0,0.0
2023-12-18 15:00:00.000000,TechCorp_298,Starter Subscription,Emp_0 SaaS_0,1,50.0,0.0
2023-12-18 11:00:00.000000,TechCorp_299,Starter Subscription,Emp_12 SaaS_12,1,50.0,0.0
2023-12-19 14:00:00.000000,TechCorp_47,Pro Subscription,Emp_13 SaaS_13,1,200.0,0.0
2023-12-19 11:00:00.000000,TechCorp_77,Pro Subscription,Emp_19 SaaS_19,1,200.0,0.0
2023-12-19 09:00:00.000000,TechCorp_93,Pro Subscription,Emp_21 SaaS_21,1,200.0,0.0
2023-12-19 10:00:00.000000,TechCorp_107,Starter Subscription,Emp_2 SaaS_2,1,50.0,0.0
2023-12-19 11:00:00.000000,TechCorp_133,Pro Subscription,Emp_13 SaaS_13,1,200.0,0.0
2023-12-19 15:00:00.000000,TechCorp_139,Starter Subscription,Emp_3 SaaS_3,1,50.0,0.0
2023-12-19 13:00:00.000000,TechCorp_142,Starter Subscription,Emp_19 SaaS_19,1,50.0,0.0
2023-12-19 08:00:00.000000,TechCorp_216,Starter Subscription,Emp_2 SaaS_2,1,50.0,0.0
2023-12-19 18:00:00.000000,TechCorp_222,Pro Subscription,Emp_21 SaaS_21,1,200.0,0.0
2023-12-19 09:00:00.000000,TechCorp_229,Pro Subscription,Emp_6 SaaS_6,1,200.0,0.0
2023-12-19 12:00:00.000000,TechCorp_241,Pro Subscription,Emp_0 SaaS_0,1,200.0,0.0
2023-12-19 14:00:00.000000,TechCorp_242,Starter Subscription,Emp_6 SaaS_6,1,50.0,0.0
2023-12-19 15:00:00.000000,TechCorp_276,Pro Subscription,Emp_25 SaaS_25,1,200.0,0.0
2023-12-20 10:00:00.000000,TechCorp_22,Enterprise License,Emp_31 SaaS_31,4,8000.0,0.0
2023-12-20 11:00:00.000000,TechCorp_115,Enterprise License,Emp_19 SaaS_19,8,16000.0,0.0
2023-12-20 11:00:00.000000,TechCorp_129,Starter Subscription,Emp_6 SaaS_6,1,50.0,0.0
2023-12-20 13:00:00.000000,TechCorp_175,Starter Subscription,Emp_29 SaaS_29,1,50.0,0.0
2023-12-20 12:00:00.000000,TechCorp_191,Pro Subscription,Emp_6 SaaS_6,1,200.0,0.0
2023-12-20 15:00:00.000000,TechCorp_201,Starter Subscription,Emp_19 SaaS_19,1,50.0,0.0
2023-12-20 13:00:00.000000,TechCorp_257,Pro Subscription,Emp_0 SaaS_0,1,200.0,0.0
2023-12-21 15:00:00.000000,TechCorp_14,Pro Subscription,Emp_25 SaaS_25,1,200.0,0.0
2023-12-21 18:00:00.000000,TechCorp_41,Pro Subscription,Emp_19 SaaS_19,1,200.0,0.0
2023-12-21 14:00:00.000000,TechCorp_45,Pro Subscription,Emp_25 SaaS_25,1,200.0,0.0
2023-12-21 09:00:00.000000,TechCorp_58,Starter Subscription,Emp_4 SaaS_4,1,50.0,0.0
2023-12-21 11:00:00.000000,TechCorp_69,Pro Subscription,Emp_19 SaaS_19,1,200.0,0.0
2023-12-21 14:00:00.000000,TechCorp_233,Pro Subscription,Emp_31 SaaS_31,1,200.0,0.0
2023-12-21 08:00:00.000000,TechCorp_257,Pro Subscription,Emp_6 SaaS_6,1,200.0,0.0
2023-12-21 17:00:00.000000,TechCorp_286,Starter Subscription,Emp_4 SaaS_4,1,50.0,0.0
2023-12-21 09:00:00.000000,TechCorp_291,Starter Subscription,Emp_31 SaaS_31,1,50.0,0.0
2023-12-22 09:00:00.000000,TechCorp_19,Starter Subscription,Emp_31 SaaS_31,1,50.0,0.0
2023-12-22 18:00:00.000000,TechCorp_36,Starter Subscription,Emp_6 SaaS_6,1,50.0,0.0
2023-12-22 08:00:00.000000,TechCorp_48,Pro Subscription,Emp_13 SaaS_13,1,200.0,0.0
2023-12-22 12:00:00.000000,TechCorp_75,Starter Subscription,Emp_19 SaaS_19,1,50.0,0.0
2023-12-22 12:00:00.000000,TechCorp_80,Enterprise License,Emp_12 SaaS_12,1,2000.0,0.0
2023-12-22 13:00:00.000000,TechCorp_116,Starter Subscription,Emp_6 SaaS_6,1,50.0,0.0
2023-12-22 12:00:00.000000,TechCorp_127,Pro Subscription,Emp_3 SaaS_3,1,200.0,0.0
2023-12-22 13:00:00.000000,TechCorp_202,Pro Subscription,Emp_2 SaaS_2,1,200.0,0.0
2023-12-22 10:00:00.000000,TechCorp_216,Starter Subscription,Emp_6 SaaS_6,1,50.0,0.0
2023-12-22 14:00:00.000000,TechCorp_228,Starter Subscription,Emp_29 SaaS_29,1,50.0,0.0
2023-12-22 14:00:00.000000,TechCorp_232,Starter Subscription,Emp_21 SaaS_21,1,50.0,0.0
2023-12-22 09:00:00.000000,TechCorp_253,Enterprise License,Emp_19 SaaS_19,5,10000.0,0.0
2023-12-22 15:00:00.000000,TechCorp_257,Pro Subscription,Emp_13 SaaS_13,1,200.0,0.0
2023-12-22 15:00:00.000000,TechCorp_259,Starter Subscription,Emp_12 SaaS_12,1,50.0,0.0
2023-12-22 15:00:00.000000,TechCorp_266,Starter Subscription,Emp_19 SaaS_19,1,50.0,0.0
2023-12-22 14:00:00.000000,TechCorp_283,Starter Subscription,Emp_19 SaaS_19,1,50.0,0.0
2023-12-22 18:00:00.000000,TechCorp_295,Starter Subscription,Emp_25 SaaS_25,1,50.0,0.0
2023-12-23 10:00:00.000000,TechCorp_32,Starter Subscription,Emp_29 SaaS_29,1,50.0,0.0
2023-12-23 18:00:00.000000,TechCorp_52,Starter Subscription,Emp_13 SaaS_13,1,50.0,0.0
2023-12-23 16:00:00.000000,TechCorp_107,Starter Subscription,Emp_0 SaaS_0,1,50.0,0.0
2023-12-23 14:00:00.000000,TechCorp_136,Pro Subscription,Emp_12 SaaS_12,1,200.0,0.0
2023-12-23 15:00:00.000000,TechCorp_190,Pro Subscription,Emp_29 SaaS_29,1,200.0,0.0
2023-12-23 15:00:00.000000,TechCorp_192,Starter Subscription,Emp_13 SaaS_13,1,50.0,0.0
2023-12-23 09:00:00.000000,TechCorp_205,Starter Subscription,Emp_25 SaaS_25,1,50.0,0.0
2023-12-23 12:00:00.000000,TechCorp_216,Starter Subscription,Emp_3 SaaS_3,1,50.0,0.0
2023-12-23 10:00:00.000000,TechCorp_218,Starter Subscription,Emp_21 SaaS_21,1,50.0,0.0
2023-12-23 10:00:00.000000,TechCorp_222,Pro Subscription,Emp_12 SaaS_12,1,200.0,0.0
2023-12-23 13:00:00.000000,TechCorp_254,Pro Subscription,Emp_2 SaaS_2,1,200.0,0.0
2023-12-23 12:00:00.000000,TechCorp_276,Pro Subscription,Emp_29 SaaS_29,1,200.0,0.0
2023-12-24 10:00:00.000000,TechCorp_1,Pro Subscription,Emp_29 SaaS_29,1,200.0,0.0
2023-12-24 10:00:00.000000,TechCorp_13,Enterprise License,Emp_6 SaaS_6,2,4000.0,0.0
2023-12-24 08:00:00.000000,TechCorp_80,Enterprise License,Emp_6 SaaS_6,4,8000.0,0.0
2023-12-24 08:00:00.000000,TechCorp_98,Starter Subscription,Emp_0 SaaS_0,1,50.0,0.0
2023-12-24 15:00:00.000000,TechCorp_113,Pro Subscription,Emp_29 SaaS_29,1,200.0,0.0
2023-12-24 10:00:00.000000,TechCorp_116,Starter Subscription,Emp_19 SaaS_19,1,50.0,0.0
2023-12-24 17:00:00.000000,TechCorp_141,Starter Subscription,Emp_25 SaaS_25,1,50.0,0.0
2023-12-24 14:00:00.000000,TechCorp_175,Starter Subscription,Emp_21 SaaS_21,1,50.0,0.0
2023-12-24 09:00:00.000000,TechCorp_214,Starter Subscription,Emp_0 SaaS_0,1,50.0,0.0
2023-12-24 14:00:00.000000,TechCorp_262,Starter Subscription,Emp_31 SaaS_31,1,50.0,0.0
2023-12-24 15:00:00.000000,TechCorp_276,Pro Subscription,Emp_31 SaaS_31,1,200.0,0.0
2023-12-25 12:00:00.000000,TechCorp_37,Starter Subscription,Emp_0 SaaS_0,1,50.0,0.0
2023-12-25 09:00:00.000000,TechCorp_44,Starter Subscription,Emp_12 SaaS_12,1,50.0,0.0
2023-12-25 18:00:00.000000,TechCorp_84,Pro Subscription,Emp_0 SaaS_0,1,200.0,0.0
2023-12-25 09:00:00.000000,TechCorp_145,Starter Subscription,Emp_3 SaaS_3,1,50.0,0.0
2023-12-25 17:00:00.000000,TechCorp_160,Starter Subscription,Emp_2 SaaS_2,1,50.0,0.0
2023-12-25 15:00:00.000000,TechCorp_224,Pro Subscription,Emp_0 SaaS_0,1,200.0,0.0
2023-12-25 16:00:00.000000,TechCorp_281,Pro Subscription,Emp_12 SaaS_12,1,200.0,0.0
2023-12-26 15:00:00.000000,TechCorp_75,Starter Subscription,Emp_29 SaaS_29,1,50.0,0.0
2023-12-26 15:00:00.000000,TechCorp_80,Enterprise License,Emp_21 SaaS_21,10,20000.0,0.0
2023-12-26 18:00:00.000000,TechCorp_108,Pro Subscription,Emp_12 SaaS_12,1,200.0,0.0
2023-12-26 18:00:00.000000,TechCorp_139,Starter Subscription,Emp_4 SaaS_4,1,50.0,0.0
2023-12-26 15:00:00.000000,TechCorp_151,Starter Subscription,Emp_4 SaaS_4,1,50.0,0.0
2023-12-26 14:00:00.000000,TechCorp_272,Starter Subscription,Emp_12 SaaS_12,1,50.0,0.0
2023-12-27 18:00:00.000000,TechCorp_35,Enterprise License,Emp_3 SaaS_3,2,4000.0,0.0
2023-12-27 13:00:00.000000,TechCorp_89,Pro Subscription,Emp_19 SaaS_19,1,200.0,0.0
2023-12-27 15:00:00.000000,TechCorp_139,Starter Subscription,Emp_0 SaaS_0,1,50.0,0.0
2023-12-27 11:00:00.000000,TechCorp_146,Starter Subscription,Emp_2 SaaS_2,1,50.0,0.0
2023-12-27 13:00:00.000000,TechCorp_150,Starter Subscription,Emp_25 SaaS_25,1,50.0,0.0
2023-12-27 09:00:00.000000,TechCorp_165,Starter Subscription,Emp_31 SaaS_31,1,50.0,0.0
2023-12-27 10:00:00.000000,TechCorp_175,Starter Subscription,Emp_13 SaaS_13,1,50.0,0.0
2023-12-27 13:00:00.000000,TechCorp_206,Enterprise License,Emp_25 SaaS_25,9,18000.0,0.0
2023-12-27 10:00:00.000000,TechCorp_207,Starter Subscription,Emp_4 SaaS_4,1,50.0,0.0
2023-12-27 14:00:00.000000,TechCorp_219,Starter Subscription,Emp_2 SaaS_2,1,50.0,0.0
2023-12-27 11:00:00.000000,TechCorp_232,Starter Subscription,Emp_6 SaaS_6,1,50.0,0.0
2023-12-28 08:00:00.000000,TechCorp_30,Pro Subscription,Emp_25 SaaS_25,1,200.0,0.0
2023-12-28 11:00:00.000000,TechCorp_40,Pro Subscription,Emp_4 SaaS_4,1,200.0,0.0
2023-12-28 10:00:00.000000,TechCorp_51,Pro Subscription,Emp_21 SaaS_21,1,200.0,0.0
2023-12-28 12:00:00.000000,TechCorp_104,Starter Subscription,Emp_19 SaaS_19,1,50.0,0.0
2023-12-28 16:00:00.000000,TechCorp_138,Starter Subscription,Emp_13 SaaS_13,1,50.0,0.0
2023-12-28 14:00:00.000000,TechCorp_140,Starter Subscription,Emp_21 SaaS_21,1,50.0,0.0
2023-12-28 11:00:00.000000,TechCorp_187,Starter Subscription,Emp_0 SaaS_0,1,50.0,0.0
2023-12-29 12:00:00.000000,TechCorp_26,Starter Subscription,Emp_31 SaaS_31,1,50.0,0.0
2023-12-29 11:00:00.000000,TechCorp_89,Pro Subscription,Emp_6 SaaS_6,1,200.0,0.0
2023-12-29 18:00:00.000000,TechCorp_154,Starter Subscription,Emp_4 SaaS_4,1,50.0,0.0
2023-12-29 15:00:00.000000,TechCorp_206,Enterprise License,Emp_21 SaaS_21,3,6000.0,0.0
2023-12-29 16:00:00.000000,TechCorp_242,Starter Subscription,Emp_21 SaaS_21,1,50.0,0.0
2023-12-29 09:00:00.000000,TechCorp_250,Starter Subscription,Emp_2 SaaS_2,1,50.0,0.0
2023-12-29 12:00:00.000000,TechCorp_253,Enterprise License,Emp_25 SaaS_25,2,4000.0,0.0
2023-12-30 17:00:00.000000,TechCorp_1,Pro Subscription,Emp_19 SaaS_19,1,200.0,0.0
2023-12-30 16:00:00.000000,TechCorp_17,Starter Subscription,Emp_31 SaaS_31,1,50.0,0.0
2023-12-30 10:00:00.000000,TechCorp_33,Enterprise License,Emp_29 SaaS_29,1,2000.0,0.0
2023-12-30 10:00:00.000000,TechCorp_41,Pro Subscription,Emp_31 SaaS_31,1,200.0,0.0
2023-12-30 09:00:00.000000,TechCorp_56,Enterprise License,Emp_13 SaaS_13,5,10000.0,0.0
2023-12-30 13:00:00.000000,TechCorp_69,Pro Subscription,Emp_4 SaaS_4,1,200.0,0.0
2023-12-30 09:00:00.000000,TechCorp_74,Pro Subscription,Emp_19 SaaS_19,1,200.0,0.0
2023-12-30 11:00:00.000000,TechCorp_84,Pro Subscription,Emp_29 SaaS_29,1,200.0,0.0
2023-12-30 08:00:00.000000,TechCorp_86,Starter Subscription,Emp_25 SaaS_25,1,50.0,0.0
2023-12-30 15:00:00.000000,TechCorp_106,Starter Subscription,Emp_19 SaaS_19,1,50.0,0.0
2023-12-30 12:00:00.000000,TechCorp_110,Starter Subscription,Emp_12 SaaS_12,1,50.0,0.0
2023-12-30 17:00:00.000000,TechCorp_112,Starter Subscription,Emp_21 SaaS_21,1,50.0,0.0
2023-12-30 11:00:00.000000,TechCorp_113,Pro Subscription,Emp_31 SaaS_31,1,200.0,0.0
2023-12-30 17:00:00.000000,TechCorp_131,Starter Subscription,Emp_6 SaaS_6,1,50.0,0.0
2023-12-30 14:00:00.000000,TechCorp_143,Starter Subscription,Emp_19 SaaS_19,1,50.0,0.0
2023-12-30 11:00:00.000000,TechCorp_162,Enterprise License,Emp_29 SaaS_29,7,14000.0,0.0
2023-12-30 16:00:00.000000,TechCorp_180,Starter Subscription,Emp_6 SaaS_6,1,50.0,0.0
2023-12-30 11:00:00.000000,TechCorp_222,Pro Subscription,Emp_3 SaaS_3,1,200.0,0.0
2023-12-30 14:00:00.000000,TechCorp_224,Pro Subscription,Emp_12 SaaS_12,1,200.0,0.0
2023-12-30 08:00:00.000000,TechCorp_230,Pro Subscription,Emp_25 SaaS_25,1,200.0,0.0
2023-12-30 09:00:00.000000,TechCorp_253,Enterprise License,Emp_13 SaaS_13,7,14000.0,0.0
2023-12-30 08:00:00.000000,TechCorp_280,Pro Subscription,Emp_6 SaaS_6,1,200.0,0.0
2023-12-30 11:00:00.000000,TechCorp_286,Starter Subscription,Emp_13 SaaS_13,1,50.0,0.0
2023-12-31 08:00:00.000000,TechCorp_13,Enterprise License,Emp_13 SaaS_13,10,20000.0,0.0
2023-12-31 11:00:00.000000,TechCorp_44,Starter Subscription,Emp_13 SaaS_13,1,50.0,0.0
2023-12-31 12:00:00.000000,TechCorp_45,Pro Subscription,Emp_2 SaaS_2,1,200.0,0.0
2023-12-31 10:00:00.000000,TechCorp_48,Pro Subscription,Emp_12 SaaS_12,1,200.0,0.0
2023-12-31 14:00:00.000000,TechCorp_77,Pro Subscription,Emp_4 SaaS_4,1,200.0,0.0
2023-12-31 16:00:00.000000,TechCorp_81,Pro Subscription,Emp_6 SaaS_6,1,200.0,0.0
2023-12-31 16:00:00.000000,TechCorp_92,Pro Subscription,Emp_3 SaaS_3,1,200.0,0.0
2023-12-31 12:00:00.000000,TechCorp_123,Starter Subscription,Emp_12 SaaS_12,1,50.0,0.0
2023-12-31 17:00:00.000000,TechCorp_138,Starter Subscription,Emp_25 SaaS_25,1,50.0,0.0
2023-12-31 10:00:00.000000,TechCorp_152,Pro Subscription,Emp_29 SaaS_29,1,200.0,0.0
2023-12-31 14:00:00.000000,TechCorp_185,Starter Subscription,Emp_19 SaaS_19,1,50.0,0.0
2023-12-31 18:00:00.000000,TechCorp_187,Starter Subscription,Emp_21 SaaS_21,1,50.0,0.0
2023-12-31 18:00:00.000000,TechCorp_193,Enterprise License,Emp_19 SaaS_19,7,14000.0,0.0
2023-12-31 15:00:00.000000,TechCorp_206,Enterprise License,Emp_2 SaaS_2,1,2000.0,0.0
2023-12-31 13:00:00.000000,TechCorp_208,Pro Subscription,Emp_19 SaaS_19,1,200.0,0.0
2023-12-31 18:00:00.000000,TechCorp_262,Starter Subscription,Emp_29 SaaS_29,1,50.0,0.0
2023-12-31 13:00:00.000000,TechCorp_295,Starter Subscription,Emp_31 SaaS_31,1,50.0,0.0
2023-12-31 18:00:00.000000,TechCorp_299,Starter Subscription,Emp_6 SaaS_6,1,50.0,0.0
2024-01-01 11:00:00.000000,TechCorp_9,Starter Subscription,Emp_2 SaaS_2,1,50.0,0.0
2024-01-01 11:00:00.000000,TechCorp_30,Pro Subscription,Emp_6 SaaS_6,1,200.0,0.0
2024-01-01 18:00:00.000000,TechCorp_61,Pro Subscription,Emp_21 SaaS_21,1,200.0,0.0
2024-01-01 12:00:00.000000,TechCorp_71,Pro Subscription,Emp_21 SaaS_21,1,200.0,0.0
2024-01-01 16:00:00.000000,TechCorp_81,Pro Subscription,Emp_0 SaaS_0,1,200.0,0.0
2024-01-01 18:00:00.000000,TechCorp_87,Pro Subscription,Emp_3 SaaS_3,1,200.0,0.0
2024-01-01 16:00:00.000000,TechCorp_104,Starter Subscription,Emp_19 SaaS_19,1,50.0,0.0
2024-01-01 13:00:00.000000,TechCorp_124,Starter Subscription,Emp_0 SaaS_0,1,50.0,0.0
2024-01-01 18:00:00.000000,TechCorp_128,Starter Subscription,Emp_21 SaaS_21,1,50.0,0.0
2024-01-01 16:00:00.000000,TechCorp_185,Starter Subscription,Emp_19 SaaS_19,1,50.0,0.0
2024-01-01 08:00:00.000000,TechCorp_194,Starter Subscription,Emp_4 SaaS_4,1,50.0,0.0
2024-01-01 09:00:00.000000,TechCorp_271,Pro Subscription,Emp_6 SaaS_6,1,200.0,0.0
2024-01-01 12:00:00.000000,TechCorp_280,Pro Subscription,Emp_19 SaaS_19,1,200.0,0.0
2024-01-01 16:00:00.000000,TechCorp_285,Starter Subscription,Emp_4 SaaS_4,1,50.0,0.0
2024-01-02 14:00:00.000000,TechCorp_3,Pro Subscription,Emp_4 SaaS_4,1,200.0,0.0
2024-01-02 15:00:00.000000,TechCorp_16,Enterprise License,Emp_6 SaaS_6,6,12000.0,0.0
2024-01-02 10:00:00.000000,TechCorp_71,Pro Subscription,Emp_6 SaaS_6,1,200.0,0.0
2024-01-02 13:00:00.000000,TechCorp_75,Starter Subscription,Emp_13 SaaS_13,1,50.0,0.0
2024-01-02 11:00:00.000000,TechCorp_90,Pro Subscription,Emp_19 SaaS_19,1,200.0,0.0
2024-01-02 11:00:00.000000,TechCorp_105,Starter Subscription,Emp_19 SaaS_19,1,50.0,0.0
2024-01-02 14:00:00.000000,TechCorp_113,Pro Subscription,Emp_12 SaaS_12,1,200.0,0.0
2024-01-02 18:00:00.000000,TechCorp_137,Pro Subscription,Emp_19 SaaS_19,1,200.0,0.0
2024-01-02 14:00:00.000000,TechCorp_179,Enterprise License,Emp_13 SaaS_13,1,2000.0,0.0
2024-01-02 11:00:00.000000,TechCorp_228,Starter Subscription,Emp_4 SaaS_4,1,50.0,0.0
2024-01-02 09:00:00.000000,TechCorp_255,Starter Subscription,Emp_6 SaaS_6,1,50.0,0.0
2024-01-03 17:00:00.000000,TechCorp_51,Pro Subscription,Emp_6 SaaS_6,1,200.0,0.0
2024-01-03 17:00:00.000000,TechCorp_103,Starter Subscription,Emp_6 SaaS_6,1,50.0,0.0
2024-01-03 15:00:00.000000,TechCorp_138,Starter Subscription,Emp_21 SaaS_21,1,50.0,0.0
2024-01-03 15:00:00.000000,TechCorp_154,Starter Subscription,Emp_12 SaaS_12,1,50.0,0.0
2024-01-03 11:00:00.000000,TechCorp_155,Starter Subscription,Emp_25 SaaS_25,1,50.0,0.0
2024-01-03 11:00:00.000000,TechCorp_207,Starter Subscription,Emp_3 SaaS_3,1,50.0,0.0
2024-01-03 16:00:00.000000,TechCorp_248,Starter Subscription,Emp_29 SaaS_29,1,50.0,0.0
2024-01-03 09:00:00.000000,TechCorp_249,Pro Subscription,Emp_31 SaaS_31,1,200.0,0.0
2024-01-03 09:00:00.000000,TechCorp_276,Pro Subscription,Emp_25 SaaS_25,1,200.0,0.0
2024-01-04 16:00:00.000000,TechCorp_17,Starter Subscription,Emp_6 SaaS_6,1,50.0,0.0
2024-01-04 09:00:00.000000,TechCorp_37,Starter Subscription,Emp_21 SaaS_21,1,50.0,0.0
2024-01-04 16:00:00.000000,TechCorp_107,Starter Subscription,Emp_2 SaaS_2,1,50.0,0.0
2024-01-04 18:00:00.000000,TechCorp_124,Starter Subscription,Emp_6 SaaS_6,1,50.0,0.0
2024-01-04 16:00:00.000000,TechCorp_131,Starter Subscription,Emp_3 SaaS_3,1,50.0,0.0
2024-01-04 18:00:00.000000,TechCorp_141,Starter Subscription,Emp_29 SaaS_29,1,50.0,0.0
2024-01-04 09:00:00.000000,TechCorp_152,Pro Subscription,Emp_12 SaaS_12,1,200.0,0.0
2024-01-04 13:00:00.000000,TechCorp_165,Starter Subscription,Emp_6 SaaS_6,1,50.0,0.0
2024-01-04 15:00:00.000000,TechCorp_182,Starter Subscription,Emp_21 SaaS_21,1,50.0,0.0
2024-01-04 13:00:00.000000,TechCorp_186,Starter Subscription,Emp_29 SaaS_29,1,50.0,0.0
2024-01-04 08:00:00.000000,TechCorp_189,Pro Subscription,Emp_4 SaaS_4,1,200.0,0.0
2024-01-05 10:00:00.000000,TechCorp_3,Pro Subscription,Emp_0 SaaS_0,1,200.0,0.0
2024-01-05 12:00:00.000000,TechCorp_16,Enterprise License,Emp_4 SaaS_4,8,16000.0,0.0
2024-01-05 09:00:00.000000,TechCorp_43,Pro Subscription,Emp_3 SaaS_3,1,200.0,0.0
2024-01-05 17:00:00.000000,TechCorp_74,Pro Subscription,Emp_4 SaaS_4,1,200.0,0.0
2024-01-05 11:00:00.000000,TechCorp_81,Pro Subscription,Emp_2 SaaS_2,1,200.0,0.0
2024-01-05 14:00:00.000000,TechCorp_110,Starter Subscription,Emp_0 SaaS_0,1,50.0,0.0
2024-01-05 08:00:00.000000,TechCorp_131,Starter Subscription,Emp_13 SaaS_13,1,50.0,0.0
2024-01-05 09:00:00.000000,TechCorp_151,Starter Subscription,Emp_29 SaaS_29,1,50.0,0.0
2024-01-05 08:00:00.000000,TechCorp_211,Starter Subscription,Emp_6 SaaS_6,1,50.0,0.0
2024-01-05 10:00:00.000000,TechCorp_224,Pro Subscription,Emp_13 SaaS_13,1,200.0,0.0
2024-01-05 08:00:00.000000,TechCorp_269,Starter Subscription,Emp_31 SaaS_31,1,50.0,0.0
2024-01-05 16:00:00.000000,TechCorp_278,Starter Subscription,Emp_31 SaaS_31,1,50.0,0.0
2024-01-06 14:00:00.000000,TechCorp_25,Starter Subscription,Emp_21 SaaS_21,1,50.0,0.0
2024-01-06 10:00:00.000000,TechCorp_62,Starter Subscription,Emp_29 SaaS_29,1,50.0,0.0
2024-01-06 12:00:00.000000,TechCorp_74,Pro Subscription,Emp_29 SaaS_29,1,200.0,0.0
2024-01-06 10:00:00.000000,TechCorp_128,Starter Subscription,Emp_21 SaaS_21,1,50.0,0.0
2024-01-06 17:00:00.000000,TechCorp_138,Starter Subscription,Emp_21 SaaS_21,1,50.0,0.0
2024-01-06 09:00:00.000000,TechCorp_228,Starter Subscription,Emp_25 SaaS_25,1,50.0,0.0
2024-01-06 18:00:00.000000,TechCorp_268,Starter Subscription,Emp_12 SaaS_12,1,50.0,0.0
2024-01-06 08:00:00.000000,TechCorp_269,Starter Subscription,Emp_12 SaaS_12,1,50.0,0.0
2024-01-07 09:00:00.000000,TechCorp_45,Pro Subscription,Emp_3 SaaS_3,1,200.0,0.0
2024-01-07 16:00:00.000000,TechCorp_75,Starter Subscription,Emp_0 SaaS_0,1,50.0,0.0
2024-01-07 16:00:00.000000,TechCorp_77,Pro Subscription,Emp_25 SaaS_25,1,200.0,0.0
2024-01-07 10:00:00.000000,TechCorp_104,Starter Subscription,Emp_4 SaaS_4,1,50.0,0.0
2024-01-07 08:00:00.000000,TechCorp_110,Starter Subscription,Emp_21 SaaS_21,1,50.0,0.0
2024-01-07 17:00:00.000000,TechCorp_112,Starter Subscription,Emp_21 SaaS_21,1,50.0,0.0
2024-01-07 09:00:00.000000,TechCorp_113,Pro Subscription,Emp_21 SaaS_21,1,200.0,0.0
2024-01-07 11:00:00.000000,TechCorp_116,Starter Subscription,Emp_0 SaaS_0,1,50.0,0.0
2024-01-07 11:00:00.000000,TechCorp_118,Pro Subscription,Emp_19 SaaS_19,1,200.0,0.0
2024-01-07 09:00:00.000000,TechCorp_135,Pro Subscription,Emp_0 SaaS_0,1,200.0,0.0
2024-01-07 18:00:00.000000,TechCorp_233,Pro Subscription,Emp_3 SaaS_3,1,200.0,0.0
2024-01-07 15:00:00.000000,TechCorp_259,Starter Subscription,Emp_25 SaaS_25,1,50.0,0.0
2024-01-08 15:00:00.000000,TechCorp_3,Pro Subscription,Emp_0 SaaS_0,1,200.0,0.0
2024-01-08 13:00:00.000000,TechCorp_35,Enterprise License,Emp_31 SaaS_31,2,4000.0,0.0
2024-01-08 13:00:00.000000,TechCorp_48,Pro Subscription,Emp_2 SaaS_2,1,200.0,0.0
2024-01-08 18:00:00.000000,TechCorp_51,Pro Subscription,Emp_19 SaaS_19,1,200.0,0.0
2024-01-08 12:00:00.000000,TechCorp_98,Starter Subscription,Emp_3 SaaS_3,1,50.0,0.0
2024-01-08 10:00:00.000000,TechCorp_103,Starter Subscription,Emp_3 SaaS_3,1,50.0,0.0
2024-01-08 09:00:00.000000,TechCorp_165,Starter Subscription,Emp_31 SaaS_31,1,50.0,0.0
2024-01-08 13:00:00.000000,TechCorp_179,Enterprise License,Emp_29 SaaS_29,10,20000.0,0.0
2024-01-08 17:00:00.000000,TechCorp_232,Starter Subscription,Emp_21 SaaS_21,1,50.0,0.0
2024-01-08 13:00:00.000000,TechCorp_290,Starter Subscription,Emp_4 SaaS_4,1,50.0,0.0
2024-01-09 08:00:00.000000,TechCorp_80,Enterprise License,Emp_29 SaaS_29,7,14000.0,0.0
2024-01-09 18:00:00.000000,TechCorp_87,Pro Subscription,Emp_31 SaaS_31,1,200.0,0.0
2024-01-09 10:00:00.000000,TechCorp_104,Starter Subscription,Emp_12 SaaS_12,1,50.0,0.0
2024-01-09 14:00:00.000000,TechCorp_147,Pro Subscription,Emp_2 SaaS_2,1,200.0,0.0
2024-01-09 13:00:00.000000,TechCorp_151,Starter Subscription,Emp_29 SaaS_29,1,50.0,0.0
2024-01-09 14:00:00.000000,TechCorp_162,Enterprise License,Emp_21 SaaS_21,6,12000.0,0.0
2024-01-09 13:00:00.000000,TechCorp_194,Starter Subscription,Emp_31 SaaS_31,1,50.0,0.0
2024-01-09 15:00:00.000000,TechCorp_219,Starter Subscription,Emp_12 SaaS_12,1,50.0,0.0
2024-01-09 14:00:00.000000,TechCorp_221,Starter Subscription,Emp_29 SaaS_29,1,50.0,0.0
2024-01-09 14:00:00.000000,TechCorp_232,Starter Subscription,Emp_12 SaaS_12,1,50.0,0.0
2024-01-09 14:00:00.000000,TechCorp_252,Pro Subscription,Emp_4 SaaS_4,1,200.0,0.0
2024-01-09 10:00:00.000000,TechCorp_278,Starter Subscription,Emp_21 SaaS_21,1,50.0,0.0
2024-01-09 10:00:00.000000,TechCorp_290,Starter Subscription,Emp_29 SaaS_29,1,50.0,0.0
2024-01-10 11:00:00.000000,TechCorp_2,Pro Subscription,Emp_3 SaaS_3,1,200.0,0.0
2024-01-10 15:00:00.000000,TechCorp_52,Starter Subscription,Emp_0 SaaS_0,1,50.0,0.0
2024-01-10 17:00:00.000000,TechCorp_123,Starter Subscription,Emp_31 SaaS_31,1,50.0,0.0
2024-01-10 14:00:00.000000,TechCorp_150,Starter Subscription,Emp_3 SaaS_3,1,50.0,0.0
2024-01-10 15:00:00.000000,TechCorp_208,Pro Subscription,Emp_0 SaaS_0,1,200.0,0.0
2024-01-10 17:00:00.000000,TechCorp_235,Enterprise License,Emp_3 SaaS_3,7,14000.0,0.0
2024-01-10 11:00:00.000000,TechCorp_290,Starter Subscription,Emp_13 SaaS_13,1,50.0,0.0
2024-01-11 09:00:00.000000,TechCorp_25,Starter Subscription,Emp_12 SaaS_12,1,50.0,0.0
2024-01-11 13:00:00.000000,TechCorp_30,Pro Subscription,Emp_4 SaaS_4,1,200.0,0.0
2024-01-11 15:00:00.000000,TechCorp_56,Enterprise License,Emp_21 SaaS_21,1,2000.0,0.0
2024-01-11 09:00:00.000000,TechCorp_58,Starter Subscription,Emp_31 SaaS_31,1,50.0,0.0
2024-01-11 10:00:00.000000,TechCorp_59,Pro Subscription,Emp_6 SaaS_6,1,200.0,0.0
2024-01-11 14:00:00.000000,TechCorp_69,Pro Subscription,Emp_25 SaaS_25,1,200.0,0.0
2024-01-11 12:00:00.000000,TechCorp_81,Pro Subscription,Emp_25 SaaS_25,1,200.0,0.0
2024-01-11 17:00:00.000000,TechCorp_94,Starter Subscription,Emp_25 SaaS_25,1,50.0,0.0
2024-01-11 12:00:00.000000,TechCorp_107,Starter Subscription,Emp_29 SaaS_29,1,50.0,0.0
2024-01-11 09:00:00.000000,TechCorp_114,Starter Subscription,Emp_12 SaaS_12,1,50.0,0.0
2024-01-11 14:00:00.000000,TechCorp_120,Starter Subscription,Emp_0 SaaS_0,1,50.0,0.0
2024-01-11 13:00:00.000000,TechCorp_134,Starter Subscription,Emp_2 SaaS_2,1,50.0,0.0
2024-01-11 11:00:00.000000,TechCorp_175,Starter Subscription,Emp_19 SaaS_19,1,50.0,0.0
2024-01-11 10:00:00.000000,TechCorp_182,Starter Subscription,Emp_12 SaaS_12,1,50.0,0.0
2024-01-11 17:00:00.000000,TechCorp_213,Starter Subscription,Emp_31 SaaS_31,1,50.0,0.0
2024-01-11 17:00:00.000000,TechCorp_225,Enterprise License,Emp_29 SaaS_29,10,20000.0,0.0
2024-01-11 14:00:00.000000,TechCorp_265,Pro Subscription,Emp_13 SaaS_13,1,200.0,0.0
2024-01-11 14:00:00.000000,TechCorp_292,Starter Subscription,Emp_19 SaaS_19,1,50.0,0.0
2024-01-12 15:00:00.000000,TechCorp_29,Pro Subscription,Emp_3 SaaS_3,1,200.0,0.0
2024-01-12 11:00:00.000000,TechCorp_50,Starter Subscription,Emp_25 SaaS_25,1,50.0,0.0
2024-01-12 17:00:00.000000,TechCorp_51,Pro Subscription,Emp_3 SaaS_3,1,200.0,0.0
2024-01-12 16:00:00.000000,TechCorp_61,Pro Subscription,Emp_13 SaaS_13,1,200.0,0.0
2024-01-12 13:00:00.000000,TechCorp_81,Pro Subscription,Emp_12 SaaS_12,1,200.0,0.0
2024-01-12 18:00:00.000000,TechCorp_82,Starter Subscription,Emp_0 SaaS_0,1,50.0,0.0
2024-01-12 14:00:00.000000,TechCorp_97,Enterprise License,Emp_6 SaaS_6,6,12000.0,0.0
2024-01-12 08:00:00.000000,TechCorp_112,Starter Subscription,Emp_31 SaaS_31,1,50.0,0.0
2024-01-12 14:00:00.000000,TechCorp_118,Pro Subscription,Emp_2 SaaS_2,1,200.0,0.0
2024-01-12 08:00:00.000000,TechCorp_213,Starter Subscription,Emp_4 SaaS_4,1,50.0,0.0
2024-01-12 08:00:00.000000,TechCorp_216,Starter Subscription,Emp_4 SaaS_4,1,50.0,0.0
2024-01-12 10:00:00.000000,TechCorp_219,Starter Subscription,Emp_4 SaaS_4,1,50.0,0.0
2024-01-12 08:00:00.000000,TechCorp_225,Enterprise License,Emp_25 SaaS_25,10,20000.0,0.0
2024-01-12 11:00:00.000000,TechCorp_249,Pro Subscription,Emp_25 SaaS_25,1,200.0,0.0
2024-01-13 08:00:00.000000,TechCorp_27,Pro Subscription,Emp_21 SaaS_21,1,200.0,0.0
2024-01-13 10:00:00.000000,TechCorp_42,Pro Subscription,Emp_6 SaaS_6,1,200.0,0.0
2024-01-13 16:00:00.000000,TechCorp_64,Pro Subscription,Emp_25 SaaS_25,1,200.0,0.0
2024-01-13 09:00:00.000000,TechCorp_114,Starter Subscription,Emp_6 SaaS_6,1,50.0,0.0
2024-01-13 08:00:00.000000,TechCorp_134,Starter Subscription,Emp_19 SaaS_19,1,50.0,0.0
2024-01-13 12:00:00.000000,TechCorp_138,Starter Subscription,Emp_31 SaaS_31,1,50.0,0.0
2024-01-13 13:00:00.000000,TechCorp_143,Starter Subscription,Emp_0 SaaS_0,1,50.0,0.0
2024-01-13 12:00:00.000000,TechCorp_175,Starter Subscription,Emp_4 SaaS_4,1,50.0,0.0
2024-01-13 13:00:00.000000,TechCorp_200,Pro Subscription,Emp_4 SaaS_4,1,200.0,0.0
2024-01-13 11:00:00.000000,TechCorp_298,Starter Subscription,Emp_6 SaaS_6,1,50.0,0.0
2024-01-14 10:00:00.000000,TechCorp_8,Starter Subscription,Emp_21 SaaS_21,1,50.0,0.0
2024-01-14 12:00:00.000000,TechCorp_50,Starter Subscription,Emp_6 SaaS_6,1,50.0,0.0
2024-01-14 16:00:00.000000,TechCorp_62,Starter Subscription,Emp_31 SaaS_31,1,50.0,0.0
2024-01-14 16:00:00.000000,TechCorp_115,Enterprise License,Emp_21 SaaS_21,7,14000.0,0.0
2024-01-14 18:00:00.000000,TechCorp_211,Starter Subscription,Emp_19 SaaS_19,1,50.0,0.0
2024-01-14 17:00:00.000000,TechCorp_233,Pro Subscription,Emp_4 SaaS_4,1,200.0,0.0
2024-01-14 08:00:00.000000,TechCorp_269,Starter Subscription,Emp_13 SaaS_13,1,50.0,0.0
2024-01-15 12:00:00.000000,TechCorp_30,Pro Subscription,Emp_4 SaaS_4,1,200.0,0.0
2024-01-15 08:00:00.000000,TechCorp_74,Pro Subscription,Emp_6 SaaS_6,1,200.0,0.0
2024-01-15 13:00:00.000000,TechCorp_116,Starter Subscription,Emp_0 SaaS_0,1,50.0,0.0
2024-01-15 08:00:00.000000,TechCorp_137,Pro Subscription,Emp_0 SaaS_0,1,200.0,0.0
2024-01-15 11:00:00.000000,TechCorp_144,Starter Subscription,Emp_2 SaaS_2,1,50.0,0.0
2024-01-15 13:00:00.000000,TechCorp_149,Starter Subscription,Emp_19 SaaS_19,1,50.0,0.0
2024-01-15 17:00:00.000000,TechCorp_205,Starter Subscription,Emp_0 SaaS_0,1,50.0,0.0
2024-01-15 14:00:00.000000,TechCorp_219,Starter Subscription,Emp_6 SaaS_6,1,50.0,0.0
2024-01-15 17:00:00.000000,TechCorp_233,Pro Subscription,Emp_13 SaaS_13,1,200.0,0.0
2024-01-15 09:00:00.000000,TechCorp_234,Starter Subscription,Emp_12 SaaS_12,1,50.0,0.0
2024-01-15 11:00:00.000000,TechCorp_247,Pro Subscription,Emp_3 SaaS_3,1,200.0,0.0
2024-01-15 14:00:00.000000,TechCorp_269,Starter Subscription,Emp_6 SaaS_6,1,50.0,0.0
2024-01-15 16:00:00.000000,TechCorp_298,Starter Subscription,Emp_29 SaaS_29,1,50.0,0.0
2024-01-16 11:00:00.000000,TechCorp_21,Pro Subscription,Emp_25 SaaS_25,1,200.0,0.0
2024-01-16 16:00:00.000000,TechCorp_25,Starter Subscription,Emp_29 SaaS_29,1,50.0,0.0
2024-01-16 15:00:00.000000,TechCorp_40,Pro Subscription,Emp_0 SaaS_0,1,200.0,0.0
2024-01-16 17:00:00.000000,TechCorp_61,Pro Subscription,Emp_12 SaaS_12,1,200.0,0.0
2024-01-16 08:00:00.000000,TechCorp_81,Pro Subscription,Emp_6 SaaS_6,1,200.0,0.0
2024-01-16 17:00:00.000000,TechCorp_93,Pro Subscription,Emp_6 SaaS_6,1,200.0,0.0
2024-01-16 14:00:00.000000,TechCorp_160,Starter Subscription,Emp_19 SaaS_19,1,50.0,0.0
2024-01-16 12:00:00.000000,TechCorp_193,Enterprise License,Emp_29 SaaS_29,8,16000.0,0.0
2024-01-16 13:00:00.000000,TechCorp_206,Enterprise License,Emp_0 SaaS_0,10,20000.0,0.0
2024-01-16 16:00:00.000000,TechCorp_222,Pro Subscription,Emp_19 SaaS_19,1,200.0,0.0
2024-01-17 09:00:00.000000,TechCorp_12,Pro Subscription,Emp_4 SaaS_4,1,200.0,0.0
2024-01-17 14:00:00.000000,TechCorp_35,Enterprise License,Emp_0 SaaS_0,3,6000.0,0.0
2024-01-17 15:00:00.000000,TechCorp_54,Starter Subscription,Emp_31 SaaS_31,1,50.0,0.0
2024-01-17 18:00:00.000000,TechCorp_169,Starter Subscription,Emp_0 SaaS_0,1,50.0,0.0
2024-01-17 15:00:00.000000,TechCorp_268,Starter Subscription,Emp_25 SaaS_25,1,50.0,0.0
2024-01-17 08:00:00.000000,TechCorp_280,Pro Subscription,Emp_2 SaaS_2,1,200.0,0.0
2024-01-18 17:00:00.000000,TechCorp_47,Pro Subscription,Emp_4 SaaS_4,1,200.0,0.0
2024-01-18 13:00:00.000000,TechCorp_59,Pro Subscription,Emp_0 SaaS_0,1,200.0,0.0
2024-01-18 08:00:00.000000,TechCorp_85,Starter Subscription,Emp_29 SaaS_29,1,50.0,0.0
2024-01-18 08:00:00.000000,TechCorp_91,Starter Subscription,Emp_13 SaaS_13,1,50.0,0.0
2024-01-18 12:00:00.000000,TechCorp_121,Pro Subscription,Emp_4 SaaS_4,1,200.0,0.0
2024-01-18 15:00:00.000000,TechCorp_143,Starter Subscription,Emp_13 SaaS_13,1,50.0,0.0
2024-01-18 13:00:00.000000,TechCorp_156,Starter Subscription,Emp_3 SaaS_3,1,50.0,0.0
2024-01-18 09:00:00.000000,TechCorp_191,Pro Subscription,Emp_31 SaaS_31,1,200.0,0.0
2024-01-18 15:00:00.000000,TechCorp_216,Starter Subscription,Emp_29 SaaS_29,1,50.0,0.0
2024-01-18 16:00:00.000000,TechCorp_265,Pro Subscription,Emp_12 SaaS_12,1,200.0,0.0
2024-01-19 11:00:00.000000,TechCorp_32,Starter Subscription,Emp_31 SaaS_31,1,50.0,0.0
2024-01-19 17:00:00.000000,TechCorp_48,Pro Subscription,Emp_12 SaaS_12,1,200.0,0.0
2024-01-19 10:00:00.000000,TechCorp_52,Starter Subscription,Emp_3 SaaS_3,1,50.0,0.0
2024-01-19 15:00:00.000000,TechCorp_59,Pro Subscription,Emp_0 SaaS_0,1,200.0,0.0
2024-01-19 11:00:00.000000,TechCorp_134,Starter Subscription,Emp_4 SaaS_4,1,50.0,0.0
2024-01-19 14:00:00.000000,TechCorp_186,Starter Subscription,Emp_3 SaaS_3,1,50.0,0.0
2024-01-19 13:00:00.000000,TechCorp_200,Pro Subscription,Emp_19 SaaS_19,1,200.0,0.0
2024-01-19 12:00:00.000000,TechCorp_278,Starter Subscription,Emp_4 SaaS_4,1,50.0,0.0
2024-01-20 11:00:00.000000,TechCorp_9,Starter Subscription,Emp_6 SaaS_6,1,50.0,0.0
2024-01-20 10:00:00.000000,TechCorp_14,Pro Subscription,Emp_25 SaaS_25,1,200.0,0.0
2024-01-20 16:00:00.000000,TechCorp_77,Pro Subscription,Emp_3 SaaS_3,1,200.0,0.0
2024-01-20 18:00:00.000000,TechCorp_132,Pro Subscription,Emp_31 SaaS_31,1,200.0,0.0
2024-01-20 17:00:00.000000,TechCorp_138,Starter Subscription,Emp_12 SaaS_12,1,50.0,0.0
2024-01-20 18:00:00.000000,TechCorp_147,Pro Subscription,Emp_13 SaaS_13,1,200.0,0.0
2024-01-20 09:00:00.000000,TechCorp_182,Starter Subscription,Emp_25 SaaS_25,1,50.0,0.0
2024-01-20 18:00:00.000000,TechCorp_299,Starter Subscription,Emp_25 SaaS_25,1,50.0,0.0
2024-01-21 12:00:00.000000,TechCorp_56,Enterprise License,Emp_19 SaaS_19,6,12000.0,0.0
2024-01-21 10:00:00.000000,TechCorp_86,Starter Subscription,Emp_4 SaaS_4,1,50.0,0.0
2024-01-21 10:00:00.000000,TechCorp_95,Starter Subscription,Emp_25 SaaS_25,1,50.0,0.0
2024-01-21 10:00:00.000000,TechCorp_106,Starter Subscription,Emp_25 SaaS_25,1,50.0,0.0
2024-01-21 09:00:00.000000,TechCorp_108,Pro Subscription,Emp_6 SaaS_6,1,200.0,0.0
2024-01-21 14:00:00.000000,TechCorp_157,Starter Subscription,Emp_0 SaaS_0,1,50.0,0.0
2024-01-21 18:00:00.000000,TechCorp_248,Starter Subscription,Emp_3 SaaS_3,1,50.0,0.0
2024-01-21 11:00:00.000000,TechCorp_294,Pro Subscription,Emp_25 SaaS_25,1,200.0,0.0
2024-01-22 12:00:00.000000,TechCorp_54,Starter Subscription,Emp_0 SaaS_0,1,50.0,0.0
2024-01-22 11:00:00.000000,TechCorp_61,Pro Subscription,Emp_29 SaaS_29,1,200.0,0.0
2024-01-22 12:00:00.000000,TechCorp_86,Starter Subscription,Emp_2 SaaS_2,1,50.0,0.0
2024-01-22 10:00:00.000000,TechCorp_119,Starter Subscription,Emp_3 SaaS_3,1,50.0,0.0
2024-01-22 17:00:00.000000,TechCorp_149,Starter Subscription,Emp_6 SaaS_6,1,50.0,0.0
2024-01-22 09:00:00.000000,TechCorp_190,Pro Subscription,Emp_21 SaaS_21,1,200.0,0.0
2024-01-22 17:00:00.000000,TechCorp_207,Starter Subscription,Emp_3 SaaS_3,1,50.0,0.0
2024-01-22 18:00:00.000000,TechCorp_249,Pro Subscription,Emp_29 SaaS_29,1,200.0,0.0
2024-01-23 08:00:00.000000,TechCorp_26,Starter Subscription,Emp_2 SaaS_2,1,50.0,0.0
2024-01-23 17:00:00.000000,TechCorp_46,Enterprise License,Emp_13 SaaS_13,6,12000.0,0.0
2024-01-23 12:00:00.000000,TechCorp_74,Pro Subscription,Emp_3 SaaS_3,1,200.0,0.0
2024-01-23 16:00:00.000000,TechCorp_75,Starter Subscription,Emp_6 SaaS_6,1,50.0,0.0
2024-01-23 08:00:00.000000,TechCorp_148,Starter Subscription,Emp_21 SaaS_21,1,50.0,0.0
2024-01-23 11:00:00.000000,TechCorp_152,Pro Subscription,Emp_12 SaaS_12,1,200.0,0.0
2024-01-23 17:00:00.000000,TechCorp_156,Starter Subscription,Emp_6 SaaS_6,1,50.0,0.0
2024-01-23 16:00:00.000000,TechCorp_200,Pro Subscription,Emp_21 SaaS_21,1,200.0,0.0
2024-01-23 15:00:00.000000,TechCorp_221,Starter Subscription,Emp_2 SaaS_2,1,50.0,0.0
2024-01-23 16:00:00.000000,TechCorp_234,Starter Subscription,Emp_31 SaaS_31,1,50.0,0.0
2024-01-23 18:00:00.000000,TechCorp_278,Starter Subscription,Emp_3 SaaS_3,1,50.0,0.0
2024-01-23 09:00:00.000000,TechCorp_284,Starter Subscription,Emp_21 SaaS_21,1,50.0,0.0
2024-01-23 08:00:00.000000,TechCorp_296,Pro Subscription,Emp_12 SaaS_12,1,200.0,0.0
2024-01-24 18:00:00.000000,TechCorp_12,Pro Subscription,Emp_12 SaaS_12,1,200.0,0.0
2024-01-24 08:00:00.000000,TechCorp_27,Pro Subscription,Emp_13 SaaS_13,1,200.0,0.0
2024-01-24 09:00:00.000000,TechCorp_50,Starter Subscription,Emp_2 SaaS_2,1,50.0,0.0
2024-01-24 18:00:00.000000,TechCorp_192,Starter Subscription,Emp_0 SaaS_0,1,50.0,0.0
2024-01-24 13:00:00.000000,TechCorp_212,Pro Subscription,Emp_21 SaaS_21,1,200.0,0.0
2024-01-24 12:00:00.000000,TechCorp_263,Starter Subscription,Emp_4 SaaS_4,1,50.0,0.0
2024-01-24 08:00:00.000000,TechCorp_283,Starter Subscription,Emp_25 SaaS_25,1,50.0,0.0
2024-01-25 17:00:00.000000,TechCorp_46,Enterprise License,Emp_25 SaaS_25,7,14000.0,0.0
2024-01-25 13:00:00.000000,TechCorp_71,Pro Subscription,Emp_6 SaaS_6,1,200.0,0.0
2024-01-25 10:00:00.000000,TechCorp_75,Starter Subscription,Emp_19 SaaS_19,1,50.0,0.0
2024-01-25 08:00:00.000000,TechCorp_85,Starter Subscription,Emp_0 SaaS_0,1,50.0,0.0
2024-01-25 10:00:00.000000,TechCorp_114,Starter Subscription,Emp_2 SaaS_2,1,50.0,0.0
2024-01-25 13:00:00.000000,TechCorp_203,Starter Subscription,Emp_12 SaaS_12,1,50.0,0.0
2024-01-25 18:00:00.000000,TechCorp_229,Pro Subscription,Emp_4 SaaS_4,1,200.0,0.0
2024-01-25 13:00:00.000000,TechCorp_262,Starter Subscription,Emp_0 SaaS_0,1,50.0,0.0
2024-01-25 16:00:00.000000,TechCorp_274,Starter Subscription,Emp_4 SaaS_4,1,50.0,0.0
2024-01-26 15:00:00.000000,TechCorp_33,Enterprise License,Emp_21 SaaS_21,7,14000.0,0.0
2024-01-26 08:00:00.000000,TechCorp_57,Pro Subscription,Emp_31 SaaS_31,1,200.0,0.0
2024-01-26 11:00:00.000000,TechCorp_81,Pro Subscription,Emp_13 SaaS_13,1,200.0,0.0
2024-01-26 12:00:00.000000,TechCorp_84,Pro Subscription,Emp_6 SaaS_6,1,200.0,0.0
2024-01-26 11:00:00.000000,TechCorp_118,Pro Subscription,Emp_31 SaaS_31,1,200.0,0.0
2024-01-26 14:00:00.000000,TechCorp_143,Starter Subscription,Emp_29 SaaS_29,1,50.0,0.0
2024-01-26 15:00:00.000000,TechCorp_148,Starter Subscription,Emp_0 SaaS_0,1,50.0,0.0
2024-01-26 13:00:00.000000,TechCorp_160,Starter Subscription,Emp_4 SaaS_4,1,50.0,0.0
2024-01-26 15:00:00.000000,TechCorp_163,Pro Subscription,Emp_0 SaaS_0,1,200.0,0.0
2024-01-26 09:00:00.000000,TechCorp_189,Pro Subscription,Emp_21 SaaS_21,1,200.0,0.0
2024-01-26 10:00:00.000000,TechCorp_240,Pro Subscription,Emp_12 SaaS_12,1,200.0,0.0
2024-01-27 09:00:00.000000,TechCorp_1,Pro Subscription,Emp_21 SaaS_21,1,200.0,0.0
2024-01-27 17:00:00.000000,TechCorp_16,Enterprise License,Emp_0 SaaS_0,4,8000.0,0.0
2024-01-27 12:00:00.000000,TechCorp_17,Starter Subscription,Emp_25 SaaS_25,1,50.0,0.0
2024-01-27 17:00:00.000000,TechCorp_21,Pro Subscription,Emp_13 SaaS_13,1,200.0,0.0
2024-01-27 10:00:00.000000,TechCorp_28,Starter Subscription,Emp_31 SaaS_31,1,50.0,0.0
2024-01-27 08:00:00.000000,TechCorp_104,Starter Subscription,Emp_3 SaaS_3,1,50.0,0.0
2024-01-27 11:00:00.000000,TechCorp_148,Starter Subscription,Emp_4 SaaS_4,1,50.0,0.0
2024-01-27 10:00:00.000000,TechCorp_217,Starter Subscription,Emp_19 SaaS_19,1,50.0,0.0
2024-01-27 14:00:00.000000,TechCorp_221,Starter Subscription,Emp_12 SaaS_12,1,50.0,0.0
2024-01-27 18:00:00.000000,TechCorp_230,Pro Subscription,Emp_21 SaaS_21,1,200.0,0.0
2024-01-28 09:00:00.000000,TechCorp_29,Pro Subscription,Emp_6 SaaS_6,1,200.0,0.0
2024-01-28 18:00:00.000000,TechCorp_61,Pro Subscription,Emp_29 SaaS_29,1,200.0,0.0
2024-01-28 11:00:00.000000,TechCorp_91,Starter Subscription,Emp_2 SaaS_2,1,50.0,0.0
2024-01-28 14:00:00.000000,TechCorp_174,Pro Subscription,Emp_13 SaaS_13,1,200.0,0.0
2024-01-28 14:00:00.000000,TechCorp_207,Starter Subscription,Emp_31 SaaS_31,1,50.0,0.0
2024-01-28 18:00:00.000000,TechCorp_212,Pro Subscription,Emp_0 SaaS_0,1,200.0,0.0
2024-01-28 13:00:00.000000,TechCorp_253,Enterprise License,Emp_29 SaaS_29,5,10000.0,0.0
2024-01-28 15:00:00.000000,TechCorp_284,Starter Subscription,Emp_31 SaaS_31,1,50.0,0.0
2024-01-29 16:00:00.000000,TechCorp_9,Starter Subscription,Emp_25 SaaS_25,1,50.0,0.0
2024-01-29 09:00:00.000000,TechCorp_39,Starter Subscription,Emp_21 SaaS_21,1,50.0,0.0
2024-01-29 16:00:00.000000,TechCorp_74,Pro Subscription,Emp_2 SaaS_2,1,200.0,0.0
2024-01-29 16:00:00.000000,TechCorp_79,Pro Subscription,Emp_0 SaaS_0,1,200.0,0.0
2024-01-29 15:00:00.000000,TechCorp_155,Starter Subscription,Emp_6 SaaS_6,1,50.0,0.0
2024-01-29 13:00:00.000000,TechCorp_194,Starter Subscription,Emp_0 SaaS_0,1,50.0,0.0
2024-01-29 15:00:00.000000,TechCorp_235,Enterprise License,Emp_3 SaaS_3,6,12000.0,0.0
2024-01-29 15:00:00.000000,TechCorp_253,Enterprise License,Emp_29 SaaS_29,7,14000.0,0.0
2024-01-29 11:00:00.000000,TechCorp_254,Pro Subscription,Emp_25 SaaS_25,1,200.0,0.0
2024-01-29 18:00:00.000000,TechCorp_281,Pro Subscription,Emp_6 SaaS_6,1,200.0,0.0
2024-01-29 11:00:00.000000,TechCorp_283,Starter Subscription,Emp_12 SaaS_12,1,50.0,0.0
2024-01-30 10:00:00.000000,TechCorp_74,Pro Subscription,Emp_13 SaaS_13,1,200.0,0.0
2024-01-30 15:00:00.000000,TechCorp_85,Starter Subscription,Emp_13 SaaS_13,1,50.0,0.0
2024-01-30 12:00:00.000000,TechCorp_105,Starter Subscription,Emp_29 SaaS_29,1,50.0,0.0
2024-01-30 10:00:00.000000,TechCorp_158,Starter Subscription,Emp_6 SaaS_6,1,50.0,0.0
2024-01-30 14:00:00.000000,TechCorp_163,Pro Subscription,Emp_31 SaaS_31,1,200.0,0.0
2024-01-30 15:00:00.000000,TechCorp_221,Starter Subscription,Emp_29 SaaS_29,1,50.0,0.0
2024-01-30 10:00:00.000000,TechCorp_291,Starter Subscription,Emp_3 SaaS_3,1,50.0,0.0
2024-01-31 17:00:00.000000,TechCorp_4,Starter Subscription,Emp_21 SaaS_21,1,50.0,0.0
2024-01-31 12:00:00.000000,TechCorp_9,Starter Subscription,Emp_13 SaaS_13,1,50.0,0.0
2024-01-31 18:00:00.000000,TechCorp_40,Pro Subscription,Emp_4 SaaS_4,1,200.0,0.0
2024-01-31 10:00:00.000000,TechCorp_54,Starter Subscription,Emp_6 SaaS_6,1,50.0,0.0
2024-01-31 12:00:00.000000,TechCorp_81,Pro Subscription,Emp_12 SaaS_12,1,200.0,0.0
2024-01-31 16:00:00.000000,TechCorp_95,Starter Subscription,Emp_3 SaaS_3,1,50.0,0.0
2024-01-31 11:00:00.000000,TechCorp_176,Starter Subscription,Emp_4 SaaS_4,1,50.0,0.0
2024-01-31 11:00:00.000000,TechCorp_265,Pro Subscription,Emp_12 SaaS_12,1,200.0,0.0
2024-01-31 15:00:00.000000,TechCorp_280,Pro Subscription,Emp_3 SaaS_3,1,200.0,0.0
2024-01-31 17:00:00.000000,TechCorp_291,Starter Subscription,Emp_25 SaaS_25,1,50.0,0.0
2024-02-01 13:00:00.000000,TechCorp_4,Starter Subscription,Emp_2 SaaS_2,1,50.0,0.0
2024-02-01 15:00:00.000000,TechCorp_46,Enterprise License,Emp_0 SaaS_0,3,6000.0,0.0
2024-02-01 14:00:00.000000,TechCorp_79,Pro Subscription,Emp_21 SaaS_21,1,200.0,0.0
2024-02-01 14:00:00.000000,TechCorp_141,Starter Subscription,Emp_4 SaaS_4,1,50.0,0.0
2024-02-01 16:00:00.000000,TechCorp_149,Starter Subscription,Emp_29 SaaS_29,1,50.0,0.0
2024-02-01 14:00:00.000000,TechCorp_154,Starter Subscription,Emp_25 SaaS_25,1,50.0,0.0
2024-02-01 11:00:00.000000,TechCorp_214,Starter Subscription,Emp_21 SaaS_21,1,50.0,0.0
2024-02-01 13:00:00.000000,TechCorp_242,Starter Subscription,Emp_13 SaaS_13,1,50.0,0.0
2024-02-01 09:00:00.000000,TechCorp_254,Pro Subscription,Emp_3 SaaS_3,1,200.0,0.0
2024-02-01 13:00:00.000000,TechCorp_271,Pro Subscription,Emp_25 SaaS_25,1,200.0,0.0
2024-02-01 16:00:00.000000,TechCorp_272,Starter Subscription,Emp_12 SaaS_12,1,50.0,0.0
2024-02-01 11:00:00.000000,TechCorp_295,Starter Subscription,Emp_12 SaaS_12,1,50.0,0.0
2024-02-02 09:00:00.000000,TechCorp_3,Pro Subscription,Emp_0 SaaS_0,1,200.0,0.0
2024-02-02 16:00:00.000000,TechCorp_37,Starter Subscription,Emp_4 SaaS_4,1,50.0,0.0
2024-02-02 12:00:00.000000,TechCorp_45,Pro Subscription,Emp_13 SaaS_13,1,200.0,0.0
2024-02-02 18:00:00.000000,TechCorp_61,Pro Subscription,Emp_12 SaaS_12,1,200.0,0.0
2024-02-02 08:00:00.000000,TechCorp_64,Pro Subscription,Emp_31 SaaS_31,1,200.0,0.0
2024-02-02 14:00:00.000000,TechCorp_125,Pro Subscription,Emp_12 SaaS_12,1,200.0,0.0
2024-02-02 18:00:00.000000,TechCorp_147,Pro Subscription,Emp_4 SaaS_4,1,200.0,0.0
2024-02-02 15:00:00.000000,TechCorp_194,Starter Subscription,Emp_21 SaaS_21,1,50.0,0.0
2024-02-02 15:00:00.000000,TechCorp_240,Pro Subscription,Emp_6 SaaS_6,1,200.0,0.0
2024-02-02 15:00:00.000000,TechCorp_242,Starter Subscription,Emp_4 SaaS_4,1,50.0,0.0
2024-02-02 13:00:00.000000,TechCorp_268,Starter Subscription,Emp_6 SaaS_6,1,50.0,0.0
2024-02-02 14:00:00.000000,TechCorp_283,Starter Subscription,Emp_2 SaaS_2,1,50.0,0.0
2024-02-02 18:00:00.000000,TechCorp_285,Starter Subscription,Emp_29 SaaS_29,1,50.0,0.0
2024-02-03 09:00:00.000000,TechCorp_13,Enterprise License,Emp_4 SaaS_4,10,20000.0,0.0
2024-02-03 08:00:00.000000,TechCorp_19,Starter Subscription,Emp_19 SaaS_19,1,50.0,0.0
2024-02-03 15:00:00.000000,TechCorp_41,Pro Subscription,Emp_3 SaaS_3,1,200.0,0.0
2024-02-03 11:00:00.000000,TechCorp_46,Enterprise License,Emp_21 SaaS_21,5,10000.0,0.0
2024-02-03 12:00:00.000000,TechCorp_62,Starter Subscription,Emp_31 SaaS_31,1,50.0,0.0
2024-02-03 13:00:00.000000,TechCorp_77,Pro Subscription,Emp_31 SaaS_31,1,200.0,0.0
2024-02-03 15:00:00.000000,TechCorp_86,Starter Subscription,Emp_29 SaaS_29,1,50.0,0.0
2024-02-03 15:00:00.000000,TechCorp_107,Starter Subscription,Emp_4 SaaS_4,1,50.0,0.0
2024-02-03 18:00:00.000000,TechCorp_158,Starter Subscription,Emp_3 SaaS_3,1,50.0,0.0
2024-02-03 14:00:00.000000,TechCorp_165,Starter Subscription,Emp_3 SaaS_3,1,50.0,0.0
2024-02-03 10:00:00.000000,TechCorp_224,Pro Subscription,Emp_3 SaaS_3,1,200.0,0.0
2024-02-04 09:00:00.000000,TechCorp_51,Pro Subscription,Emp_29 SaaS_29,1,200.0,0.0
2024-02-04 11:00:00.000000,TechCorp_75,Starter Subscription,Emp_31 SaaS_31,1,50.0,0.0
2024-02-04 10:00:00.000000,TechCorp_98,Starter Subscription,Emp_4 SaaS_4,1,50.0,0.0
2024-02-04 17:00:00.000000,TechCorp_106,Starter Subscription,Emp_25 SaaS_25,1,50.0,0.0
2024-02-04 12:00:00.000000,TechCorp_139,Starter Subscription,Emp_2 SaaS_2,1,50.0,0.0
2024-02-04 13:00:00.000000,TechCorp_198,Pro Subscription,Emp_19 SaaS_19,1,200.0,0.0
2024-02-04 18:00:00.000000,TechCorp_211,Starter Subscription,Emp_21 SaaS_21,1,50.0,0.0
2024-02-04 12:00:00.000000,TechCorp_249,Pro Subscription,Emp_0 SaaS_0,1,200.0,0.0
2024-02-04 12:00:00.000000,TechCorp_295,Starter Subscription,Emp_3 SaaS_3,1,50.0,0.0
2024-02-05 09:00:00.000000,TechCorp_21,Pro Subscription,Emp_21 SaaS_21,1,200.0,0.0
2024-02-05 14:00:00.000000,TechCorp_42,Pro Subscription,Emp_29 SaaS_29,1,200.0,0.0
2024-02-05 14:00:00.000000,TechCorp_61,Pro Subscription,Emp_0 SaaS_0,1,200.0,0.0
2024-02-05 11:00:00.000000,TechCorp_83,Starter Subscription,Emp_3 SaaS_3,1,50.0,0.0
2024-02-05 17:00:00.000000,TechCorp_113,Pro Subscription,Emp_0 SaaS_0,1,200.0,0.0
2024-02-05 12:00:00.000000,TechCorp_168,Enterprise License,Emp_2 SaaS_2,7,14000.0,0.0
2024-02-05 18:00:00.000000,TechCorp_193,Enterprise License,Emp_6 SaaS_6,4,8000.0,0.0
2024-02-05 09:00:00.000000,TechCorp_241,Pro Subscription,Emp_31 SaaS_31,1,200.0,0.0
2024-02-05 11:00:00.000000,TechCorp_279,Pro Subscription,Emp_21 SaaS_21,1,200.0,0.0
2024-02-05 14:00:00.000000,TechCorp_285,Starter Subscription,Emp_21 SaaS_21,1,50.0,0.0
2024-02-05 14:00:00.000000,TechCorp_295,Starter Subscription,Emp_13 SaaS_13,1,50.0,0.0
2024-02-06 17:00:00.000000,TechCorp_11,Pro Subscription,Emp_0 SaaS_0,1,200.0,0.0
2024-02-06 15:00:00.000000,TechCorp_27,Pro Subscription,Emp_4 SaaS_4,1,200.0,0.0
2024-02-06 18:00:00.000000,TechCorp_28,Starter Subscription,Emp_3 SaaS_3,1,50.0,0.0
2024-02-06 10:00:00.000000,TechCorp_44,Starter Subscription,Emp_3 SaaS_3,1,50.0,0.0
2024-02-06 14:00:00.000000,TechCorp_98,Starter Subscription,Emp_3 SaaS_3,1,50.0,0.0
2024-02-06 13:00:00.000000,TechCorp_137,Pro Subscription,Emp_0 SaaS_0,1,200.0,0.0
2024-02-06 13:00:00.000000,TechCorp_190,Pro Subscription,Emp_19 SaaS_19,1,200.0,0.0
2024-02-06 14:00:00.000000,TechCorp_193,Enterprise License,Emp_3 SaaS_3,8,16000.0,0.0
2024-02-06 11:00:00.000000,TechCorp_259,Starter Subscription,Emp_31 SaaS_31,1,50.0,0.0
2024-02-06 09:00:00.000000,TechCorp_271,Pro Subscription,Emp_3 SaaS_3,1,200.0,0.0
2024-02-06 15:00:00.000000,TechCorp_281,Pro Subscription,Emp_2 SaaS_2,1,200.0,0.0
2024-02-07 08:00:00.000000,TechCorp_45,Pro Subscription,Emp_2 SaaS_2,1,200.0,0.0
2024-02-07 08:00:00.000000,TechCorp_59,Pro Subscription,Emp_19 SaaS_19,1,200.0,0.0
2024-02-07 09:00:00.000000,TechCorp_68,Pro Subscription,Emp_13 SaaS_13,1,200.0,0.0
2024-02-07 17:00:00.000000,TechCorp_82,Starter Subscription,Emp_21 SaaS_21,1,50.0,0.0
2024-02-07 17:00:00.000000,TechCorp_113,Pro Subscription,Emp_2 SaaS_2,1,200.0,0.0
2024-02-07 13:00:00.000000,TechCorp_148,Starter Subscription,Emp_31 SaaS_31,1,50.0,0.0
2024-02-07 16:00:00.000000,TechCorp_176,Starter Subscription,Emp_31 SaaS_31,1,50.0,0.0
2024-02-07 16:00:00.000000,TechCorp_216,Starter Subscription,Emp_13 SaaS_13,1,50.0,0.0
2024-02-07 11:00:00.000000,TechCorp_247,Pro Subscription,Emp_4 SaaS_4,1,200.0,0.0
2024-02-07 08:00:00.000000,TechCorp_252,Pro Subscription,Emp_6 SaaS_6,1,200.0,0.0
2024-02-07 15:00:00.000000,TechCorp_253,Enterprise License,Emp_13 SaaS_13,4,8000.0,0.0
2024-02-07 17:00:00.000000,TechCorp_270,Pro Subscription,Emp_0 SaaS_0,1,200.0,0.0
2024-02-08 08:00:00.000000,TechCorp_39,Starter Subscription,Emp_21 SaaS_21,1,50.0,0.0
2024-02-08 14:00:00.000000,TechCorp_43,Pro Subscription,Emp_3 SaaS_3,1,200.0,0.0
2024-02-08 11:00:00.000000,TechCorp_62,Starter Subscription,Emp_25 SaaS_25,1,50.0,0.0
2024-02-08 11:00:00.000000,TechCorp_79,Pro Subscription,Emp_6 SaaS_6,1,200.0,0.0
2024-02-08 14:00:00.000000,TechCorp_92,Pro Subscription,Emp_3 SaaS_3,1,200.0,0.0
2024-02-08 18:00:00.000000,TechCorp_107,Starter Subscription,Emp_25 SaaS_25,1,50.0,0.0
2024-02-08 12:00:00.000000,TechCorp_108,Pro Subscription,Emp_12 SaaS_12,1,200.0,0.0
2024-02-08 17:00:00.000000,TechCorp_150,Starter Subscription,Emp_12 SaaS_12,1,50.0,0.0
2024-02-08 08:00:00.000000,TechCorp_168,Enterprise License,Emp_12 SaaS_12,9,18000.0,0.0
2024-02-08 08:00:00.000000,TechCorp_176,Starter Subscription,Emp_6 SaaS_6,1,50.0,0.0
2024-02-08 13:00:00.000000,TechCorp_189,Pro Subscription,Emp_31 SaaS_31,1,200.0,0.0
2024-02-08 09:00:00.000000,TechCorp_200,Pro Subscription,Emp_19 SaaS_19,1,200.0,0.0
2024-02-08 11:00:00.000000,TechCorp_207,Starter Subscription,Emp_19 SaaS_19,1,50.0,0.0
2024-02-08 11:00:00.000000,TechCorp_208,Pro Subscription,Emp_29 SaaS_29,1,200.0,0.0
2024-02-08 15:00:00.000000,TechCorp_256,Starter Subscription,Emp_19 SaaS_19,1,50.0,0.0
2024-02-09 09:00:00.000000,TechCorp_11,Pro Subscription,Emp_21 SaaS_21,1,200.0,0.0
2024-02-09 14:00:00.000000,TechCorp_74,Pro Subscription,Emp_29 SaaS_29,1,200.0,0.0
2024-02-09 10:00:00.000000,TechCorp_120,Starter Subscription,Emp_3 SaaS_3,1,50.0,0.0
2024-02-09 14:00:00.000000,TechCorp_162,Enterprise License,Emp_25 SaaS_25,5,10000.0,0.0
2024-02-09 12:00:00.000000,TechCorp_202,Pro Subscription,Emp_19 SaaS_19,1,200.0,0.0
2024-02-09 10:00:00.000000,TechCorp_232,Starter Subscription,Emp_19 SaaS_19,1,50.0,0.0
2024-02-09 16:00:00.000000,TechCorp_236,Pro Subscription,Emp_2 SaaS_2,1,200.0,0.0
2024-02-09 09:00:00.000000,TechCorp_241,Pro Subscription,Emp_12 SaaS_12,1,200.0,0.0
2024-02-09 16:00:00.000000,TechCorp_260,Starter Subscription,Emp_19 SaaS_19,1,50.0,0.0
2024-02-09 11:00:00.000000,TechCorp_270,Pro Subscription,Emp_6 SaaS_6,1,200.0,0.0
2024-02-10 12:00:00.000000,TechCorp_77,Pro Subscription,Emp_3 SaaS_3,1,200.0,0.0
2024-02-10 13:00:00.000000,TechCorp_93,Pro Subscription,Emp_21 SaaS_21,1,200.0,0.0
2024-02-10 10:00:00.000000,TechCorp_104,Starter Subscription,Emp_19 SaaS_19,1,50.0,0.0
2024-02-10 18:00:00.000000,TechCorp_134,Starter Subscription,Emp_29 SaaS_29,1,50.0,0.0
2024-02-10 10:00:00.000000,TechCorp_156,Starter Subscription,Emp_3 SaaS_3,1,50.0,0.0
2024-02-10 11:00:00.000000,TechCorp_162,Enterprise License,Emp_25 SaaS_25,10,20000.0,0.0
2024-02-10 08:00:00.000000,TechCorp_265,Pro Subscription,Emp_31 SaaS_31,1,200.0,0.0
2024-02-10 15:00:00.000000,TechCorp_276,Pro Subscription,Emp_4 SaaS_4,1,200.0,0.0
2024-02-11 08:00:00.000000,TechCorp_5,Enterprise License,Emp_0 SaaS_0,1,2000.0,0.0
2024-02-11 08:00:00.000000,TechCorp_42,Pro Subscription,Emp_21 SaaS_21,1,200.0,0.0
2024-02-11 15:00:00.000000,TechCorp_88,Pro Subscription,Emp_19 SaaS_19,1,200.0,0.0
2024-02-11 08:00:00.000000,TechCorp_92,Pro Subscription,Emp_13 SaaS_13,1,200.0,0.0
2024-02-11 10:00:00.000000,TechCorp_105,Starter Subscription,Emp_13 SaaS_13,1,50.0,0.0
2024-02-11 08:00:00.000000,TechCorp_116,Starter Subscription,Emp_6 SaaS_6,1,50.0,0.0
2024-02-11 13:00:00.000000,TechCorp_121,Pro Subscription,Emp_13 SaaS_13,1,200.0,0.0
2024-02-11 15:00:00.000000,TechCorp_132,Pro Subscription,Emp_12 SaaS_12,1,200.0,0.0
2024-02-11 15:00:00.000000,TechCorp_137,Pro Subscription,Emp_12 SaaS_12,1,200.0,0.0
2024-02-11 17:00:00.000000,TechCorp_168,Enterprise License,Emp_29 SaaS_29,10,20000.0,0.0
2024-02-11 13:00:00.000000,TechCorp_175,Starter Subscription,Emp_21 SaaS_21,1,50.0,0.0
2024-02-11 17:00:00.000000,TechCorp_217,Starter Subscription,Emp_29 SaaS_29,1,50.0,0.0
2024-02-11 12:00:00.000000,TechCorp_233,Pro Subscription,Emp_0 SaaS_0,1,200.0,0.0
2024-02-11 08:00:00.000000,TechCorp_254,Pro Subscription,Emp_0 SaaS_0,1,200.0,0.0
2024-02-11 09:00:00.000000,TechCorp_268,Starter Subscription,Emp_31 SaaS_31,1,50.0,0.0
2024-02-12 18:00:00.000000,TechCorp_11,Pro Subscription,Emp_25 SaaS_25,1,200.0,0.0
2024-02-12 11:00:00.000000,TechCorp_22,Enterprise License,Emp_4 SaaS_4,9,18000.0,0.0
2024-02-12 16:00:00.000000,TechCorp_50,Starter Subscription,Emp_29 SaaS_29,1,50.0,0.0
2024-02-12 13:00:00.000000,TechCorp_80,Enterprise License,Emp_0 SaaS_0,8,16000.0,0.0
2024-02-12 13:00:00.000000,TechCorp_119,Starter Subscription,Emp_21 SaaS_21,1,50.0,0.0
2024-02-12 17:00:00.000000,TechCorp_143,Starter Subscription,Emp_31 SaaS_31,1,50.0,0.0
2024-02-12 17:00:00.000000,TechCorp_191,Pro Subscription,Emp_6 SaaS_6,1,200.0,0.0
2024-02-12 17:00:00.000000,TechCorp_203,Starter Subscription,Emp_13 SaaS_13,1,50.0,0.0
2024-02-12 08:00:00.000000,TechCorp_249,Pro Subscription,Emp_4 SaaS_4,1,200.0,0.0
2024-02-12 15:00:00.000000,TechCorp_292,Starter Subscription,Emp_6 SaaS_6,1,50.0,0.0
2024-02-13 14:00:00.000000,TechCorp_3,Pro Subscription,Emp_29 SaaS_29,1,200.0,0.0
2024-02-13 12:00:00.000000,TechCorp_54,Starter Subscription,Emp_25 SaaS_25,1,50.0,0.0
2024-02-13 17:00:00.000000,TechCorp_80,Enterprise License,Emp_2 SaaS_2,1,2000.0,0.0
2024-02-13 08:00:00.000000,TechCorp_110,Starter Subscription,Emp_13 SaaS_13,1,50.0,0.0
2024-02-13 12:00:00.000000,TechCorp_155,Starter Subscription,Emp_31 SaaS_31,1,50.0,0.0
2024-02-13 12:00:00.000000,TechCorp_158,Starter Subscription,Emp_2 SaaS_2,1,50.0,0.0
2024-02-13 16:00:00.000000,TechCorp_187,Starter Subscription,Emp_13 SaaS_13,1,50.0,0.0
2024-02-13 12:00:00.000000,TechCorp_229,Pro Subscription,Emp_19 SaaS_19,1,200.0,0.0
2024-02-13 17:00:00.000000,TechCorp_235,Enterprise License,Emp_6 SaaS_6,8,16000.0,0.0
2024-02-13 13:00:00.000000,TechCorp_239,Starter Subscription,Emp_3 SaaS_3,1,50.0,0.0
2024-02-13 18:00:00.000000,TechCorp_258,Enterprise License,Emp_31 SaaS_31,9,18000.0,0.0
2024-02-13 11:00:00.000000,TechCorp_280,Pro Subscription,Emp_29 SaaS_29,1,200.0,0.0
2024-02-14 15:00:00.000000,TechCorp_8,Starter Subscription,Emp_29 SaaS_29,1,50.0,0.0
2024-02-14 16:00:00.000000,TechCorp_11,Pro Subscription,Emp_21 SaaS_21,1,200.0,0.0
2024-02-14 10:00:00.000000,TechCorp_14,Pro Subscription,Emp_12 SaaS_12,1,200.0,0.0
2024-02-14 10:00:00.000000,TechCorp_29,Pro Subscription,Emp_19 SaaS_19,1,200.0,0.0
2024-02-14 13:00:00.000000,TechCorp_36,Starter Subscription,Emp_2 SaaS_2,1,50.0,0.0
2024-02-14 18:00:00.000000,TechCorp_37,Starter Subscription,Emp_3 SaaS_3,1,50.0,0.0
2024-02-14 15:00:00.000000,TechCorp_74,Pro Subscription,Emp_21 SaaS_21,1,200.0,0.0
2024-02-14 17:00:00.000000,TechCorp_98,Starter Subscription,Emp_25 SaaS_25,1,50.0,0.0
2024-02-14 13:00:00.000000,TechCorp_189,Pro Subscription,Emp_29 SaaS_29,1,200.0,0.0
2024-02-14 18:00:00.000000,TechCorp_287,Pro Subscription,Emp_4 SaaS_4,1,200.0,0.0
2024-02-15 11:00:00.000000,TechCorp_21,Pro Subscription,Emp_31 SaaS_31,1,200.0,0.0
2024-02-15 08:00:00.000000,TechCorp_22,Enterprise License,Emp_12 SaaS_12,6,12000.0,0.0
2024-02-15 14:00:00.000000,TechCorp_26,Starter Subscription,Emp_6 SaaS_6,1,50.0,0.0
2024-02-15 09:00:00.000000,TechCorp_27,Pro Subscription,Emp_0 SaaS_0,1,200.0,0.0
2024-02-15 14:00:00.000000,TechCorp_41,Pro Subscription,Emp_12 SaaS_12,1,200.0,0.0
2024-02-15 18:00:00.000000,TechCorp_76,Starter Subscription,Emp_29 SaaS_29,1,50.0,0.0
2024-02-15 16:00:00.000000,TechCorp_112,Starter Subscription,Emp_6 SaaS_6,1,50.0,0.0
2024-02-15 12:00:00.000000,TechCorp_119,Starter Subscription,Emp_29 SaaS_29,1,50.0,0.0
2024-02-15 17:00:00.000000,TechCorp_146,Starter Subscription,Emp_0 SaaS_0,1,50.0,0.0
2024-02-15 14:00:00.000000,TechCorp_172,Pro Subscription,Emp_13 SaaS_13,1,200.0,0.0
2024-02-15 13:00:00.000000,TechCorp_192,Starter Subscription,Emp_21 SaaS_21,1,50.0,0.0
2024-02-15 14:00:00.000000,TechCorp_206,Enterprise License,Emp_31 SaaS_31,10,20000.0,0.0
2024-02-16 10:00:00.000000,TechCorp_14,Pro Subscription,Emp_3 SaaS_3,1,200.0,0.0
2024-02-16 09:00:00.000000,TechCorp_22,Enterprise License,Emp_21 SaaS_21,1,2000.0,0.0
2024-02-16 18:00:00.000000,TechCorp_45,Pro Subscription,Emp_2 SaaS_2,1,200.0,0.0
2024-02-16 10:00:00.000000,TechCorp_90,Pro Subscription,Emp_3 SaaS_3,1,200.0,0.0
2024-02-16 17:00:00.000000,TechCorp_122,Starter Subscription,Emp_29 SaaS_29,1,50.0,0.0
2024-02-16 08:00:00.000000,TechCorp_139,Starter Subscription,Emp_25 SaaS_25,1,50.0,0.0
2024-02-16 18:00:00.000000,TechCorp_141,Starter Subscription,Emp_6 SaaS_6,1,50.0,0.0
2024-02-16 13:00:00.000000,TechCorp_144,Starter Subscription,Emp_3 SaaS_3,1,50.0,0.0
2024-02-16 17:00:00.000000,TechCorp_146,Starter Subscription,Emp_12 SaaS_12,1,50.0,0.0
2024-02-16 16:00:00.000000,TechCorp_152,Pro Subscription,Emp_25 SaaS_25,1,200.0,0.0
2024-02-16 14:00:00.000000,TechCorp_176,Starter Subscription,Emp_25 SaaS_25,1,50.0,0.0
2024-02-16 14:00:00.000000,TechCorp_287,Pro Subscription,Emp_19 SaaS_19,1,200.0,0.0
2024-02-16 17:00:00.000000,TechCorp_295,Starter Subscription,Emp_25 SaaS_25,1,50.0,0.0
2024-02-17 11:00:00.000000,TechCorp_25,Starter Subscription,Emp_25 SaaS_25,1,50.0,0.0
2024-02-17 12:00:00.000000,TechCorp_76,Starter Subscription,Emp_6 SaaS_6,1,50.0,0.0
2024-02-17 08:00:00.000000,TechCorp_134,Starter Subscription,Emp_25 SaaS_25,1,50.0,0.0
2024-02-17 09:00:00.000000,TechCorp_146,Starter Subscription,Emp_3 SaaS_3,1,50.0,0.0
2024-02-17 12:00:00.000000,TechCorp_168,Enterprise License,Emp_21 SaaS_21,2,4000.0,0.0
2024-02-17 13:00:00.000000,TechCorp_180,Starter Subscription,Emp_12 SaaS_12,1,50.0,0.0
2024-02-17 16:00:00.000000,TechCorp_207,Starter Subscription,Emp_4 SaaS_4,1,50.0,0.0
2024-02-17 08:00:00.000000,TechCorp_231,Pro Subscription,Emp_13 SaaS_13,1,200.0,0.0
2024-02-17 10:00:00.000000,TechCorp_242,Starter Subscription,Emp_29 SaaS_29,1,50.0,0.0
2024-02-17 18:00:00.000000,TechCorp_264,Pro Subscription,Emp_29 SaaS_29,1,200.0,0.0
2024-02-17 12:00:00.000000,TechCorp_283,Starter Subscription,Emp_21 SaaS_21,1,50.0,0.0
2024-02-17 09:00:00.000000,TechCorp_296,Pro Subscription,Emp_6 SaaS_6,1,200.0,0.0
2024-02-18 17:00:00.000000,TechCorp_33,Enterprise License,Emp_6 SaaS_6,10,20000.0,0.0
2024-02-18 09:00:00.000000,TechCorp_96,Starter Subscription,Emp_0 SaaS_0,1,50.0,0.0
2024-02-18 08:00:00.000000,TechCorp_139,Starter Subscription,Emp_31 SaaS_31,1,50.0,0.0
2024-02-18 14:00:00.000000,TechCorp_186,Starter Subscription,Emp_31 SaaS_31,1,50.0,0.0
2024-02-18 10:00:00.000000,TechCorp_200,Pro Subscription,Emp_25 SaaS_25,1,200.0,0.0
2024-02-18 11:00:00.000000,TechCorp_202,Pro Subscription,Emp_21 SaaS_21,1,200.0,0.0
2024-02-18 10:00:00.000000,TechCorp_208,Pro Subscription,Emp_21 SaaS_21,1,200.0,0.0
2024-02-18 10:00:00.000000,TechCorp_212,Pro Subscription,Emp_19 SaaS_19,1,200.0,0.0
2024-02-18 14:00:00.000000,TechCorp_240,Pro Subscription,Emp_0 SaaS_0,1,200.0,0.0
2024-02-18 18:00:00.000000,TechCorp_250,Starter Subscription,Emp_0 SaaS_0,1,50.0,0.0
2024-02-18 18:00:00.000000,TechCorp_252,Pro Subscription,Emp_3 SaaS_3,1,200.0,0.0
2024-02-18 10:00:00.000000,TechCorp_263,Starter Subscription,Emp_3 SaaS_3,1,50.0,0.0
2024-02-18 13:00:00.000000,TechCorp_270,Pro Subscription,Emp_21 SaaS_21,1,200.0,0.0
2024-02-19 16:00:00.000000,TechCorp_13,Enterprise License,Emp_13 SaaS_13,2,4000.0,0.0
2024-02-19 08:00:00.000000,TechCorp_36,Starter Subscription,Emp_6 SaaS_6,1,50.0,0.0
2024-02-19 15:00:00.000000,TechCorp_51,Pro Subscription,Emp_6 SaaS_6,1,200.0,0.0
2024-02-19 18:00:00.000000,TechCorp_75,Starter Subscription,Emp_21 SaaS_21,1,50.0,0.0
2024-02-19 18:00:00.000000,TechCorp_126,Enterprise License,Emp_13 SaaS_13,10,20000.0,0.0
2024-02-19 15:00:00.000000,TechCorp_169,Starter Subscription,Emp_2 SaaS_2,1,50.0,0.0
2024-02-19 11:00:00.000000,TechCorp_193,Enterprise License,Emp_6 SaaS_6,4,8000.0,0.0
2024-02-19 13:00:00.000000,TechCorp_215,Starter Subscription,Emp_6 SaaS_6,1,50.0,0.0
2024-02-19 12:00:00.000000,TechCorp_228,Starter Subscription,Emp_21 SaaS_21,1,50.0,0.0
2024-02-19 14:00:00.000000,TechCorp_264,Pro Subscription,Emp_19 SaaS_19,1,200.0,0.0
2024-02-19 13:00:00.000000,TechCorp_293,Pro Subscription,Emp_6 SaaS_6,1,200.0,0.0
2024-02-20 11:00:00.000000,TechCorp_91,Starter Subscription,Emp_25 SaaS_25,1,50.0,0.0
2024-02-20 16:00:00.000000,TechCorp_92,Pro Subscription,Emp_2 SaaS_2,1,200.0,0.0
2024-02-20 08:00:00.000000,TechCorp_94,Starter Subscription,Emp_19 SaaS_19,1,50.0,0.0
2024-02-20 10:00:00.000000,TechCorp_113,Pro Subscription,Emp_3 SaaS_3,1,200.0,0.0
2024-02-20 14:00:00.000000,TechCorp_201,Starter Subscription,Emp_3 SaaS_3,1,50.0,0.0
2024-02-20 11:00:00.000000,TechCorp_230,Pro Subscription,Emp_3 SaaS_3,1,200.0,0.0
2024-02-20 09:00:00.000000,TechCorp_231,Pro Subscription,Emp_21 SaaS_21,1,200.0,0.0
2024-02-20 09:00:00.000000,TechCorp_248,Starter Subscription,Emp_19 SaaS_19,1,50.0,0.0
2024-02-21 10:00:00.000000,TechCorp_17,Starter Subscription,Emp_12 SaaS_12,1,50.0,0.0
2024-02-21 18:00:00.000000,TechCorp_36,Starter Subscription,Emp_0 SaaS_0,1,50.0,0.0
2024-02-21 15:00:00.000000,TechCorp_50,Starter Subscription,Emp_12 SaaS_12,1,50.0,0.0
2024-02-21 11:00:00.000000,TechCorp_69,Pro Subscription,Emp_19 SaaS_19,1,200.0,0.0
2024-02-21 10:00:00.000000,TechCorp_85,Starter Subscription,Emp_25 SaaS_25,1,50.0,0.0
2024-02-21 10:00:00.000000,TechCorp_104,Starter Subscription,Emp_3 SaaS_3,1,50.0,0.0
2024-02-21 14:00:00.000000,TechCorp_172,Pro Subscription,Emp_12 SaaS_12,1,200.0,0.0
2024-02-21 12:00:00.000000,TechCorp_253,Enterprise License,Emp_13 SaaS_13,6,12000.0,0.0
2024-02-21 18:00:00.000000,TechCorp_260,Starter Subscription,Emp_13 SaaS_13,1,50.0,0.0
2024-02-22 11:00:00.000000,TechCorp_4,Starter Subscription,Emp_3 SaaS_3,1,50.0,0.0
2024-02-22 16:00:00.000000,TechCorp_12,Pro Subscription,Emp_13 SaaS_13,1,200.0,0.0
2024-02-22 10:00:00.000000,TechCorp_140,Starter Subscription,Emp_2 SaaS_2,1,50.0,0.0
2024-02-22 17:00:00.000000,TechCorp_155,Starter Subscription,Emp_13 SaaS_13,1,50.0,0.0
2024-02-22 08:00:00.000000,TechCorp_174,Pro Subscription,Emp_29 SaaS_29,1,200.0,0.0
2024-02-22 09:00:00.000000,TechCorp_179,Enterprise License,Emp_4 SaaS_4,8,16000.0,0.0
2024-02-22 12:00:00.000000,TechCorp_186,Starter Subscription,Emp_3 SaaS_3,1,50.0,0.0
2024-02-22 14:00:00.000000,TechCorp_192,Starter Subscription,Emp_21 SaaS_21,1,50.0,0.0
2024-02-22 08:00:00.000000,TechCorp_200,Pro Subscription,Emp_21 SaaS_21,1,200.0,0.0
2024-02-22 14:00:00.000000,TechCorp_236,Pro Subscription,Emp_6 SaaS_6,1,200.0,0.0
2024-02-22 16:00:00.000000,TechCorp_264,Pro Subscription,Emp_4 SaaS_4,1,200.0,0.0
2024-02-23 16:00:00.000000,TechCorp_4,Starter Subscription,Emp_0 SaaS_0,1,50.0,0.0
2024-02-23 16:00:00.000000,TechCorp_29,Pro Subscription,Emp_0 SaaS_0,1,200.0,0.0
2024-02-23 17:00:00.000000,TechCorp_36,Starter Subscription,Emp_13 SaaS_13,1,50.0,0.0
2024-02-23 13:00:00.000000,TechCorp_174,Pro Subscription,Emp_0 SaaS_0,1,200.0,0.0
2024-02-23 09:00:00.000000,TechCorp_225,Enterprise License,Emp_13 SaaS_13,2,4000.0,0.0
2024-02-23 12:00:00.000000,TechCorp_231,Pro Subscription,Emp_4 SaaS_4,1,200.0,0.0
2024-02-23 10:00:00.000000,TechCorp_249,Pro Subscription,Emp_29 SaaS_29,1,200.0,0.0
2024-02-23 09:00:00.000000,TechCorp_296,Pro Subscription,Emp_25 SaaS_25,1,200.0,0.0
2024-02-24 13:00:00.000000,TechCorp_25,Starter Subscription,Emp_6 SaaS_6,1,50.0,0.0
2024-02-24 15:00:00.000000,TechCorp_50,Starter Subscription,Emp_3 SaaS_3,1,50.0,0.0
2024-02-24 18:00:00.000000,TechCorp_110,Starter Subscription,Emp_21 SaaS_21,1,50.0,0.0
2024-02-24 11:00:00.000000,TechCorp_148,Starter Subscription,Emp_21 SaaS_21,1,50.0,0.0
2024-02-24 16:00:00.000000,TechCorp_154,Starter Subscription,Emp_19 SaaS_19,1,50.0,0.0
2024-02-24 08:00:00.000000,TechCorp_168,Enterprise License,Emp_29 SaaS_29,5,10000.0,0.0
2024-02-24 13:00:00.000000,TechCorp_290,Starter Subscription,Emp_4 SaaS_4,1,50.0,0.0
2024-02-25 12:00:00.000000,TechCorp_105,Starter Subscription,Emp_2 SaaS_2,1,50.0,0.0
2024-02-25 09:00:00.000000,TechCorp_139,Starter Subscription,Emp_0 SaaS_0,1,50.0,0.0
2024-02-25 18:00:00.000000,TechCorp_148,Starter Subscription,Emp_25 SaaS_25,1,50.0,0.0
2024-02-25 09:00:00.000000,TechCorp_151,Starter Subscription,Emp_3 SaaS_3,1,50.0,0.0
2024-02-25 11:00:00.000000,TechCorp_182,Starter Subscription,Emp_12 SaaS_12,1,50.0,0.0
2024-02-25 14:00:00.000000,TechCorp_187,Starter Subscription,Emp_6 SaaS_6,1,50.0,0.0
2024-02-26 11:00:00.000000,TechCorp_21,Pro Subscription,Emp_19 SaaS_19,1,200.0,0.0
2024-02-26 13:00:00.000000,TechCorp_33,Enterprise License,Emp_6 SaaS_6,7,14000.0,0.0
2024-02-26 18:00:00.000000,TechCorp_69,Pro Subscription,Emp_21 SaaS_21,1,200.0,0.0
2024-02-26 09:00:00.000000,TechCorp_77,Pro Subscription,Emp_3 SaaS_3,1,200.0,0.0
2024-02-26 10:00:00.000000,TechCorp_89,Pro Subscription,Emp_25 SaaS_25,1,200.0,0.0
2024-02-26 13:00:00.000000,TechCorp_97,Enterprise License,Emp_19 SaaS_19,5,10000.0,0.0
2024-02-26 15:00:00.000000,TechCorp_105,Starter Subscription,Emp_31 SaaS_31,1,50.0,0.0
2024-02-26 08:00:00.000000,TechCorp_182,Starter Subscription,Emp_29 SaaS_29,1,50.0,0.0
2024-02-26 12:00:00.000000,TechCorp_206,Enterprise License,Emp_6 SaaS_6,10,20000.0,0.0
2024-02-26 10:00:00.000000,TechCorp_255,Starter Subscription,Emp_6 SaaS_6,1,50.0,0.0
2024-02-26 17:00:00.000000,TechCorp_257,Pro Subscription,Emp_29 SaaS_29,1,200.0,0.0
2024-02-27 13:00:00.000000,TechCorp_4,Starter Subscription,Emp_2 SaaS_2,1,50.0,0.0
2024-02-27 08:00:00.000000,TechCorp_19,Starter Subscription,Emp_6 SaaS_6,1,50.0,0.0
2024-02-27 13:00:00.000000,TechCorp_23,Pro Subscription,Emp_6 SaaS_6,1,200.0,0.0
2024-02-27 08:00:00.000000,TechCorp_26,Starter Subscription,Emp_21 SaaS_21,1,50.0,0.0
2024-02-27 10:00:00.000000,TechCorp_35,Enterprise License,Emp_0 SaaS_0,5,10000.0,0.0
2024-02-27 10:00:00.000000,TechCorp_68,Pro Subscription,Emp_4 SaaS_4,1,200.0,0.0
2024-02-27 10:00:00.000000,TechCorp_77,Pro Subscription,Emp_19 SaaS_19,1,200.0,0.0
2024-02-27 09:00:00.000000,TechCorp_91,Starter Subscription,Emp_13 SaaS_13,1,50.0,0.0
2024-02-27 14:00:00.000000,TechCorp_132,Pro Subscription,Emp_3 SaaS_3,1,200.0,0.0
2024-02-27 16:00:00.000000,TechCorp_163,Pro Subscription,Emp_0 SaaS_0,1,200.0,0.0
2024-02-27 12:00:00.000000,TechCorp_198,Pro Subscription,Emp_0 SaaS_0,1,200.0,0.0
2024-02-27 15:00:00.000000,TechCorp_205,Starter Subscription,Emp_19 SaaS_19,1,50.0,0.0
2024-02-27 11:00:00.000000,TechCorp_213,Starter Subscription,Emp_2 SaaS_2,1,50.0,0.0
2024-02-27 10:00:00.000000,TechCorp_250,Starter Subscription,Emp_12 SaaS_12,1,50.0,0.0
2024-02-27 10:00:00.000000,TechCorp_258,Enterprise License,Emp_3 SaaS_3,1,2000.0,0.0
2024-02-27 10:00:00.000000,TechCorp_279,Pro Subscription,Emp_13 SaaS_13,1,200.0,0.0
2024-02-28 13:00:00.000000,TechCorp_4,Starter Subscription,Emp_2 SaaS_2,1,50.0,0.0
2024-02-28 11:00:00.000000,TechCorp_19,Starter Subscription,Emp_6 SaaS_6,1,50.0,0.0
2024-02-28 17:00:00.000000,TechCorp_40,Pro Subscription,Emp_0 SaaS_0,1,200.0,0.0
2024-02-28 16:00:00.000000,TechCorp_42,Pro Subscription,Emp_2 SaaS_2,1,200.0,0.0
2024-02-28 11:00:00.000000,TechCorp_95,Starter Subscription,Emp_3 SaaS_3,1,50.0,0.0
2024-02-28 17:00:00.000000,TechCorp_159,Starter Subscription,Emp_6 SaaS_6,1,50.0,0.0
2024-02-28 10:00:00.000000,TechCorp_176,Starter Subscription,Emp_2 SaaS_2,1,50.0,0.0
2024-02-28 10:00:00.000000,TechCorp_231,Pro Subscription,Emp_19 SaaS_19,1,200.0,0.0
2024-02-28 11:00:00.000000,TechCorp_293,Pro Subscription,Emp_6 SaaS_6,1,200.0,0.0
2024-02-28 16:00:00.000000,TechCorp_294,Pro Subscription,Emp_25 SaaS_25,1,200.0,0.0
2024-02-28 11:00:00.000000,TechCorp_297,Starter Subscription,Emp_29 SaaS_29,1,50.0,0.0
2024-02-29 15:00:00.000000,TechCorp_83,Starter Subscription,Emp_25 SaaS_25,1,50.0,0.0
2024-02-29 18:00:00.000000,TechCorp_116,Starter Subscription,Emp_29 SaaS_29,1,50.0,0.0
2024-02-29 17:00:00.000000,TechCorp_125,Pro Subscription,Emp_6 SaaS_6,1,200.0,0.0
2024-02-29 15:00:00.000000,TechCorp_163,Pro Subscription,Emp_12 SaaS_12,1,200.0,0.0
2024-02-29 15:00:00.000000,TechCorp_192,Starter Subscription,Emp_19 SaaS_19,1,50.0,0.0
2024-02-29 10:00:00.000000,TechCorp_208,Pro Subscription,Emp_21 SaaS_21,1,200.0,0.0
2024-02-29 10:00:00.000000,TechCorp_214,Starter Subscription,Emp_3 SaaS_3,1,50.0,0.0
2024-02-29 11:00:00.000000,TechCorp_296,Pro Subscription,Emp_31 SaaS_31,1,200.0,0.0
2024-03-01 10:00:00.000000,TechCorp_5,Enterprise License,Emp_0 SaaS_0,3,6000.0,0.0
2024-03-01 11:00:00.000000,TechCorp_8,Starter Subscription,Emp_31 SaaS_31,1,50.0,0.0
2024-03-01 12:00:00.000000,TechCorp_19,Starter Subscription,Emp_2 SaaS_2,1,50.0,0.0
2024-03-01 13:00:00.000000,TechCorp_30,Pro Subscription,Emp_6 SaaS_6,1,200.0,0.0
2024-03-01 09:00:00.000000,TechCorp_35,Enterprise License,Emp_2 SaaS_2,5,10000.0,0.0
2024-03-01 17:00:00.000000,TechCorp_52,Starter Subscription,Emp_29 SaaS_29,1,50.0,0.0
2024-03-01 18:00:00.000000,TechCorp_86,Starter Subscription,Emp_25 SaaS_25,1,50.0,0.0
2024-03-01 17:00:00.000000,TechCorp_88,Pro Subscription,Emp_25 SaaS_25,1,200.0,0.0
2024-03-01 17:00:00.000000,TechCorp_114,Starter Subscription,Emp_2 SaaS_2,1,50.0,0.0
2024-03-01 08:00:00.000000,TechCorp_145,Starter Subscription,Emp_6 SaaS_6,1,50.0,0.0
2024-03-01 14:00:00.000000,TechCorp_168,Enterprise License,Emp_12 SaaS_12,9,18000.0,0.0
2024-03-01 14:00:00.000000,TechCorp_225,Enterprise License,Emp_21 SaaS_21,6,12000.0,0.0
2024-03-01 10:00:00.000000,TechCorp_262,Starter Subscription,Emp_3 SaaS_3,1,50.0,0.0
2024-03-01 18:00:00.000000,TechCorp_266,Starter Subscription,Emp_12 SaaS_12,1,50.0,0.0
2024-03-01 18:00:00.000000,TechCorp_269,Starter Subscription,Emp_21 SaaS_21,1,50.0,0.0
2024-03-01 10:00:00.000000,TechCorp_271,Pro Subscription,Emp_25 SaaS_25,1,200.0,0.0
2024-03-01 10:00:00.000000,TechCorp_274,Starter Subscription,Emp_21 SaaS_21,1,50.0,0.0
2024-03-02 08:00:00.000000,TechCorp_80,Enterprise License,Emp_6 SaaS_6,10,20000.0,0.0
2024-03-02 17:00:00.000000,TechCorp_97,Enterprise License,Emp_6 SaaS_6,6,12000.0,0.0
2024-03-02 18:00:00.000000,TechCorp_98,Starter Subscription,Emp_29 SaaS_29,1,50.0,0.0
2024-03-02 15:00:00.000000,TechCorp_106,Starter Subscription,Emp_19 SaaS_19,1,50.0,0.0
2024-03-02 18:00:00.000000,TechCorp_163,Pro Subscription,Emp_6 SaaS_6,1,200.0,0.0
2024-03-02 09:00:00.000000,TechCorp_169,Starter Subscription,Emp_13 SaaS_13,1,50.0,0.0
2024-03-02 09:00:00.000000,TechCorp_174,Pro Subscription,Emp_4 SaaS_4,1,200.0,0.0
2024-03-02 10:00:00.000000,TechCorp_224,Pro Subscription,Emp_25 SaaS_25,1,200.0,0.0
2024-03-02 09:00:00.000000,TechCorp_225,Enterprise License,Emp_3 SaaS_3,4,8000.0,0.0
2024-03-02 12:00:00.000000,TechCorp_247,Pro Subscription,Emp_21 SaaS_21,1,200.0,0.0
2024-03-02 16:00:00.000000,TechCorp_256,Starter Subscription,Emp_19 SaaS_19,1,50.0,0.0
2024-03-03 14:00:00.000000,TechCorp_21,Pro Subscription,Emp_25 SaaS_25,1,200.0,0.0
2024-03-03 13:00:00.000000,TechCorp_27,Pro Subscription,Emp_31 SaaS_31,1,200.0,0.0
2024-03-03 10:00:00.000000,TechCorp_79,Pro Subscription,Emp_6 SaaS_6,1,200.0,0.0
2024-03-03 08:00:00.000000,TechCorp_144,Starter Subscription,Emp_21 SaaS_21,1,50.0,0.0
2024-03-03 10:00:00.000000,TechCorp_154,Starter Subscription,Emp_6 SaaS_6,1,50.0,0.0
2024-03-03 12:00:00.000000,TechCorp_171,Pro Subscription,Emp_2 SaaS_2,1,200.0,0.0
2024-03-03 15:00:00.000000,TechCorp_175,Starter Subscription,Emp_21 SaaS_21,1,50.0,0.0
2024-03-03 10:00:00.000000,TechCorp_190,Pro Subscription,Emp_29 SaaS_29,1,200.0,0.0
2024-03-03 13:00:00.000000,TechCorp_194,Starter Subscription,Emp_4 SaaS_4,1,50.0,0.0
2024-03-03 13:00:00.000000,TechCorp_214,Starter Subscription,Emp_21 SaaS_21,1,50.0,0.0
2024-03-03 08:00:00.000000,TechCorp_225,Enterprise License,Emp_6 SaaS_6,1,2000.0,0.0
2024-03-03 16:00:00.000000,TechCorp_234,Starter Subscription,Emp_21 SaaS_21,1,50.0,0.0
2024-03-03 17:00:00.000000,TechCorp_235,Enterprise License,Emp_3 SaaS_3,6,12000.0,0.0
2024-03-04 12:00:00.000000,TechCorp_48,Pro Subscription,Emp_21 SaaS_21,1,200.0,0.0
2024-03-04 09:00:00.000000,TechCorp_175,Starter Subscription,Emp_13 SaaS_13,1,50.0,0.0
2024-03-04 15:00:00.000000,TechCorp_214,Starter Subscription,Emp_21 SaaS_21,1,50.0,0.0
2024-03-04 10:00:00.000000,TechCorp_228,Starter Subscription,Emp_25 SaaS_25,1,50.0,0.0
2024-03-04 18:00:00.000000,TechCorp_241,Pro Subscription,Emp_2 SaaS_2,1,200.0,0.0
2024-03-04 18:00:00.000000,TechCorp_247,Pro Subscription,Emp_31 SaaS_31,1,200.0,0.0
2024-03-04 13:00:00.000000,TechCorp_254,Pro Subscription,Emp_12 SaaS_12,1,200.0,0.0
2024-03-04 14:00:00.000000,TechCorp_266,Starter Subscription,Emp_12 SaaS_12,1,50.0,0.0
2024-03-04 18:00:00.000000,TechCorp_297,Starter Subscription,Emp_31 SaaS_31,1,50.0,0.0
2024-03-05 18:00:00.000000,TechCorp_19,Starter Subscription,Emp_29 SaaS_29,1,50.0,0.0
2024-03-05 13:00:00.000000,TechCorp_43,Pro Subscription,Emp_0 SaaS_0,1,200.0,0.0
2024-03-05 10:00:00.000000,TechCorp_56,Enterprise License,Emp_6 SaaS_6,9,18000.0,0.0
2024-03-05 18:00:00.000000,TechCorp_89,Pro Subscription,Emp_25 SaaS_25,1,200.0,0.0
2024-03-05 11:00:00.000000,TechCorp_92,Pro Subscription,Emp_3 SaaS_3,1,200.0,0.0
2024-03-05 15:00:00.000000,TechCorp_97,Enterprise License,Emp_3 SaaS_3,9,18000.0,0.0
2024-03-05 13:00:00.000000,TechCorp_101,Starter Subscription,Emp_29 SaaS_29,1,50.0,0.0
2024-03-05 16:00:00.000000,TechCorp_125,Pro Subscription,Emp_12 SaaS_12,1,200.0,0.0
2024-03-05 15:00:00.000000,TechCorp_216,Starter Subscription,Emp_2 SaaS_2,1,50.0,0.0
2024-03-05 10:00:00.000000,TechCorp_239,Starter Subscription,Emp_19 SaaS_19,1,50.0,0.0
2024-03-05 12:00:00.000000,TechCorp_247,Pro Subscription,Emp_31 SaaS_31,1,200.0,0.0
2024-03-05 10:00:00.000000,TechCorp_276,Pro Subscription,Emp_13 SaaS_13,1,200.0,0.0
2024-03-05 11:00:00.000000,TechCorp_279,Pro Subscription,Emp_0 SaaS_0,1,200.0,0.0
2024-03-05 17:00:00.000000,TechCorp_283,Starter Subscription,Emp_2 SaaS_2,1,50.0,0.0
2024-03-06 17:00:00.000000,TechCorp_25,Starter Subscription,Emp_0 SaaS_0,1,50.0,0.0
2024-03-06 15:00:00.000000,TechCorp_26,Starter Subscription,Emp_29 SaaS_29,1,50.0,0.0
2024-03-06 13:00:00.000000,TechCorp_71,Pro Subscription,Emp_31 SaaS_31,1,200.0,0.0
2024-03-06 16:00:00.000000,TechCorp_85,Starter Subscription,Emp_29 SaaS_29,1,50.0,0.0
2024-03-06 08:00:00.000000,TechCorp_147,Pro Subscription,Emp_29 SaaS_29,1,200.0,0.0
2024-03-06 16:00:00.000000,TechCorp_194,Starter Subscription,Emp_19 SaaS_19,1,50.0,0.0
2024-03-06 11:00:00.000000,TechCorp_265,Pro Subscription,Emp_6 SaaS_6,1,200.0,0.0
2024-03-06 09:00:00.000000,TechCorp_288,Pro Subscription,Emp_29 SaaS_29,1,200.0,0.0
2024-03-06 08:00:00.000000,TechCorp_298,Starter Subscription,Emp_12 SaaS_12,1,50.0,0.0
2024-03-07 10:00:00.000000,TechCorp_68,Pro Subscription,Emp_4 SaaS_4,1,200.0,0.0
2024-03-07 13:00:00.000000,TechCorp_85,Starter Subscription,Emp_2 SaaS_2,1,50.0,0.0
2024-03-07 15:00:00.000000,TechCorp_86,Starter Subscription,Emp_2 SaaS_2,1,50.0,0.0
2024-03-07 12:00:00.000000,TechCorp_100,Starter Subscription,Emp_19 SaaS_19,1,50.0,0.0
2024-03-07 08:00:00.000000,TechCorp_125,Pro Subscription,Emp_6 SaaS_6,1,200.0,0.0
2024-03-07 09:00:00.000000,TechCorp_136,Pro Subscription,Emp_3 SaaS_3,1,200.0,0.0
2024-03-07 08:00:00.000000,TechCorp_141,Starter Subscription,Emp_2 SaaS_2,1,50.0,0.0
2024-03-07 08:00:00.000000,TechCorp_157,Starter Subscription,Emp_29 SaaS_29,1,50.0,0.0
2024-03-07 09:00:00.000000,TechCorp_241,Pro Subscription,Emp_31 SaaS_31,1,200.0,0.0
2024-03-07 12:00:00.000000,TechCorp_248,Starter Subscription,Emp_0 SaaS_0,1,50.0,0.0
2024-03-07 10:00:00.000000,TechCorp_256,Starter Subscription,Emp_31 SaaS_31,1,50.0,0.0
2024-03-07 10:00:00.000000,TechCorp_264,Pro Subscription,Emp_6 SaaS_6,1,200.0,0.0
2024-03-07 15:00:00.000000,TechCorp_280,Pro Subscription,Emp_4 SaaS_4,1,200.0,0.0
2024-03-08 12:00:00.000000,TechCorp_25,Starter Subscription,Emp_29 SaaS_29,1,50.0,0.0
2024-03-08 17:00:00.000000,TechCorp_33,Enterprise License,Emp_4 SaaS_4,7,14000.0,0.0
2024-03-08 13:00:00.000000,TechCorp_40,Pro Subscription,Emp_12 SaaS_12,1,200.0,0.0
2024-03-08 14:00:00.000000,TechCorp_43,Pro Subscription,Emp_4 SaaS_4,1,200.0,0.0
2024-03-08 12:00:00.000000,TechCorp_57,Pro Subscription,Emp_19 SaaS_19,1,200.0,0.0
2024-03-08 13:00:00.000000,TechCorp_80,Enterprise License,Emp_12 SaaS_12,8,16000.0,0.0
2024-03-08 09:00:00.000000,TechCorp_93,Pro Subscription,Emp_2 SaaS_2,1,200.0,0.0
2024-03-08 13:00:00.000000,TechCorp_94,Starter Subscription,Emp_6 SaaS_6,1,50.0,0.0
2024-03-08 13:00:00.000000,TechCorp_102,Pro Subscription,Emp_4 SaaS_4,1,200.0,0.0
2024-03-08 16:00:00.000000,TechCorp_140,Starter Subscription,Emp_19 SaaS_19,1,50.0,0.0
2024-03-08 08:00:00.000000,TechCorp_146,Starter Subscription,Emp_19 SaaS_19,1,50.0,0.0
2024-03-08 10:00:00.000000,TechCorp_222,Pro Subscription,Emp_4 SaaS_4,1,200.0,0.0
2024-03-08 09:00:00.000000,TechCorp_223,Enterprise License,Emp_31 SaaS_31,1,2000.0,0.0
2024-03-09 08:00:00.000000,TechCorp_5,Enterprise License,Emp_3 SaaS_3,1,2000.0,0.0
2024-03-09 09:00:00.000000,TechCorp_9,Starter Subscription,Emp_3 SaaS_3,1,50.0,0.0
2024-03-09 10:00:00.000000,TechCorp_13,Enterprise License,Emp_12 SaaS_12,7,14000.0,0.0
2024-03-09 16:00:00.000000,TechCorp_86,Starter Subscription,Emp_19 SaaS_19,1,50.0,0.0
2024-03-09 16:00:00.000000,TechCorp_87,Pro Subscription,Emp_3 SaaS_3,1,200.0,0.0
2024-03-09 09:00:00.000000,TechCorp_148,Starter Subscription,Emp_19 SaaS_19,1,50.0,0.0
2024-03-09 16:00:00.000000,TechCorp_252,Pro Subscription,Emp_12 SaaS_12,1,200.0,0.0
2024-03-09 18:00:00.000000,TechCorp_256,Starter Subscription,Emp_25 SaaS_25,1,50.0,0.0
2024-03-09 18:00:00.000000,TechCorp_266,Starter Subscription,Emp_25 SaaS_25,1,50.0,0.0
2024-03-10 09:00:00.000000,TechCorp_56,Enterprise License,Emp_4 SaaS_4,4,8000.0,0.0
2024-03-10 14:00:00.000000,TechCorp_82,Starter Subscription,Emp_21 SaaS_21,1,50.0,0.0
2024-03-10 14:00:00.000000,TechCorp_103,Starter Subscription,Emp_31 SaaS_31,1,50.0,0.0
2024-03-10 15:00:00.000000,TechCorp_138,Starter Subscription,Emp_12 SaaS_12,1,50.0,0.0
2024-03-10 14:00:00.000000,TechCorp_149,Starter Subscription,Emp_21 SaaS_21,1,50.0,0.0
2024-03-10 15:00:00.000000,TechCorp_179,Enterprise License,Emp_3 SaaS_3,5,10000.0,0.0
2024-03-10 16:00:00.000000,TechCorp_180,Starter Subscription,Emp_21 SaaS_21,1,50.0,0.0
2024-03-10 16:00:00.000000,TechCorp_192,Starter Subscription,Emp_19 SaaS_19,1,50.0,0.0
2024-03-10 10:00:00.000000,TechCorp_218,Starter Subscription,Emp_31 SaaS_31,1,50.0,0.0
2024-03-10 17:00:00.000000,TechCorp_224,Pro Subscription,Emp_21 SaaS_21,1,200.0,0.0
2024-03-10 15:00:00.000000,TechCorp_233,Pro Subscription,Emp_2 SaaS_2,1,200.0,0.0
2024-03-10 13:00:00.000000,TechCorp_240,Pro Subscription,Emp_31 SaaS_31,1,200.0,0.0
2024-03-10 14:00:00.000000,TechCorp_275,Starter Subscription,Emp_6 SaaS_6,1,50.0,0.0
2024-03-10 09:00:00.000000,TechCorp_296,Pro Subscription,Emp_13 SaaS_13,1,200.0,0.0
2024-03-11 17:00:00.000000,TechCorp_13,Enterprise License,Emp_29 SaaS_29,7,14000.0,0.0
2024-03-11 12:00:00.000000,TechCorp_69,Pro Subscription,Emp_13 SaaS_13,1,200.0,0.0
2024-03-11 09:00:00.000000,TechCorp_146,Starter Subscription,Emp_3 SaaS_3,1,50.0,0.0
2024-03-11 11:00:00.000000,TechCorp_148,Starter Subscription,Emp_4 SaaS_4,1,50.0,0.0
2024-03-11 10:00:00.000000,TechCorp_186,Starter Subscription,Emp_6 SaaS_6,1,50.0,0.0
2024-03-11 12:00:00.000000,TechCorp_205,Starter Subscription,Emp_25 SaaS_25,1,50.0,0.0
2024-03-11 13:00:00.000000,TechCorp_230,Pro Subscription,Emp_19 SaaS_19,1,200.0,0.0
2024-03-11 08:00:00.000000,TechCorp_234,Starter Subscription,Emp_19 SaaS_19,1,50.0,0.0
2024-03-11 18:00:00.000000,TechCorp_260,Starter Subscription,Emp_21 SaaS_21,1,50.0,0.0
2024-03-12 09:00:00.000000,TechCorp_30,Pro Subscription,Emp_12 SaaS_12,1,200.0,0.0
2024-03-12 14:00:00.000000,TechCorp_80,Enterprise License,Emp_31 SaaS_31,5,10000.0,0.0
2024-03-12 12:00:00.000000,TechCorp_92,Pro Subscription,Emp_21 SaaS_21,1,200.0,0.0
2024-03-12 11:00:00.000000,TechCorp_130,Pro Subscription,Emp_0 SaaS_0,1,200.0,0.0
2024-03-12 18:00:00.000000,TechCorp_155,Starter Subscription,Emp_2 SaaS_2,1,50.0,0.0
2024-03-12 10:00:00.000000,TechCorp_227,Starter Subscription,Emp_13 SaaS_13,1,50.0,0.0
2024-03-12 11:00:00.000000,TechCorp_249,Pro Subscription,Emp_29 SaaS_29,1,200.0,0.0
2024-03-12 10:00:00.000000,TechCorp_297,Starter Subscription,Emp_4 SaaS_4,1,50.0,0.0
2024-03-13 10:00:00.000000,TechCorp_52,Starter Subscription,Emp_4 SaaS_4,1,50.0,0.0
2024-03-13 16:00:00.000000,TechCorp_58,Starter Subscription,Emp_3 SaaS_3,1,50.0,0.0
2024-03-13 11:00:00.000000,TechCorp_64,Pro Subscription,Emp_12 SaaS_12,1,200.0,0.0
2024-03-13 13:00:00.000000,TechCorp_88,Pro Subscription,Emp_21 SaaS_21,1,200.0,0.0
2024-03-13 13:00:00.000000,TechCorp_106,Starter Subscription,Emp_29 SaaS_29,1,50.0,0.0
2024-03-13 09:00:00.000000,TechCorp_141,Starter Subscription,Emp_19 SaaS_19,1,50.0,0.0
2024-03-13 14:00:00.000000,TechCorp_174,Pro Subscription,Emp_13 SaaS_13,1,200.0,0.0
2024-03-13 12:00:00.000000,TechCorp_214,Starter Subscription,Emp_2 SaaS_2,1,50.0,0.0
2024-03-13 13:00:00.000000,TechCorp_215,Starter Subscription,Emp_21 SaaS_21,1,50.0,0.0
2024-03-13 08:00:00.000000,TechCorp_230,Pro Subscription,Emp_25 SaaS_25,1,200.0,0.0
2024-03-13 10:00:00.000000,TechCorp_257,Pro Subscription,Emp_19 SaaS_19,1,200.0,0.0
2024-03-13 15:00:00.000000,TechCorp_288,Pro Subscription,Emp_2 SaaS_2,1,200.0,0.0
2024-03-13 16:00:00.000000,TechCorp_296,Pro Subscription,Emp_0 SaaS_0,1,200.0,0.0
2024-03-13 08:00:00.000000,TechCorp_298,Starter Subscription,Emp_12 SaaS_12,1,50.0,0.0
2024-03-14 09:00:00.000000,TechCorp_3,Pro Subscription,Emp_2 SaaS_2,1,200.0,0.0
2024-03-14 09:00:00.000000,TechCorp_9,Starter Subscription,Emp_29 SaaS_29,1,50.0,0.0
2024-03-14 11:00:00.000000,TechCorp_14,Pro Subscription,Emp_21 SaaS_21,1,200.0,0.0
2024-03-14 18:00:00.000000,TechCorp_96,Starter Subscription,Emp_31 SaaS_31,1,50.0,0.0
2024-03-14 09:00:00.000000,TechCorp_129,Starter Subscription,Emp_21 SaaS_21,1,50.0,0.0
2024-03-14 18:00:00.000000,TechCorp_138,Starter Subscription,Emp_29 SaaS_29,1,50.0,0.0
2024-03-14 08:00:00.000000,TechCorp_179,Enterprise License,Emp_21 SaaS_21,1,2000.0,0.0
2024-03-14 15:00:00.000000,TechCorp_227,Starter Subscription,Emp_19 SaaS_19,1,50.0,0.0
2024-03-14 10:00:00.000000,TechCorp_230,Pro Subscription,Emp_12 SaaS_12,1,200.0,0.0
2024-03-14 14:00:00.000000,TechCorp_270,Pro Subscription,Emp_29 SaaS_29,1,200.0,0.0
2024-03-14 18:00:00.000000,TechCorp_271,Pro Subscription,Emp_25 SaaS_25,1,200.0,0.0
2024-03-14 10:00:00.000000,TechCorp_279,Pro Subscription,Emp_12 SaaS_12,1,200.0,0.0
2024-03-15 12:00:00.000000,TechCorp_56,Enterprise License,Emp_3 SaaS_3,5,10000.0,0.0
2024-03-15 12:00:00.000000,TechCorp_97,Enterprise License,Emp_3 SaaS_3,8,16000.0,0.0
2024-03-15 18:00:00.000000,TechCorp_101,Starter Subscription,Emp_13 SaaS_13,1,50.0,0.0
2024-03-15 18:00:00.000000,TechCorp_102,Pro Subscription,Emp_21 SaaS_21,1,200.0,0.0
2024-03-15 16:00:00.000000,TechCorp_103,Starter Subscription,Emp_12 SaaS_12,1,50.0,0.0
2024-03-15 10:00:00.000000,TechCorp_113,Pro Subscription,Emp_6 SaaS_6,1,200.0,0.0
2024-03-15 16:00:00.000000,TechCorp_118,Pro Subscription,Emp_31 SaaS_31,1,200.0,0.0
2024-03-15 16:00:00.000000,TechCorp_137,Pro Subscription,Emp_12 SaaS_12,1,200.0,0.0
2024-03-15 09:00:00.000000,TechCorp_171,Pro Subscription,Emp_13 SaaS_13,1,200.0,0.0
2024-03-15 08:00:00.000000,TechCorp_191,Pro Subscription,Emp_6 SaaS_6,1,200.0,0.0
2024-03-15 16:00:00.000000,TechCorp_211,Starter Subscription,Emp_2 SaaS_2,1,50.0,0.0
2024-03-15 14:00:00.000000,TechCorp_217,Starter Subscription,Emp_13 SaaS_13,1,50.0,0.0
2024-03-15 18:00:00.000000,TechCorp_221,Starter Subscription,Emp_31 SaaS_31,1,50.0,0.0
2024-03-15 18:00:00.000000,TechCorp_279,Pro Subscription,Emp_13 SaaS_13,1,200.0,0.0
2024-03-15 11:00:00.000000,TechCorp_280,Pro Subscription,Emp_29 SaaS_29,1,200.0,0.0
2024-03-16 10:00:00.000000,TechCorp_2,Pro Subscription,Emp_12 SaaS_12,1,200.0,0.0
2024-03-16 14:00:00.000000,TechCorp_5,Enterprise License,Emp_6 SaaS_6,8,16000.0,0.0
2024-03-16 16:00:00.000000,TechCorp_13,Enterprise License,Emp_6 SaaS_6,10,20000.0,0.0
2024-03-16 17:00:00.000000,TechCorp_84,Pro Subscription,Emp_21 SaaS_21,1,200.0,0.0
2024-03-16 18:00:00.000000,TechCorp_91,Starter Subscription,Emp_2 SaaS_2,1,50.0,0.0
2024-03-16 08:00:00.000000,TechCorp_101,Starter Subscription,Emp_21 SaaS_21,1,50.0,0.0
2024-03-16 16:00:00.000000,TechCorp_122,Starter Subscription,Emp_21 SaaS_21,1,50.0,0.0
2024-03-16 14:00:00.000000,TechCorp_129,Starter Subscription,Emp_21 SaaS_21,1,50.0,0.0
2024-03-16 12:00:00.000000,TechCorp_161,Starter Subscription,Emp_19 SaaS_19,1,50.0,0.0
2024-03-16 08:00:00.000000,TechCorp_233,Pro Subscription,Emp_13 SaaS_13,1,200.0,0.0
2024-03-16 10:00:00.000000,TechCorp_236,Pro Subscription,Emp_3 SaaS_3,1,200.0,0.0
2024-03-16 13:00:00.000000,TechCorp_248,Starter Subscription,Emp_21 SaaS_21,1,50.0,0.0
2024-03-16 18:00:00.000000,TechCorp_256,Starter Subscription,Emp_6 SaaS_6,1,50.0,0.0
2024-03-16 08:00:00.000000,TechCorp_280,Pro Subscription,Emp_21 SaaS_21,1,200.0,0.0
2024-03-16 15:00:00.000000,TechCorp_292,Starter Subscription,Emp_6 SaaS_6,1,50.0,0.0
2024-03-17 10:00:00.000000,TechCorp_32,Starter Subscription,Emp_13 SaaS_13,1,50.0,0.0
2024-03-17 13:00:00.000000,TechCorp_36,Starter Subscription,Emp_31 SaaS_31,1,50.0,0.0
2024-03-17 09:00:00.000000,TechCorp_59,Pro Subscription,Emp_2 SaaS_2,1,200.0,0.0
2024-03-17 16:00:00.000000,TechCorp_75,Starter Subscription,Emp_21 SaaS_21,1,50.0,0.0
2024-03-17 18:00:00.000000,TechCorp_149,Starter Subscription,Emp_2 SaaS_2,1,50.0,0.0
2024-03-17 08:00:00.000000,TechCorp_177,Starter Subscription,Emp_6 SaaS_6,1,50.0,0.0
2024-03-17 15:00:00.000000,TechCorp_214,Starter Subscription,Emp_25 SaaS_25,1,50.0,0.0
2024-03-17 17:00:00.000000,TechCorp_216,Starter Subscription,Emp_19 SaaS_19,1,50.0,0.0
2024-03-17 11:00:00.000000,TechCorp_236,Pro Subscription,Emp_2 SaaS_2,1,200.0,0.0
2024-03-17 12:00:00.000000,TechCorp_260,Starter Subscription,Emp_29 SaaS_29,1,50.0,0.0
2024-03-17 10:00:00.000000,TechCorp_275,Starter Subscription,Emp_21 SaaS_21,1,50.0,0.0
2024-03-18 14:00:00.000000,TechCorp_28,Starter Subscription,Emp_0 SaaS_0,1,50.0,0.0
2024-03-18 18:00:00.000000,TechCorp_47,Pro Subscription,Emp_13 SaaS_13,1,200.0,0.0
2024-03-18 16:00:00.000000,TechCorp_66,Pro Subscription,Emp_3 SaaS_3,1,200.0,0.0
2024-03-18 14:00:00.000000,TechCorp_76,Starter Subscription,Emp_2 SaaS_2,1,50.0,0.0
2024-03-18 13:00:00.000000,TechCorp_77,Pro Subscription,Emp_12 SaaS_12,1,200.0,0.0
2024-03-18 14:00:00.000000,TechCorp_84,Pro Subscription,Emp_6 SaaS_6,1,200.0,0.0
2024-03-18 10:00:00.000000,TechCorp_116,Starter Subscription,Emp_2 SaaS_2,1,50.0,0.0
2024-03-18 17:00:00.000000,TechCorp_132,Pro Subscription,Emp_19 SaaS_19,1,200.0,0.0
2024-03-18 12:00:00.000000,TechCorp_180,Starter Subscription,Emp_29 SaaS_29,1,50.0,0.0
2024-03-18 17:00:00.000000,TechCorp_234,Starter Subscription,Emp_19 SaaS_19,1,50.0,0.0
2024-03-18 18:00:00.000000,TechCorp_248,Starter Subscription,Emp_4 SaaS_4,1,50.0,0.0
2024-03-18 16:00:00.000000,TechCorp_249,Pro Subscription,Emp_13 SaaS_13,1,200.0,0.0
2024-03-18 08:00:00.000000,TechCorp_266,Starter Subscription,Emp_3 SaaS_3,1,50.0,0.0
2024-03-18 08:00:00.000000,TechCorp_284,Starter Subscription,Emp_6 SaaS_6,1,50.0,0.0
2024-03-19 18:00:00.000000,TechCorp_14,Pro Subscription,Emp_3 SaaS_3,1,200.0,0.0
2024-03-19 13:00:00.000000,TechCorp_27,Pro Subscription,Emp_31 SaaS_31,1,200.0,0.0
2024-03-19 12:00:00.000000,TechCorp_51,Pro Subscription,Emp_31 SaaS_31,1,200.0,0.0
2024-03-19 12:00:00.000000,TechCorp_101,Starter Subscription,Emp_25 SaaS_25,1,50.0,0.0
2024-03-19 18:00:00.000000,TechCorp_144,Starter Subscription,Emp_6 SaaS_6,1,50.0,0.0
2024-03-19 11:00:00.000000,TechCorp_197,Pro Subscription,Emp_4 SaaS_4,1,200.0,0.0
2024-03-19 11:00:00.000000,TechCorp_252,Pro Subscription,Emp_6 SaaS_6,1,200.0,0.0
2024-03-19 16:00:00.000000,TechCorp_276,Pro Subscription,Emp_29 SaaS_29,1,200.0,0.0
2024-03-19 14:00:00.000000,TechCorp_284,Starter Subscription,Emp_4 SaaS_4,1,50.0,0.0
2024-03-20 10:00:00.000000,TechCorp_32,Starter Subscription,Emp_3 SaaS_3,1,50.0,0.0
2024-03-20 17:00:00.000000,TechCorp_58,Starter Subscription,Emp_12 SaaS_12,1,50.0,0.0
2024-03-20 18:00:00.000000,TechCorp_74,Pro Subscription,Emp_4 SaaS_4,1,200.0,0.0
2024-03-20 11:00:00.000000,TechCorp_80,Enterprise License,Emp_29 SaaS_29,4,8000.0,0.0
2024-03-20 08:00:00.000000,TechCorp_97,Enterprise License,Emp_21 SaaS_21,4,8000.0,0.0
2024-03-20 11:00:00.000000,TechCorp_116,Starter Subscription,Emp_12 SaaS_12,1,50.0,0.0
2024-03-20 08:00:00.000000,TechCorp_126,Enterprise License,Emp_21 SaaS_21,9,18000.0,0.0
2024-03-20 18:00:00.000000,TechCorp_129,Starter Subscription,Emp_19 SaaS_19,1,50.0,0.0
2024-03-20 15:00:00.000000,TechCorp_160,Starter Subscription,Emp_4 SaaS_4,1,50.0,0.0
2024-03-20 18:00:00.000000,TechCorp_208,Pro Subscription,Emp_0 SaaS_0,1,200.0,0.0
2024-03-20 11:00:00.000000,TechCorp_214,Starter Subscription,Emp_6 SaaS_6,1,50.0,0.0
2024-03-20 18:00:00.000000,TechCorp_265,Pro Subscription,Emp_25 SaaS_25,1,200.0,0.0
2024-03-20 18:00:00.000000,TechCorp_287,Pro Subscription,Emp_2 SaaS_2,1,200.0,0.0
2024-03-20 18:00:00.000000,TechCorp_288,Pro Subscription,Emp_2 SaaS_2,1,200.0,0.0
2024-03-20 14:00:00.000000,TechCorp_294,Pro Subscription,Emp_19 SaaS_19,1,200.0,0.0
2024-03-21 13:00:00.000000,TechCorp_2,Pro Subscription,Emp_0 SaaS_0,1,200.0,0.0
2024-03-21 10:00:00.000000,TechCorp_7,Pro Subscription,Emp_21 SaaS_21,1,200.0,0.0
2024-03-21 10:00:00.000000,TechCorp_12,Pro Subscription,Emp_6 SaaS_6,1,200.0,0.0
2024-03-21 16:00:00.000000,TechCorp_52,Starter Subscription,Emp_19 SaaS_19,1,50.0,0.0
2024-03-21 16:00:00.000000,TechCorp_62,Starter Subscription,Emp_3 SaaS_3,1,50.0,0.0
2024-03-21 12:00:00.000000,TechCorp_82,Starter Subscription,Emp_4 SaaS_4,1,50.0,0.0
2024-03-21 12:00:00.000000,TechCorp_84,Pro Subscription,Emp_29 SaaS_29,1,200.0,0.0
2024-03-21 13:00:00.000000,TechCorp_97,Enterprise License,Emp_31 SaaS_31,8,16000.0,0.0
2024-03-21 08:00:00.000000,TechCorp_109,Pro Subscription,Emp_31 SaaS_31,1,200.0,0.0
2024-03-21 13:00:00.000000,TechCorp_130,Pro Subscription,Emp_4 SaaS_4,1,200.0,0.0
2024-03-21 15:00:00.000000,TechCorp_139,Starter Subscription,Emp_29 SaaS_29,1,50.0,0.0
2024-03-21 15:00:00.000000,TechCorp_155,Starter Subscription,Emp_6 SaaS_6,1,50.0,0.0
2024-03-21 17:00:00.000000,TechCorp_260,Starter Subscription,Emp_13 SaaS_13,1,50.0,0.0
2024-03-21 10:00:00.000000,TechCorp_262,Starter Subscription,Emp_4 SaaS_4,1,50.0,0.0
2024-03-21 15:00:00.000000,TechCorp_265,Pro Subscription,Emp_31 SaaS_31,1,200.0,0.0
2024-03-22 10:00:00.000000,TechCorp_19,Starter Subscription,Emp_13 SaaS_13,1,50.0,0.0
2024-03-22 12:00:00.000000,TechCorp_91,Starter Subscription,Emp_3 SaaS_3,1,50.0,0.0
2024-03-22 09:00:00.000000,TechCorp_114,Starter Subscription,Emp_25 SaaS_25,1,50.0,0.0
2024-03-22 12:00:00.000000,TechCorp_115,Enterprise License,Emp_13 SaaS_13,3,6000.0,0.0
2024-03-22 14:00:00.000000,TechCorp_134,Starter Subscription,Emp_12 SaaS_12,1,50.0,0.0
2024-03-22 08:00:00.000000,TechCorp_144,Starter Subscription,Emp_2 SaaS_2,1,50.0,0.0
2024-03-22 14:00:00.000000,TechCorp_223,Enterprise License,Emp_21 SaaS_21,6,12000.0,0.0
2024-03-22 16:00:00.000000,TechCorp_230,Pro Subscription,Emp_13 SaaS_13,1,200.0,0.0
2024-03-22 13:00:00.000000,TechCorp_262,Starter Subscription,Emp_13 SaaS_13,1,50.0,0.0
2024-03-22 17:00:00.000000,TechCorp_281,Pro Subscription,Emp_21 SaaS_21,1,200.0,0.0
2024-03-22 09:00:00.000000,TechCorp_286,Starter Subscription,Emp_25 SaaS_25,1,50.0,0.0
2024-03-23 13:00:00.000000,TechCorp_32,Starter Subscription,Emp_6 SaaS_6,1,50.0,0.0
2024-03-23 12:00:00.000000,TechCorp_35,Enterprise License,Emp_19 SaaS_19,6,12000.0,0.0
2024-03-23 10:00:00.000000,TechCorp_45,Pro Subscription,Emp_31 SaaS_31,1,200.0,0.0
2024-03-23 13:00:00.000000,TechCorp_68,Pro Subscription,Emp_6 SaaS_6,1,200.0,0.0
2024-03-23 17:00:00.000000,TechCorp_98,Starter Subscription,Emp_2 SaaS_2,1,50.0,0.0
2024-03-23 17:00:00.000000,TechCorp_109,Pro Subscription,Emp_12 SaaS_12,1,200.0,0.0
2024-03-23 11:00:00.000000,TechCorp_116,Starter Subscription,Emp_19 SaaS_19,1,50.0,0.0
2024-03-23 17:00:00.000000,TechCorp_130,Pro Subscription,Emp_29 SaaS_29,1,200.0,0.0
2024-03-23 18:00:00.000000,TechCorp_134,Starter Subscription,Emp_6 SaaS_6,1,50.0,0.0
2024-03-23 17:00:00.000000,TechCorp_157,Starter Subscription,Emp_2 SaaS_2,1,50.0,0.0
2024-03-23 17:00:00.000000,TechCorp_201,Starter Subscription,Emp_19 SaaS_19,1,50.0,0.0
2024-03-23 17:00:00.000000,TechCorp_240,Pro Subscription,Emp_4 SaaS_4,1,200.0,0.0
2024-03-23 18:00:00.000000,TechCorp_249,Pro Subscription,Emp_13 SaaS_13,1,200.0,0.0
2024-03-23 16:00:00.000000,TechCorp_259,Starter Subscription,Emp_31 SaaS_31,1,50.0,0.0
2024-03-24 11:00:00.000000,TechCorp_7,Pro Subscription,Emp_21 SaaS_21,1,200.0,0.0
2024-03-24 13:00:00.000000,TechCorp_36,Starter Subscription,Emp_31 SaaS_31,1,50.0,0.0
2024-03-24 13:00:00.000000,TechCorp_45,Pro Subscription,Emp_29 SaaS_29,1,200.0,0.0
2024-03-24 17:00:00.000000,TechCorp_75,Starter Subscription,Emp_0 SaaS_0,1,50.0,0.0
2024-03-24 17:00:00.000000,TechCorp_79,Pro Subscription,Emp_25 SaaS_25,1,200.0,0.0
2024-03-24 13:00:00.000000,TechCorp_86,Starter Subscription,Emp_2 SaaS_2,1,50.0,0.0
2024-03-24 13:00:00.000000,TechCorp_95,Starter Subscription,Emp_21 SaaS_21,1,50.0,0.0
2024-03-24 18:00:00.000000,TechCorp_133,Pro Subscription,Emp_29 SaaS_29,1,200.0,0.0
2024-03-24 10:00:00.000000,TechCorp_156,Starter Subscription,Emp_0 SaaS_0,1,50.0,0.0
2024-03-24 15:00:00.000000,TechCorp_174,Pro Subscription,Emp_29 SaaS_29,1,200.0,0.0
2024-03-24 08:00:00.000000,TechCorp_269,Starter Subscription,Emp_25 SaaS_25,1,50.0,0.0
2024-03-24 12:00:00.000000,TechCorp_274,Starter Subscription,Emp_13 SaaS_13,1,50.0,0.0
2024-03-24 08:00:00.000000,TechCorp_278,Starter Subscription,Emp_13 SaaS_13,1,50.0,0.0
2024-03-24 10:00:00.000000,TechCorp_280,Pro Subscription,Emp_12 SaaS_12,1,200.0,0.0
2024-03-24 18:00:00.000000,TechCorp_290,Starter Subscription,Emp_0 SaaS_0,1,50.0,0.0
2024-03-24 12:00:00.000000,TechCorp_293,Pro Subscription,Emp_2 SaaS_2,1,200.0,0.0
2024-03-25 08:00:00.000000,TechCorp_3,Pro Subscription,Emp_12 SaaS_12,1,200.0,0.0
2024-03-25 13:00:00.000000,TechCorp_16,Enterprise License,Emp_31 SaaS_31,9,18000.0,0.0
2024-03-25 11:00:00.000000,TechCorp_19,Starter Subscription,Emp_2 SaaS_2,1,50.0,0.0
2024-03-25 12:00:00.000000,TechCorp_40,Pro Subscription,Emp_21 SaaS_21,1,200.0,0.0
2024-03-25 09:00:00.000000,TechCorp_47,Pro Subscription,Emp_12 SaaS_12,1,200.0,0.0
2024-03-25 18:00:00.000000,TechCorp_52,Starter Subscription,Emp_29 SaaS_29,1,50.0,0.0
2024-03-25 08:00:00.000000,TechCorp_71,Pro Subscription,Emp_13 SaaS_13,1,200.0,0.0
2024-03-25 18:00:00.000000,TechCorp_88,Pro Subscription,Emp_21 SaaS_21,1,200.0,0.0
2024-03-25 09:00:00.000000,TechCorp_112,Starter Subscription,Emp_29 SaaS_29,1,50.0,0.0
2024-03-25 11:00:00.000000,TechCorp_154,Starter Subscription,Emp_31 SaaS_31,1,50.0,0.0
2024-03-25 11:00:00.000000,TechCorp_194,Starter Subscription,Emp_2 SaaS_2,1,50.0,0.0
2024-03-25 17:00:00.000000,TechCorp_195,Starter Subscription,Emp_21 SaaS_21,1,50.0,0.0
2024-03-25 16:00:00.000000,TechCorp_213,Starter Subscription,Emp_6 SaaS_6,1,50.0,0.0
2024-03-25 10:00:00.000000,TechCorp_221,Starter Subscription,Emp_29 SaaS_29,1,50.0,0.0
2024-03-26 09:00:00.000000,TechCorp_10,Pro Subscription,Emp_31 SaaS_31,1,200.0,0.0
2024-03-26 08:00:00.000000,TechCorp_32,Starter Subscription,Emp_6 SaaS_6,1,50.0,0.0
2024-03-26 11:00:00.000000,TechCorp_45,Pro Subscription,Emp_2 SaaS_2,1,200.0,0.0
2024-03-26 08:00:00.000000,TechCorp_47,Pro Subscription,Emp_13 SaaS_13,1,200.0,0.0
2024-03-26 11:00:00.000000,TechCorp_88,Pro Subscription,Emp_31 SaaS_31,1,200.0,0.0
2024-03-26 18:00:00.000000,TechCorp_103,Starter Subscription,Emp_19 SaaS_19,1,50.0,0.0
2024-03-26 10:00:00.000000,TechCorp_106,Starter Subscription,Emp_3 SaaS_3,1,50.0,0.0
2024-03-26 18:00:00.000000,TechCorp_126,Enterprise License,Emp_4 SaaS_4,10,20000.0,0.0
2024-03-26 15:00:00.000000,TechCorp_156,Starter Subscription,Emp_6 SaaS_6,1,50.0,0.0
2024-03-26 18:00:00.000000,TechCorp_196,Pro Subscription,Emp_29 SaaS_29,1,200.0,0.0
2024-03-27 18:00:00.000000,TechCorp_42,Pro Subscription,Emp_29 SaaS_29,1,200.0,0.0
2024-03-27 14:00:00.000000,TechCorp_55,Pro Subscription,Emp_21 SaaS_21,1,200.0,0.0
2024-03-27 15:00:00.000000,TechCorp_66,Pro Subscription,Emp_0 SaaS_0,1,200.0,0.0
2024-03-27 17:00:00.000000,TechCorp_94,Starter Subscription,Emp_4 SaaS_4,1,50.0,0.0
2024-03-27 12:00:00.000000,TechCorp_148,Starter Subscription,Emp_19 SaaS_19,1,50.0,0.0
2024-03-27 10:00:00.000000,TechCorp_149,Starter Subscription,Emp_3 SaaS_3,1,50.0,0.0
2024-03-27 09:00:00.000000,TechCorp_192,Starter Subscription,Emp_0 SaaS_0,1,50.0,0.0
2024-03-27 09:00:00.000000,TechCorp_206,Enterprise License,Emp_0 SaaS_0,6,12000.0,0.0
2024-03-27 18:00:00.000000,TechCorp_217,Starter Subscription,Emp_29 SaaS_29,1,50.0,0.0
2024-03-27 15:00:00.000000,TechCorp_219,Starter Subscription,Emp_29 SaaS_29,1,50.0,0.0
2024-03-27 17:00:00.000000,TechCorp_229,Pro Subscription,Emp_6 SaaS_6,1,200.0,0.0
2024-03-27 09:00:00.000000,TechCorp_278,Starter Subscription,Emp_13 SaaS_13,1,50.0,0.0
2024-03-27 11:00:00.000000,TechCorp_298,Starter Subscription,Emp_21 SaaS_21,1,50.0,0.0
2024-03-28 17:00:00.000000,TechCorp_0,Pro Subscription,Emp_12 SaaS_12,1,200.0,0.0
2024-03-28 12:00:00.000000,TechCorp_27,Pro Subscription,Emp_29 SaaS_29,1,200.0,0.0
2024-03-28 14:00:00.000000,TechCorp_32,Starter Subscription,Emp_13 SaaS_13,1,50.0,0.0
2024-03-28 14:00:00.000000,TechCorp_37,Starter Subscription,Emp_2 SaaS_2,1,50.0,0.0
2024-03-28 12:00:00.000000,TechCorp_45,Pro Subscription,Emp_4 SaaS_4,1,200.0,0.0
2024-03-28 09:00:00.000000,TechCorp_54,Starter Subscription,Emp_13 SaaS_13,1,50.0,0.0
2024-03-28 16:00:00.000000,TechCorp_96,Starter Subscription,Emp_3 SaaS_3,1,50.0,0.0
2024-03-28 11:00:00.000000,TechCorp_114,Starter Subscription,Emp_19 SaaS_19,1,50.0,0.0
2024-03-28 08:00:00.000000,TechCorp_146,Starter Subscription,Emp_3 SaaS_3,1,50.0,0.0
2024-03-28 08:00:00.000000,TechCorp_148,Starter Subscription,Emp_6 SaaS_6,1,50.0,0.0
2024-03-28 15:00:00.000000,TechCorp_150,Starter Subscription,Emp_19 SaaS_19,1,50.0,0.0
2024-03-28 08:00:00.000000,TechCorp_152,Pro Subscription,Emp_29 SaaS_29,1,200.0,0.0
2024-03-28 10:00:00.000000,TechCorp_168,Enterprise License,Emp_19 SaaS_19,7,14000.0,0.0
2024-03-28 17:00:00.000000,TechCorp_218,Starter Subscription,Emp_21 SaaS_21,1,50.0,0.0
2024-03-28 14:00:00.000000,TechCorp_241,Pro Subscription,Emp_3 SaaS_3,1,200.0,0.0
2024-03-28 15:00:00.000000,TechCorp_242,Starter Subscription,Emp_13 SaaS_13,1,50.0,0.0
2024-03-28 15:00:00.000000,TechCorp_249,Pro Subscription,Emp_0 SaaS_0,1,200.0,0.0
2024-03-28 17:00:00.000000,TechCorp_260,Starter Subscription,Emp_0 SaaS_0,1,50.0,0.0
2024-03-28 13:00:00.000000,TechCorp_265,Pro Subscription,Emp_25 SaaS_25,1,200.0,0.0
2024-03-29 18:00:00.000000,TechCorp_3,Pro Subscription,Emp_2 SaaS_2,1,200.0,0.0
2024-03-29 15:00:00.000000,TechCorp_47,Pro Subscription,Emp_31 SaaS_31,1,200.0,0.0
2024-03-29 18:00:00.000000,TechCorp_56,Enterprise License,Emp_31 SaaS_31,1,2000.0,0.0
2024-03-29 12:00:00.000000,TechCorp_96,Starter Subscription,Emp_31 SaaS_31,1,50.0,0.0
2024-03-29 14:00:00.000000,TechCorp_114,Starter Subscription,Emp_2 SaaS_2,1,50.0,0.0
2024-03-29 13:00:00.000000,TechCorp_155,Starter Subscription,Emp_21 SaaS_21,1,50.0,0.0
2024-03-29 17:00:00.000000,TechCorp_210,Pro Subscription,Emp_31 SaaS_31,1,200.0,0.0
2024-03-29 17:00:00.000000,TechCorp_223,Enterprise License,Emp_12 SaaS_12,4,8000.0,0.0
2024-03-29 08:00:00.000000,TechCorp_256,Starter Subscription,Emp_25 SaaS_25,1,50.0,0.0
2024-03-29 14:00:00.000000,TechCorp_275,Starter Subscription,Emp_21 SaaS_21,1,50.0,0.0
2024-03-29 15:00:00.000000,TechCorp_287,Pro Subscription,Emp_3 SaaS_3,1,200.0,0.0
2024-03-30 10:00:00.000000,TechCorp_2,Pro Subscription,Emp_13 SaaS_13,1,200.0,0.0
2024-03-30 17:00:00.000000,TechCorp_58,Starter Subscription,Emp_3 SaaS_3,1,50.0,0.0
2024-03-30 12:00:00.000000,TechCorp_79,Pro Subscription,Emp_2 SaaS_2,1,200.0,0.0
2024-03-30 13:00:00.000000,TechCorp_97,Enterprise License,Emp_25 SaaS_25,4,8000.0,0.0
2024-03-30 17:00:00.000000,TechCorp_105,Starter Subscription,Emp_25 SaaS_25,1,50.0,0.0
2024-03-30 13:00:00.000000,TechCorp_116,Starter Subscription,Emp_21 SaaS_21,1,50.0,0.0
2024-03-30 15:00:00.000000,TechCorp_118,Pro Subscription,Emp_31 SaaS_31,1,200.0,0.0
2024-03-30 11:00:00.000000,TechCorp_146,Starter Subscription,Emp_19 SaaS_19,1,50.0,0.0
2024-03-30 09:00:00.000000,TechCorp_155,Starter Subscription,Emp_12 SaaS_12,1,50.0,0.0
2024-03-30 15:00:00.000000,TechCorp_159,Starter Subscription,Emp_19 SaaS_19,1,50.0,0.0
2024-03-30 16:00:00.000000,TechCorp_239,Starter Subscription,Emp_31 SaaS_31,1,50.0,0.0
2024-03-30 10:00:00.000000,TechCorp_285,Starter Subscription,Emp_6 SaaS_6,1,50.0,0.0
2024-03-31 16:00:00.000000,TechCorp_73,Starter Subscription,Emp_6 SaaS_6,1,50.0,0.0
2024-03-31 12:00:00.000000,TechCorp_92,Pro Subscription,Emp_21 SaaS_21,1,200.0,0.0
2024-03-31 18:00:00.000000,TechCorp_103,Starter Subscription,Emp_31 SaaS_31,1,50.0,0.0
2024-03-31 11:00:00.000000,TechCorp_132,Pro Subscription,Emp_13 SaaS_13,1,200.0,0.0
2024-03-31 15:00:00.000000,TechCorp_156,Starter Subscription,Emp_4 SaaS_4,1,50.0,0.0
2024-03-31 14:00:00.000000,TechCorp_176,Starter Subscription,Emp_3 SaaS_3,1,50.0,0.0
2024-03-31 12:00:00.000000,TechCorp_195,Starter Subscription,Emp_21 SaaS_21,1,50.0,0.0
2024-03-31 09:00:00.000000,TechCorp_200,Pro Subscription,Emp_3 SaaS_3,1,200.0,0.0
2024-03-31 12:00:00.000000,TechCorp_205,Starter Subscription,Emp_6 SaaS_6,1,50.0,0.0
2024-03-31 12:00:00.000000,TechCorp_280,Pro Subscription,Emp_3 SaaS_3,1,200.0,0.0
2024-03-31 15:00:00.000000,TechCorp_287,Pro Subscription,Emp_2 SaaS_2,1,200.0,0.0
2024-04-01 16:00:00.000000,TechCorp_26,Starter Subscription,Emp_2 SaaS_2,1,50.0,0.0
2024-04-01 10:00:00.000000,TechCorp_51,Pro Subscription,Emp_19 SaaS_19,1,200.0,0.0
2024-04-01 13:00:00.000000,TechCorp_79,Pro Subscription,Emp_13 SaaS_13,1,200.0,0.0
2024-04-01 17:00:00.000000,TechCorp_149,Starter Subscription,Emp_31 SaaS_31,1,50.0,0.0
2024-04-01 12:00:00.000000,TechCorp_180,Starter Subscription,Emp_6 SaaS_6,1,50.0,0.0
2024-04-01 08:00:00.000000,TechCorp_192,Starter Subscription,Emp_21 SaaS_21,1,50.0,0.0
2024-04-01 11:00:00.000000,TechCorp_204,Pro Subscription,Emp_2 SaaS_2,1,200.0,0.0
2024-04-01 17:00:00.000000,TechCorp_232,Starter Subscription,Emp_0 SaaS_0,1,50.0,0.0
2024-04-01 14:00:00.000000,TechCorp_248,Starter Subscription,Emp_2 SaaS_2,1,50.0,0.0
2024-04-01 18:00:00.000000,TechCorp_272,Starter Subscription,Emp_6 SaaS_6,1,50.0,0.0
2024-04-01 09:00:00.000000,TechCorp_276,Pro Subscription,Emp_31 SaaS_31,1,200.0,0.0
2024-04-02 16:00:00.000000,TechCorp_28,Starter Subscription,Emp_2 SaaS_2,1,50.0,0.0
2024-04-02 15:00:00.000000,TechCorp_48,Pro Subscription,Emp_6 SaaS_6,1,200.0,0.0
2024-04-02 17:00:00.000000,TechCorp_56,Enterprise License,Emp_21 SaaS_21,7,14000.0,0.0
2024-04-02 15:00:00.000000,TechCorp_58,Starter Subscription,Emp_19 SaaS_19,1,50.0,0.0
2024-04-02 13:00:00.000000,TechCorp_87,Pro Subscription,Emp_2 SaaS_2,1,200.0,0.0
2024-04-02 10:00:00.000000,TechCorp_112,Starter Subscription,Emp_6 SaaS_6,1,50.0,0.0
2024-04-02 12:00:00.000000,TechCorp_123,Starter Subscription,Emp_2 SaaS_2,1,50.0,0.0
2024-04-02 11:00:00.000000,TechCorp_141,Starter Subscription,Emp_6 SaaS_6,1,50.0,0.0
2024-04-02 16:00:00.000000,TechCorp_155,Starter Subscription,Emp_4 SaaS_4,1,50.0,0.0
2024-04-02 18:00:00.000000,TechCorp_223,Enterprise License,Emp_3 SaaS_3,10,20000.0,0.0
2024-04-02 11:00:00.000000,TechCorp_264,Pro Subscription,Emp_29 SaaS_29,1,200.0,0.0
2024-04-02 11:00:00.000000,TechCorp_291,Starter Subscription,Emp_2 SaaS_2,1,50.0,0.0
2024-04-03 12:00:00.000000,TechCorp_16,Enterprise License,Emp_2 SaaS_2,5,10000.0,0.0
2024-04-03 08:00:00.000000,TechCorp_43,Pro Subscription,Emp_31 SaaS_31,1,200.0,0.0
2024-04-03 15:00:00.000000,TechCorp_50,Starter Subscription,Emp_3 SaaS_3,1,50.0,0.0
2024-04-03 13:00:00.000000,TechCorp_114,Starter Subscription,Emp_4 SaaS_4,1,50.0,0.0
2024-04-03 18:00:00.000000,TechCorp_174,Pro Subscription,Emp_29 SaaS_29,1,200.0,0.0
2024-04-03 12:00:00.000000,TechCorp_197,Pro Subscription,Emp_21 SaaS_21,1,200.0,0.0
2024-04-03 16:00:00.000000,TechCorp_271,Pro Subscription,Emp_6 SaaS_6,1,200.0,0.0
2024-04-03 13:00:00.000000,TechCorp_272,Starter Subscription,Emp_21 SaaS_21,1,50.0,0.0
2024-04-03 11:00:00.000000,TechCorp_296,Pro Subscription,Emp_19 SaaS_19,1,200.0,0.0
2024-04-04 14:00:00.000000,TechCorp_4,Starter Subscription,Emp_19 SaaS_19,1,50.0,0.0
2024-04-04 11:00:00.000000,TechCorp_13,Enterprise License,Emp_12 SaaS_12,3,6000.0,0.0
2024-04-04 10:00:00.000000,TechCorp_28,Starter Subscription,Emp_13 SaaS_13,1,50.0,0.0
2024-04-04 17:00:00.000000,TechCorp_48,Pro Subscription,Emp_21 SaaS_21,1,200.0,0.0
2024-04-04 08:00:00.000000,TechCorp_81,Pro Subscription,Emp_4 SaaS_4,1,200.0,0.0
2024-04-04 10:00:00.000000,TechCorp_206,Enterprise License,Emp_29 SaaS_29,8,16000.0,0.0
2024-04-04 08:00:00.000000,TechCorp_224,Pro Subscription,Emp_4 SaaS_4,1,200.0,0.0
2024-04-05 14:00:00.000000,TechCorp_27,Pro Subscription,Emp_3 SaaS_3,1,200.0,0.0
2024-04-05 18:00:00.000000,TechCorp_51,Pro Subscription,Emp_25 SaaS_25,1,200.0,0.0
2024-04-05 16:00:00.000000,TechCorp_82,Starter Subscription,Emp_25 SaaS_25,1,50.0,0.0
2024-04-05 09:00:00.000000,TechCorp_107,Starter Subscription,Emp_13 SaaS_13,1,50.0,0.0
2024-04-05 09:00:00.000000,TechCorp_124,Starter Subscription,Emp_0 SaaS_0,1,50.0,0.0
2024-04-05 12:00:00.000000,TechCorp_135,Pro Subscription,Emp_25 SaaS_25,1,200.0,0.0
2024-04-05 13:00:00.000000,TechCorp_147,Pro Subscription,Emp_19 SaaS_19,1,200.0,0.0
2024-04-05 11:00:00.000000,TechCorp_233,Pro Subscription,Emp_6 SaaS_6,1,200.0,0.0
2024-04-05 08:00:00.000000,TechCorp_275,Starter Subscription,Emp_31 SaaS_31,1,50.0,0.0
2024-04-05 16:00:00.000000,TechCorp_291,Starter Subscription,Emp_19 SaaS_19,1,50.0,0.0
2024-04-06 17:00:00.000000,TechCorp_23,Pro Subscription,Emp_25 SaaS_25,1,200.0,0.0
2024-04-06 13:00:00.000000,TechCorp_51,Pro Subscription,Emp_13 SaaS_13,1,200.0,0.0
2024-04-06 18:00:00.000000,TechCorp_70,Starter Subscription,Emp_12 SaaS_12,1,50.0,0.0
2024-04-06 15:00:00.000000,TechCorp_84,Pro Subscription,Emp_2 SaaS_2,1,200.0,0.0
2024-04-06 11:00:00.000000,TechCorp_85,Starter Subscription,Emp_19 SaaS_19,1,50.0,0.0
2024-04-06 17:00:00.000000,TechCorp_114,Starter Subscription,Emp_31 SaaS_31,1,50.0,0.0
2024-04-06 13:00:00.000000,TechCorp_133,Pro Subscription,Emp_31 SaaS_31,1,200.0,0.0
2024-04-06 17:00:00.000000,TechCorp_163,Pro Subscription,Emp_12 SaaS_12,1,200.0,0.0
2024-04-06 14:00:00.000000,TechCorp_179,Enterprise License,Emp_6 SaaS_6,4,8000.0,0.0
2024-04-06 15:00:00.000000,TechCorp_206,Enterprise License,Emp_0 SaaS_0,5,10000.0,0.0
2024-04-06 13:00:00.000000,TechCorp_221,Starter Subscription,Emp_19 SaaS_19,1,50.0,0.0
2024-04-06 10:00:00.000000,TechCorp_241,Pro Subscription,Emp_3 SaaS_3,1,200.0,0.0
2024-04-06 15:00:00.000000,TechCorp_256,Starter Subscription,Emp_0 SaaS_0,1,50.0,0.0
2024-04-06 13:00:00.000000,TechCorp_278,Starter Subscription,Emp_4 SaaS_4,1,50.0,0.0
2024-04-07 15:00:00.000000,TechCorp_0,Pro Subscription,Emp_29 SaaS_29,1,200.0,0.0
2024-04-07 10:00:00.000000,TechCorp_17,Starter Subscription,Emp_19 SaaS_19,1,50.0,0.0
2024-04-07 10:00:00.000000,TechCorp_46,Enterprise License,Emp_6 SaaS_6,6,12000.0,0.0
2024-04-07 13:00:00.000000,TechCorp_70,Starter Subscription,Emp_19 SaaS_19,1,50.0,0.0
2024-04-07 15:00:00.000000,TechCorp_81,Pro Subscription,Emp_6 SaaS_6,1,200.0,0.0
2024-04-07 13:00:00.000000,TechCorp_84,Pro Subscription,Emp_4 SaaS_4,1,200.0,0.0
2024-04-07 18:00:00.000000,TechCorp_85,Starter Subscription,Emp_0 SaaS_0,1,50.0,0.0
2024-04-07 16:00:00.000000,TechCorp_86,Starter Subscription,Emp_31 SaaS_31,1,50.0,0.0
2024-04-07 09:00:00.000000,TechCorp_104,Starter Subscription,Emp_4 SaaS_4,1,50.0,0.0
2024-04-07 17:00:00.000000,TechCorp_128,Starter Subscription,Emp_2 SaaS_2,1,50.0,0.0
2024-04-07 15:00:00.000000,TechCorp_131,Starter Subscription,Emp_13 SaaS_13,1,50.0,0.0
2024-04-07 17:00:00.000000,TechCorp_143,Starter Subscription,Emp_3 SaaS_3,1,50.0,0.0
2024-04-07 15:00:00.000000,TechCorp_155,Starter Subscription,Emp_12 SaaS_12,1,50.0,0.0
2024-04-07 17:00:00.000000,TechCorp_177,Starter Subscription,Emp_31 SaaS_31,1,50.0,0.0
2024-04-07 10:00:00.000000,TechCorp_180,Starter Subscription,Emp_0 SaaS_0,1,50.0,0.0
2024-04-07 17:00:00.000000,TechCorp_181,Starter Subscription,Emp_0 SaaS_0,1,50.0,0.0
2024-04-07 16:00:00.000000,TechCorp_197,Pro Subscription,Emp_21 SaaS_21,1,200.0,0.0
2024-04-07 12:00:00.000000,TechCorp_216,Starter Subscription,Emp_13 SaaS_13,1,50.0,0.0
2024-04-07 10:00:00.000000,TechCorp_273,Pro Subscription,Emp_3 SaaS_3,1,200.0,0.0
2024-04-08 14:00:00.000000,TechCorp_0,Pro Subscription,Emp_25 SaaS_25,1,200.0,0.0
2024-04-08 11:00:00.000000,TechCorp_67,Starter Subscription,Emp_4 SaaS_4,1,50.0,0.0
2024-04-08 09:00:00.000000,TechCorp_97,Enterprise License,Emp_21 SaaS_21,1,2000.0,0.0
2024-04-08 15:00:00.000000,TechCorp_101,Starter Subscription,Emp_6 SaaS_6,1,50.0,0.0
2024-04-08 11:00:00.000000,TechCorp_104,Starter Subscription,Emp_21 SaaS_21,1,50.0,0.0
2024-04-08 13:00:00.000000,TechCorp_123,Starter Subscription,Emp_19 SaaS_19,1,50.0,0.0
2024-04-08 11:00:00.000000,TechCorp_184,Enterprise License,Emp_29 SaaS_29,10,20000.0,0.0
2024-04-08 09:00:00.000000,TechCorp_203,Starter Subscription,Emp_19 SaaS_19,1,50.0,0.0
2024-04-08 13:00:00.000000,TechCorp_253,Enterprise License,Emp_25 SaaS_25,5,10000.0,0.0
2024-04-08 12:00:00.000000,TechCorp_286,Starter Subscription,Emp_13 SaaS_13,1,50.0,0.0
2024-04-09 09:00:00.000000,TechCorp_17,Starter Subscription,Emp_2 SaaS_2,1,50.0,0.0
2024-04-09 15:00:00.000000,TechCorp_21,Pro Subscription,Emp_19 SaaS_19,1,200.0,0.0
2024-04-09 09:00:00.000000,TechCorp_44,Starter Subscription,Emp_2 SaaS_2,1,50.0,0.0
2024-04-09 15:00:00.000000,TechCorp_50,Starter Subscription,Emp_13 SaaS_13,1,50.0,0.0
2024-04-09 15:00:00.000000,TechCorp_67,Starter Subscription,Emp_29 SaaS_29,1,50.0,0.0
2024-04-09 11:00:00.000000,TechCorp_70,Starter Subscription,Emp_2 SaaS_2,1,50.0,0.0
2024-04-09 15:00:00.000000,TechCorp_71,Pro Subscription,Emp_19 SaaS_19,1,200.0,0.0
2024-04-09 15:00:00.000000,TechCorp_85,Starter Subscription,Emp_3 SaaS_3,1,50.0,0.0
2024-04-09 17:00:00.000000,TechCorp_92,Pro Subscription,Emp_21 SaaS_21,1,200.0,0.0
2024-04-09 09:00:00.000000,TechCorp_104,Starter Subscription,Emp_3 SaaS_3,1,50.0,0.0
2024-04-09 16:00:00.000000,TechCorp_115,Enterprise License,Emp_4 SaaS_4,1,2000.0,0.0
2024-04-09 14:00:00.000000,TechCorp_126,Enterprise License,Emp_0 SaaS_0,6,12000.0,0.0
2024-04-09 13:00:00.000000,TechCorp_143,Starter Subscription,Emp_19 SaaS_19,1,50.0,0.0
2024-04-09 13:00:00.000000,TechCorp_193,Enterprise License,Emp_31 SaaS_31,9,18000.0,0.0
2024-04-09 08:00:00.000000,TechCorp_214,Starter Subscription,Emp_12 SaaS_12,1,50.0,0.0
2024-04-09 16:00:00.000000,TechCorp_234,Starter Subscription,Emp_4 SaaS_4,1,50.0,0.0
2024-04-09 10:00:00.000000,TechCorp_254,Pro Subscription,Emp_12 SaaS_12,1,200.0,0.0
2024-04-09 17:00:00.000000,TechCorp_285,Starter Subscription,Emp_31 SaaS_31,1,50.0,0.0
2024-04-10 13:00:00.000000,TechCorp_9,Starter Subscription,Emp_21 SaaS_21,1,50.0,0.0
2024-04-10 15:00:00.000000,TechCorp_30,Pro Subscription,Emp_6 SaaS_6,1,200.0,0.0
2024-04-10 10:00:00.000000,TechCorp_42,Pro Subscription,Emp_4 SaaS_4,1,200.0,0.0
2024-04-10 14:00:00.000000,TechCorp_84,Pro Subscription,Emp_19 SaaS_19,1,200.0,0.0
2024-04-10 09:00:00.000000,TechCorp_101,Starter Subscription,Emp_12 SaaS_12,1,50.0,0.0
2024-04-10 10:00:00.000000,TechCorp_113,Pro Subscription,Emp_21 SaaS_21,1,200.0,0.0
2024-04-10 18:00:00.000000,TechCorp_137,Pro Subscription,Emp_0 SaaS_0,1,200.0,0.0
2024-04-10 14:00:00.000000,TechCorp_149,Starter Subscription,Emp_21 SaaS_21,1,50.0,0.0
2024-04-10 16:00:00.000000,TechCorp_174,Pro Subscription,Emp_25 SaaS_25,1,200.0,0.0
2024-04-10 15:00:00.000000,TechCorp_197,Pro Subscription,Emp_4 SaaS_4,1,200.0,0.0
2024-04-10 11:00:00.000000,TechCorp_213,Starter Subscription,Emp_29 SaaS_29,1,50.0,0.0
2024-04-10 11:00:00.000000,TechCorp_215,Starter Subscription,Emp_13 SaaS_13,1,50.0,0.0
2024-04-10 08:00:00.000000,TechCorp_224,Pro Subscription,Emp_2 SaaS_2,1,200.0,0.0
2024-04-10 16:00:00.000000,TechCorp_229,Pro Subscription,Emp_31 SaaS_31,1,200.0,0.0
2024-04-10 17:00:00.000000,TechCorp_240,Pro Subscription,Emp_4 SaaS_4,1,200.0,0.0
2024-04-10 11:00:00.000000,TechCorp_276,Pro Subscription,Emp_3 SaaS_3,1,200.0,0.0
2024-04-11 10:00:00.000000,TechCorp_9,Starter Subscription,Emp_25 SaaS_25,1,50.0,0.0
2024-04-11 09:00:00.000000,TechCorp_33,Enterprise License,Emp_13 SaaS_13,7,14000.0,0.0
2024-04-11 12:00:00.000000,TechCorp_80,Enterprise License,Emp_29 SaaS_29,10,20000.0,0.0
2024-04-11 17:00:00.000000,TechCorp_102,Pro Subscription,Emp_2 SaaS_2,1,200.0,0.0
2024-04-11 08:00:00.000000,TechCorp_122,Starter Subscription,Emp_12 SaaS_12,1,50.0,0.0
2024-04-11 09:00:00.000000,TechCorp_244,Pro Subscription,Emp_6 SaaS_6,1,200.0,0.0
2024-04-11 17:00:00.000000,TechCorp_264,Pro Subscription,Emp_19 SaaS_19,1,200.0,0.0
2024-04-12 13:00:00.000000,TechCorp_10,Pro Subscription,Emp_6 SaaS_6,1,200.0,0.0
2024-04-12 10:00:00.000000,TechCorp_23,Pro Subscription,Emp_25 SaaS_25,1,200.0,0.0
2024-04-12 17:00:00.000000,TechCorp_50,Starter Subscription,Emp_13 SaaS_13,1,50.0,0.0
2024-04-12 14:00:00.000000,TechCorp_96,Starter Subscription,Emp_12 SaaS_12,1,50.0,0.0
2024-04-12 17:00:00.000000,TechCorp_107,Starter Subscription,Emp_29 SaaS_29,1,50.0,0.0
2024-04-12 16:00:00.000000,TechCorp_155,Starter Subscription,Emp_13 SaaS_13,1,50.0,0.0
2024-04-12 18:00:00.000000,TechCorp_193,Enterprise License,Emp_29 SaaS_29,7,14000.0,0.0
2024-04-12 11:00:00.000000,TechCorp_206,Enterprise License,Emp_13 SaaS_13,3,6000.0,0.0
2024-04-12 13:00:00.000000,TechCorp_218,Starter Subscription,Emp_6 SaaS_6,1,50.0,0.0
2024-04-12 17:00:00.000000,TechCorp_278,Starter Subscription,Emp_21 SaaS_21,1,50.0,0.0
2024-04-12 13:00:00.000000,TechCorp_296,Pro Subscription,Emp_13 SaaS_13,1,200.0,0.0
2024-04-13 15:00:00.000000,TechCorp_27,Pro Subscription,Emp_13 SaaS_13,1,200.0,0.0
2024-04-13 09:00:00.000000,TechCorp_51,Pro Subscription,Emp_3 SaaS_3,1,200.0,0.0
2024-04-13 18:00:00.000000,TechCorp_63,Pro Subscription,Emp_12 SaaS_12,1,200.0,0.0
2024-04-13 08:00:00.000000,TechCorp_87,Pro Subscription,Emp_31 SaaS_31,1,200.0,0.0
2024-04-13 15:00:00.000000,TechCorp_97,Enterprise License,Emp_19 SaaS_19,7,14000.0,0.0
2024-04-13 14:00:00.000000,TechCorp_144,Starter Subscription,Emp_19 SaaS_19,1,50.0,0.0
2024-04-13 17:00:00.000000,TechCorp_202,Pro Subscription,Emp_31 SaaS_31,1,200.0,0.0
2024-04-13 11:00:00.000000,TechCorp_248,Starter Subscription,Emp_19 SaaS_19,1,50.0,0.0
2024-04-13 16:00:00.000000,TechCorp_293,Pro Subscription,Emp_19 SaaS_19,1,200.0,0.0
2024-04-14 16:00:00.000000,TechCorp_35,Enterprise License,Emp_3 SaaS_3,5,10000.0,0.0
2024-04-14 09:00:00.000000,TechCorp_52,Starter Subscription,Emp_13 SaaS_13,1,50.0,0.0
2024-04-14 13:00:00.000000,TechCorp_62,Starter Subscription,Emp_12 SaaS_12,1,50.0,0.0
2024-04-14 16:00:00.000000,TechCorp_82,Starter Subscription,Emp_6 SaaS_6,1,50.0,0.0
2024-04-14 18:00:00.000000,TechCorp_98,Starter Subscription,Emp_25 SaaS_25,1,50.0,0.0
2024-04-14 18:00:00.000000,TechCorp_108,Pro Subscription,Emp_25 SaaS_25,1,200.0,0.0
2024-04-14 15:00:00.000000,TechCorp_113,Pro Subscription,Emp_3 SaaS_3,1,200.0,0.0
2024-04-14 11:00:00.000000,TechCorp_119,Starter Subscription,Emp_12 SaaS_12,1,50.0,0.0
2024-04-14 18:00:00.000000,TechCorp_186,Starter Subscription,Emp_31 SaaS_31,1,50.0,0.0
2024-04-14 15:00:00.000000,TechCorp_190,Pro Subscription,Emp_29 SaaS_29,1,200.0,0.0
2024-04-14 16:00:00.000000,TechCorp_192,Starter Subscription,Emp_19 SaaS_19,1,50.0,0.0
2024-04-14 11:00:00.000000,TechCorp_214,Starter Subscription,Emp_31 SaaS_31,1,50.0,0.0
2024-04-14 12:00:00.000000,TechCorp_249,Pro Subscription,Emp_29 SaaS_29,1,200.0,0.0
2024-04-14 15:00:00.000000,TechCorp_254,Pro Subscription,Emp_4 SaaS_4,1,200.0,0.0
2024-04-14 15:00:00.000000,TechCorp_267,Pro Subscription,Emp_12 SaaS_12,1,200.0,0.0
2024-04-14 10:00:00.000000,TechCorp_270,Pro Subscription,Emp_25 SaaS_25,1,200.0,0.0
2024-04-14 10:00:00.000000,TechCorp_294,Pro Subscription,Emp_25 SaaS_25,1,200.0,0.0
2024-04-15 10:00:00.000000,TechCorp_39,Starter Subscription,Emp_4 SaaS_4,1,50.0,0.0
2024-04-15 11:00:00.000000,TechCorp_47,Pro Subscription,Emp_12 SaaS_12,1,200.0,0.0
2024-04-15 17:00:00.000000,TechCorp_54,Starter Subscription,Emp_19 SaaS_19,1,50.0,0.0
2024-04-15 15:00:00.000000,TechCorp_74,Pro Subscription,Emp_12 SaaS_12,1,200.0,0.0
2024-04-15 11:00:00.000000,TechCorp_81,Pro Subscription,Emp_25 SaaS_25,1,200.0,0.0
2024-04-15 12:00:00.000000,TechCorp_111,Pro Subscription,Emp_29 SaaS_29,1,200.0,0.0
2024-04-15 17:00:00.000000,TechCorp_131,Starter Subscription,Emp_12 SaaS_12,1,50.0,0.0
2024-04-15 14:00:00.000000,TechCorp_147,Pro Subscription,Emp_21 SaaS_21,1,200.0,0.0
2024-04-15 15:00:00.000000,TechCorp_198,Pro Subscription,Emp_6 SaaS_6,1,200.0,0.0
2024-04-15 09:00:00.000000,TechCorp_200,Pro Subscription,Emp_29 SaaS_29,1,200.0,0.0
2024-04-15 18:00:00.000000,TechCorp_202,Pro Subscription,Emp_21 SaaS_21,1,200.0,0.0
2024-04-15 15:00:00.000000,TechCorp_205,Starter Subscription,Emp_2 SaaS_2,1,50.0,0.0
2024-04-15 16:00:00.000000,TechCorp_222,Pro Subscription,Emp_21 SaaS_21,1,200.0,0.0
2024-04-16 18:00:00.000000,TechCorp_12,Pro Subscription,Emp_3 SaaS_3,1,200.0,0.0
2024-04-16 09:00:00.000000,TechCorp_68,Pro Subscription,Emp_0 SaaS_0,1,200.0,0.0
2024-04-16 15:00:00.000000,TechCorp_88,Pro Subscription,Emp_29 SaaS_29,1,200.0,0.0
2024-04-16 12:00:00.000000,TechCorp_115,Enterprise License,Emp_12 SaaS_12,3,6000.0,0.0
2024-04-16 14:00:00.000000,TechCorp_163,Pro Subscription,Emp_3 SaaS_3,1,200.0,0.0
2024-04-16 17:00:00.000000,TechCorp_213,Starter Subscription,Emp_19 SaaS_19,1,50.0,0.0
2024-04-16 17:00:00.000000,TechCorp_224,Pro Subscription,Emp_19 SaaS_19,1,200.0,0.0
2024-04-16 11:00:00.000000,TechCorp_230,Pro Subscription,Emp_0 SaaS_0,1,200.0,0.0
2024-04-16 17:00:00.000000,TechCorp_239,Starter Subscription,Emp_31 SaaS_31,1,50.0,0.0
2024-04-16 13:00:00.000000,TechCorp_241,Pro Subscription,Emp_6 SaaS_6,1,200.0,0.0
2024-04-16 16:00:00.000000,TechCorp_248,Starter Subscription,Emp_21 SaaS_21,1,50.0,0.0
2024-04-16 14:00:00.000000,TechCorp_288,Pro Subscription,Emp_2 SaaS_2,1,200.0,0.0
2024-04-17 11:00:00.000000,TechCorp_36,Starter Subscription,Emp_21 SaaS_21,1,50.0,0.0
2024-04-17 17:00:00.000000,TechCorp_52,Starter Subscription,Emp_3 SaaS_3,1,50.0,0.0
2024-04-17 08:00:00.000000,TechCorp_84,Pro Subscription,Emp_13 SaaS_13,1,200.0,0.0
2024-04-17 09:00:00.000000,TechCorp_100,Starter Subscription,Emp_25 SaaS_25,1,50.0,0.0
2024-04-17 11:00:00.000000,TechCorp_104,Starter Subscription,Emp_21 SaaS_21,1,50.0,0.0
2024-04-17 13:00:00.000000,TechCorp_111,Pro Subscription,Emp_4 SaaS_4,1,200.0,0.0
2024-04-17 13:00:00.000000,TechCorp_114,Starter Subscription,Emp_31 SaaS_31,1,50.0,0.0
2024-04-17 18:00:00.000000,TechCorp_163,Pro Subscription,Emp_29 SaaS_29,1,200.0,0.0
2024-04-17 15:00:00.000000,TechCorp_215,Starter Subscription,Emp_4 SaaS_4,1,50.0,0.0
2024-04-17 11:00:00.000000,TechCorp_217,Starter Subscription,Emp_3 SaaS_3,1,50.0,0.0
2024-04-17 13:00:00.000000,TechCorp_249,Pro Subscription,Emp_12 SaaS_12,1,200.0,0.0
2024-04-17 18:00:00.000000,TechCorp_250,Starter Subscription,Emp_13 SaaS_13,1,50.0,0.0
2024-04-17 08:00:00.000000,TechCorp_271,Pro Subscription,Emp_4 SaaS_4,1,200.0,0.0
2024-04-17 10:00:00.000000,TechCorp_295,Starter Subscription,Emp_25 SaaS_25,1,50.0,0.0
2024-04-18 10:00:00.000000,TechCorp_11,Pro Subscription,Emp_0 SaaS_0,1,200.0,0.0
2024-04-18 13:00:00.000000,TechCorp_19,Starter Subscription,Emp_29 SaaS_29,1,50.0,0.0
2024-04-18 11:00:00.000000,TechCorp_39,Starter Subscription,Emp_4 SaaS_4,1,50.0,0.0
2024-04-18 09:00:00.000000,TechCorp_45,Pro Subscription,Emp_31 SaaS_31,1,200.0,0.0
2024-04-18 14:00:00.000000,TechCorp_57,Pro Subscription,Emp_2 SaaS_2,1,200.0,0.0
2024-04-18 14:00:00.000000,TechCorp_75,Starter Subscription,Emp_3 SaaS_3,1,50.0,0.0
2024-04-18 12:00:00.000000,TechCorp_93,Pro Subscription,Emp_29 SaaS_29,1,200.0,0.0
2024-04-18 18:00:00.000000,TechCorp_95,Starter Subscription,Emp_0 SaaS_0,1,50.0,0.0
2024-04-18 12:00:00.000000,TechCorp_131,Starter Subscription,Emp_0 SaaS_0,1,50.0,0.0
2024-04-18 10:00:00.000000,TechCorp_138,Starter Subscription,Emp_29 SaaS_29,1,50.0,0.0
2024-04-18 10:00:00.000000,TechCorp_152,Pro Subscription,Emp_0 SaaS_0,1,200.0,0.0
2024-04-18 16:00:00.000000,TechCorp_202,Pro Subscription,Emp_3 SaaS_3,1,200.0,0.0
2024-04-18 10:00:00.000000,TechCorp_210,Pro Subscription,Emp_12 SaaS_12,1,200.0,0.0
2024-04-18 13:00:00.000000,TechCorp_252,Pro Subscription,Emp_6 SaaS_6,1,200.0,0.0
2024-04-18 13:00:00.000000,TechCorp_254,Pro Subscription,Emp_6 SaaS_6,1,200.0,0.0
2024-04-18 12:00:00.000000,TechCorp_272,Starter Subscription,Emp_25 SaaS_25,1,50.0,0.0
2024-04-18 09:00:00.000000,TechCorp_276,Pro Subscription,Emp_21 SaaS_21,1,200.0,0.0
2024-04-18 08:00:00.000000,TechCorp_278,Starter Subscription,Emp_4 SaaS_4,1,50.0,0.0
2024-04-19 10:00:00.000000,TechCorp_16,Enterprise License,Emp_3 SaaS_3,5,10000.0,0.0
2024-04-19 11:00:00.000000,TechCorp_19,Starter Subscription,Emp_19 SaaS_19,1,50.0,0.0
2024-04-19 09:00:00.000000,TechCorp_23,Pro Subscription,Emp_6 SaaS_6,1,200.0,0.0
2024-04-19 11:00:00.000000,TechCorp_46,Enterprise License,Emp_31 SaaS_31,1,2000.0,0.0
2024-04-19 09:00:00.000000,TechCorp_179,Enterprise License,Emp_31 SaaS_31,8,16000.0,0.0
2024-04-19 14:00:00.000000,TechCorp_187,Starter Subscription,Emp_31 SaaS_31,1,50.0,0.0
2024-04-19 13:00:00.000000,TechCorp_216,Starter Subscription,Emp_2 SaaS_2,1,50.0,0.0
2024-04-19 15:00:00.000000,TechCorp_255,Starter Subscription,Emp_2 SaaS_2,1,50.0,0.0
2024-04-20 09:00:00.000000,TechCorp_16,Enterprise License,Emp_31 SaaS_31,3,6000.0,0.0
2024-04-20 14:00:00.000000,TechCorp_101,Starter Subscription,Emp_4 SaaS_4,1,50.0,0.0
2024-04-20 08:00:00.000000,TechCorp_128,Starter Subscription,Emp_12 SaaS_12,1,50.0,0.0
2024-04-20 16:00:00.000000,TechCorp_141,Starter Subscription,Emp_6 SaaS_6,1,50.0,0.0
2024-04-20 09:00:00.000000,TechCorp_161,Starter Subscription,Emp_2 SaaS_2,1,50.0,0.0
2024-04-20 12:00:00.000000,TechCorp_242,Starter Subscription,Emp_31 SaaS_31,1,50.0,0.0
2024-04-20 10:00:00.000000,TechCorp_250,Starter Subscription,Emp_19 SaaS_19,1,50.0,0.0
2024-04-20 08:00:00.000000,TechCorp_255,Starter Subscription,Emp_29 SaaS_29,1,50.0,0.0
2024-04-20 09:00:00.000000,TechCorp_275,Starter Subscription,Emp_2 SaaS_2,1,50.0,0.0
2024-04-21 15:00:00.000000,TechCorp_5,Enterprise License,Emp_0 SaaS_0,8,16000.0,0.0
2024-04-21 17:00:00.000000,TechCorp_41,Pro Subscription,Emp_3 SaaS_3,1,200.0,0.0
2024-04-21 13:00:00.000000,TechCorp_56,Enterprise License,Emp_6 SaaS_6,4,8000.0,0.0
2024-04-21 15:00:00.000000,TechCorp_58,Starter Subscription,Emp_25 SaaS_25,1,50.0,0.0
2024-04-21 10:00:00.000000,TechCorp_83,Starter Subscription,Emp_0 SaaS_0,1,50.0,0.0
2024-04-21 15:00:00.000000,TechCorp_109,Pro Subscription,Emp_12 SaaS_12,1,200.0,0.0
2024-04-21 13:00:00.000000,TechCorp_152,Pro Subscription,Emp_12 SaaS_12,1,200.0,0.0
2024-04-21 14:00:00.000000,TechCorp_155,Starter Subscription,Emp_0 SaaS_0,1,50.0,0.0
2024-04-21 10:00:00.000000,TechCorp_192,Starter Subscription,Emp_0 SaaS_0,1,50.0,0.0
2024-04-21 08:00:00.000000,TechCorp_211,Starter Subscription,Emp_25 SaaS_25,1,50.0,0.0
2024-04-21 13:00:00.000000,TechCorp_234,Starter Subscription,Emp_19 SaaS_19,1,50.0,0.0
2024-04-21 11:00:00.000000,TechCorp_270,Pro Subscription,Emp_29 SaaS_29,1,200.0,0.0
2024-04-22 09:00:00.000000,TechCorp_56,Enterprise License,Emp_19 SaaS_19,5,10000.0,0.0
2024-04-22 18:00:00.000000,TechCorp_67,Starter Subscription,Emp_0 SaaS_0,1,50.0,0.0
2024-04-22 12:00:00.000000,TechCorp_73,Starter Subscription,Emp_0 SaaS_0,1,50.0,0.0
2024-04-22 11:00:00.000000,TechCorp_83,Starter Subscription,Emp_21 SaaS_21,1,50.0,0.0
2024-04-22 10:00:00.000000,TechCorp_91,Starter Subscription,Emp_6 SaaS_6,1,50.0,0.0
2024-04-22 18:00:00.000000,TechCorp_95,Starter Subscription,Emp_13 SaaS_13,1,50.0,0.0
2024-04-22 17:00:00.000000,TechCorp_102,Pro Subscription,Emp_12 SaaS_12,1,200.0,0.0
2024-04-22 10:00:00.000000,TechCorp_156,Starter Subscription,Emp_29 SaaS_29,1,50.0,0.0
2024-04-22 12:00:00.000000,TechCorp_160,Starter Subscription,Emp_31 SaaS_31,1,50.0,0.0
2024-04-22 09:00:00.000000,TechCorp_189,Pro Subscription,Emp_31 SaaS_31,1,200.0,0.0
2024-04-22 08:00:00.000000,TechCorp_195,Starter Subscription,Emp_25 SaaS_25,1,50.0,0.0
2024-04-22 14:00:00.000000,TechCorp_217,Starter Subscription,Emp_13 SaaS_13,1,50.0,0.0
2024-04-22 12:00:00.000000,TechCorp_242,Starter Subscription,Emp_29 SaaS_29,1,50.0,0.0
2024-04-22 08:00:00.000000,TechCorp_255,Starter Subscription,Emp_0 SaaS_0,1,50.0,0.0
2024-04-23 09:00:00.000000,TechCorp_9,Starter Subscription,Emp_31 SaaS_31,1,50.0,0.0
2024-04-23 10:00:00.000000,TechCorp_22,Enterprise License,Emp_0 SaaS_0,1,2000.0,0.0
2024-04-23 15:00:00.000000,TechCorp_55,Pro Subscription,Emp_12 SaaS_12,1,200.0,0.0
2024-04-23 11:00:00.000000,TechCorp_86,Starter Subscription,Emp_29 SaaS_29,1,50.0,0.0
2024-04-23 16:00:00.000000,TechCorp_101,Starter Subscription,Emp_4 SaaS_4,1,50.0,0.0
2024-04-23 11:00:00.000000,TechCorp_104,Starter Subscription,Emp_2 SaaS_2,1,50.0,0.0
2024-04-23 13:00:00.000000,TechCorp_140,Starter Subscription,Emp_6 SaaS_6,1,50.0,0.0
2024-04-23 14:00:00.000000,TechCorp_160,Starter Subscription,Emp_31 SaaS_31,1,50.0,0.0
2024-04-23 08:00:00.000000,TechCorp_180,Starter Subscription,Emp_2 SaaS_2,1,50.0,0.0
2024-04-23 10:00:00.000000,TechCorp_201,Starter Subscription,Emp_13 SaaS_13,1,50.0,0.0
2024-04-23 09:00:00.000000,TechCorp_270,Pro Subscription,Emp_12 SaaS_12,1,200.0,0.0
2024-04-23 14:00:00.000000,TechCorp_275,Starter Subscription,Emp_6 SaaS_6,1,50.0,0.0
2024-04-24 15:00:00.000000,TechCorp_5,Enterprise License,Emp_13 SaaS_13,5,10000.0,0.0
2024-04-24 10:00:00.000000,TechCorp_45,Pro Subscription,Emp_6 SaaS_6,1,200.0,0.0
2024-04-24 18:00:00.000000,TechCorp_55,Pro Subscription,Emp_25 SaaS_25,1,200.0,0.0
2024-04-24 16:00:00.000000,TechCorp_70,Starter Subscription,Emp_13 SaaS_13,1,50.0,0.0
2024-04-24 18:00:00.000000,TechCorp_91,Starter Subscription,Emp_12 SaaS_12,1,50.0,0.0
2024-04-24 18:00:00.000000,TechCorp_110,Starter Subscription,Emp_19 SaaS_19,1,50.0,0.0
2024-04-24 16:00:00.000000,TechCorp_157,Starter Subscription,Emp_4 SaaS_4,1,50.0,0.0
2024-04-24 15:00:00.000000,TechCorp_159,Starter Subscription,Emp_13 SaaS_13,1,50.0,0.0
2024-04-24 15:00:00.000000,TechCorp_169,Starter Subscription,Emp_4 SaaS_4,1,50.0,0.0
2024-04-24 13:00:00.000000,TechCorp_182,Starter Subscription,Emp_29 SaaS_29,1,50.0,0.0
2024-04-24 17:00:00.000000,TechCorp_197,Pro Subscription,Emp_21 SaaS_21,1,200.0,0.0
2024-04-24 12:00:00.000000,TechCorp_263,Starter Subscription,Emp_2 SaaS_2,1,50.0,0.0
2024-04-24 09:00:00.000000,TechCorp_272,Starter Subscription,Emp_29 SaaS_29,1,50.0,0.0
2024-04-24 08:00:00.000000,TechCorp_274,Starter Subscription,Emp_29 SaaS_29,1,50.0,0.0
2024-04-24 16:00:00.000000,TechCorp_284,Starter Subscription,Emp_2 SaaS_2,1,50.0,0.0
2024-04-24 14:00:00.000000,TechCorp_285,Starter Subscription,Emp_31 SaaS_31,1,50.0,0.0
2024-04-25 10:00:00.000000,TechCorp_10,Pro Subscription,Emp_13 SaaS_13,1,200.0,0.0
2024-04-25 17:00:00.000000,TechCorp_19,Starter Subscription,Emp_19 SaaS_19,1,50.0,0.0
2024-04-25 12:00:00.000000,TechCorp_100,Starter Subscription,Emp_19 SaaS_19,1,50.0,0.0
2024-04-25 15:00:00.000000,TechCorp_104,Starter Subscription,Emp_12 SaaS_12,1,50.0,0.0
2024-04-25 14:00:00.000000,TechCorp_105,Starter Subscription,Emp_0 SaaS_0,1,50.0,0.0
2024-04-25 15:00:00.000000,TechCorp_108,Pro Subscription,Emp_21 SaaS_21,1,200.0,0.0
2024-04-25 16:00:00.000000,TechCorp_150,Starter Subscription,Emp_0 SaaS_0,1,50.0,0.0
2024-04-25 14:00:00.000000,TechCorp_159,Starter Subscription,Emp_29 SaaS_29,1,50.0,0.0
2024-04-25 15:00:00.000000,TechCorp_161,Starter Subscription,Emp_29 SaaS_29,1,50.0,0.0
2024-04-25 15:00:00.000000,TechCorp_172,Pro Subscription,Emp_29 SaaS_29,1,200.0,0.0
2024-04-25 10:00:00.000000,TechCorp_202,Pro Subscription,Emp_13 SaaS_13,1,200.0,0.0
2024-04-25 10:00:00.000000,TechCorp_216,Starter Subscription,Emp_6 SaaS_6,1,50.0,0.0
2024-04-25 10:00:00.000000,TechCorp_221,Starter Subscription,Emp_21 SaaS_21,1,50.0,0.0
2024-04-25 11:00:00.000000,TechCorp_229,Pro Subscription,Emp_21 SaaS_21,1,200.0,0.0
2024-04-25 18:00:00.000000,TechCorp_248,Starter Subscription,Emp_6 SaaS_6,1,50.0,0.0
2024-04-25 09:00:00.000000,TechCorp_253,Enterprise License,Emp_4 SaaS_4,2,4000.0,0.0
2024-04-26 16:00:00.000000,TechCorp_0,Pro Subscription,Emp_3 SaaS_3,1,200.0,0.0
2024-04-26 09:00:00.000000,TechCorp_4,Starter Subscription,Emp_0 SaaS_0,1,50.0,0.0
2024-04-26 18:00:00.000000,TechCorp_11,Pro Subscription,Emp_2 SaaS_2,1,200.0,0.0
2024-04-26 17:00:00.000000,TechCorp_13,Enterprise License,Emp_6 SaaS_6,4,8000.0,0.0
2024-04-26 09:00:00.000000,TechCorp_22,Enterprise License,Emp_21 SaaS_21,8,16000.0,0.0
2024-04-26 12:00:00.000000,TechCorp_28,Starter Subscription,Emp_12 SaaS_12,1,50.0,0.0
2024-04-26 12:00:00.000000,TechCorp_36,Starter Subscription,Emp_6 SaaS_6,1,50.0,0.0
2024-04-26 13:00:00.000000,TechCorp_116,Starter Subscription,Emp_0 SaaS_0,1,50.0,0.0
2024-04-26 12:00:00.000000,TechCorp_132,Pro Subscription,Emp_4 SaaS_4,1,200.0,0.0
2024-04-26 11:00:00.000000,TechCorp_193,Enterprise License,Emp_12 SaaS_12,1,2000.0,0.0
2024-04-26 18:00:00.000000,TechCorp_198,Pro Subscription,Emp_19 SaaS_19,1,200.0,0.0
2024-04-26 12:00:00.000000,TechCorp_207,Starter Subscription,Emp_29 SaaS_29,1,50.0,0.0
2024-04-26 10:00:00.000000,TechCorp_211,Starter Subscription,Emp_13 SaaS_13,1,50.0,0.0
2024-04-26 11:00:00.000000,TechCorp_250,Starter Subscription,Emp_6 SaaS_6,1,50.0,0.0
2024-04-26 15:00:00.000000,TechCorp_260,Starter Subscription,Emp_13 SaaS_13,1,50.0,0.0
2024-04-27 12:00:00.000000,TechCorp_30,Pro Subscription,Emp_4 SaaS_4,1,200.0,0.0
2024-04-27 11:00:00.000000,TechCorp_92,Pro Subscription,Emp_21 SaaS_21,1,200.0,0.0
2024-04-27 11:00:00.000000,TechCorp_121,Pro Subscription,Emp_6 SaaS_6,1,200.0,0.0
2024-04-27 14:00:00.000000,TechCorp_123,Starter Subscription,Emp_2 SaaS_2,1,50.0,0.0
2024-04-27 17:00:00.000000,TechCorp_145,Starter Subscription,Emp_31 SaaS_31,1,50.0,0.0
2024-04-27 18:00:00.000000,TechCorp_146,Starter Subscription,Emp_6 SaaS_6,1,50.0,0.0
2024-04-27 16:00:00.000000,TechCorp_181,Starter Subscription,Emp_0 SaaS_0,1,50.0,0.0
2024-04-27 14:00:00.000000,TechCorp_187,Starter Subscription,Emp_12 SaaS_12,1,50.0,0.0
2024-04-27 16:00:00.000000,TechCorp_203,Starter Subscription,Emp_25 SaaS_25,1,50.0,0.0
2024-04-27 14:00:00.000000,TechCorp_225,Enterprise License,Emp_25 SaaS_25,8,16000.0,0.0
2024-04-27 09:00:00.000000,TechCorp_231,Pro Subscription,Emp_12 SaaS_12,1,200.0,0.0
2024-04-27 12:00:00.000000,TechCorp_250,Starter Subscription,Emp_12 SaaS_12,1,50.0,0.0
2024-04-27 16:00:00.000000,TechCorp_269,Starter Subscription,Emp_29 SaaS_29,1,50.0,0.0
2024-04-27 14:00:00.000000,TechCorp_284,Starter Subscription,Emp_29 SaaS_29,1,50.0,0.0
2024-04-28 12:00:00.000000,TechCorp_16,Enterprise License,Emp_0 SaaS_0,8,16000.0,0.0
2024-04-28 18:00:00.000000,TechCorp_26,Starter Subscription,Emp_4 SaaS_4,1,50.0,0.0
2024-04-28 13:00:00.000000,TechCorp_28,Starter Subscription,Emp_19 SaaS_19,1,50.0,0.0
2024-04-28 13:00:00.000000,TechCorp_71,Pro Subscription,Emp_3 SaaS_3,1,200.0,0.0
2024-04-28 13:00:00.000000,TechCorp_81,Pro Subscription,Emp_19 SaaS_19,1,200.0,0.0
2024-04-28 18:00:00.000000,TechCorp_150,Starter Subscription,Emp_21 SaaS_21,1,50.0,0.0
2024-04-28 15:00:00.000000,TechCorp_159,Starter Subscription,Emp_2 SaaS_2,1,50.0,0.0
2024-04-28 18:00:00.000000,TechCorp_229,Pro Subscription,Emp_6 SaaS_6,1,200.0,0.0
2024-04-28 16:00:00.000000,TechCorp_239,Starter Subscription,Emp_19 SaaS_19,1,50.0,0.0
2024-04-28 18:00:00.000000,TechCorp_240,Pro Subscription,Emp_4 SaaS_4,1,200.0,0.0
2024-04-28 14:00:00.000000,TechCorp_252,Pro Subscription,Emp_21 SaaS_21,1,200.0,0.0
2024-04-28 13:00:00.000000,TechCorp_262,Starter Subscription,Emp_19 SaaS_19,1,50.0,0.0
2024-04-28 08:00:00.000000,TechCorp_265,Pro Subscription,Emp_29 SaaS_29,1,200.0,0.0
2024-04-28 08:00:00.000000,TechCorp_267,Pro Subscription,Emp_0 SaaS_0,1,200.0,0.0
2024-04-28 14:00:00.000000,TechCorp_271,Pro Subscription,Emp_3 SaaS_3,1,200.0,0.0
2024-04-28 14:00:00.000000,TechCorp_275,Starter Subscription,Emp_21 SaaS_21,1,50.0,0.0
2024-04-28 18:00:00.000000,TechCorp_291,Starter Subscription,Emp_6 SaaS_6,1,50.0,0.0
2024-04-29 12:00:00.000000,TechCorp_5,Enterprise License,Emp_29 SaaS_29,7,14000.0,0.0
2024-04-29 13:00:00.000000,TechCorp_17,Starter Subscription,Emp_19 SaaS_19,1,50.0,0.0
2024-04-29 18:00:00.000000,TechCorp_63,Pro Subscription,Emp_0 SaaS_0,1,200.0,0.0
2024-04-29 14:00:00.000000,TechCorp_83,Starter Subscription,Emp_2 SaaS_2,1,50.0,0.0
2024-04-29 12:00:00.000000,TechCorp_95,Starter Subscription,Emp_3 SaaS_3,1,50.0,0.0
2024-04-29 14:00:00.000000,TechCorp_96,Starter Subscription,Emp_12 SaaS_12,1,50.0,0.0
2024-04-29 17:00:00.000000,TechCorp_105,Starter Subscription,Emp_25 SaaS_25,1,50.0,0.0
2024-04-29 13:00:00.000000,TechCorp_149,Starter Subscription,Emp_12 SaaS_12,1,50.0,0.0
2024-04-29 09:00:00.000000,TechCorp_157,Starter Subscription,Emp_19 SaaS_19,1,50.0,0.0
2024-04-29 16:00:00.000000,TechCorp_158,Starter Subscription,Emp_31 SaaS_31,1,50.0,0.0
2024-04-29 15:00:00.000000,TechCorp_220,Enterprise License,Emp_6 SaaS_6,1,2000.0,0.0
2024-04-29 11:00:00.000000,TechCorp_232,Starter Subscription,Emp_0 SaaS_0,1,50.0,0.0
2024-04-29 18:00:00.000000,TechCorp_257,Pro Subscription,Emp_0 SaaS_0,1,200.0,0.0
2024-04-29 16:00:00.000000,TechCorp_274,Starter Subscription,Emp_25 SaaS_25,1,50.0,0.0
2024-04-29 17:00:00.000000,TechCorp_284,Starter Subscription,Emp_13 SaaS_13,1,50.0,0.0
2024-04-30 12:00:00.000000,TechCorp_25,Starter Subscription,Emp_0 SaaS_0,1,50.0,0.0
2024-04-30 15:00:00.000000,TechCorp_86,Starter Subscription,Emp_21 SaaS_21,1,50.0,0.0
2024-04-30 15:00:00.000000,TechCorp_88,Pro Subscription,Emp_31 SaaS_31,1,200.0,0.0
2024-04-30 15:00:00.000000,TechCorp_94,Starter Subscription,Emp_2 SaaS_2,1,50.0,0.0
2024-04-30 12:00:00.000000,TechCorp_110,Starter Subscription,Emp_3 SaaS_3,1,50.0,0.0
2024-04-30 15:00:00.000000,TechCorp_130,Pro Subscription,Emp_12 SaaS_12,1,200.0,0.0
2024-04-30 16:00:00.000000,TechCorp_138,Starter Subscription,Emp_12 SaaS_12,1,50.0,0.0
2024-04-30 11:00:00.000000,TechCorp_161,Starter Subscription,Emp_31 SaaS_31,1,50.0,0.0
2024-04-30 17:00:00.000000,TechCorp_163,Pro Subscription,Emp_19 SaaS_19,1,200.0,0.0
2024-04-30 18:00:00.000000,TechCorp_228,Starter Subscription,Emp_25 SaaS_25,1,50.0,0.0
2024-04-30 18:00:00.000000,TechCorp_235,Enterprise License,Emp_0 SaaS_0,9,18000.0,0.0
2024-04-30 09:00:00.000000,TechCorp_247,Pro Subscription,Emp_2 SaaS_2,1,200.0,0.0
2024-04-30 16:00:00.000000,TechCorp_256,Starter Subscription,Emp_6 SaaS_6,1,50.0,0.0
2024-04-30 12:00:00.000000,TechCorp_280,Pro Subscription,Emp_12 SaaS_12,1,200.0,0.0
2024-04-30 11:00:00.000000,TechCorp_287,Pro Subscription,Emp_29 SaaS_29,1,200.0,0.0
2024-04-30 17:00:00.000000,TechCorp_294,Pro Subscription,Emp_4 SaaS_4,1,200.0,0.0
2024-04-30 14:00:00.000000,TechCorp_296,Pro Subscription,Emp_31 SaaS_31,1,200.0,0.0
2024-05-01 18:00:00.000000,TechCorp_49,Starter Subscription,Emp_4 SaaS_4,1,50.0,0.0
2024-05-01 10:00:00.000000,TechCorp_57,Pro Subscription,Emp_19 SaaS_19,1,200.0,0.0
2024-05-01 11:00:00.000000,TechCorp_94,Starter Subscription,Emp_3 SaaS_3,1,50.0,0.0
2024-05-01 16:00:00.000000,TechCorp_136,Pro Subscription,Emp_31 SaaS_31,1,200.0,0.0
2024-05-01 10:00:00.000000,TechCorp_140,Starter Subscription,Emp_21 SaaS_21,1,50.0,0.0
2024-05-01 11:00:00.000000,TechCorp_198,Pro Subscription,Emp_0 SaaS_0,1,200.0,0.0
2024-05-01 10:00:00.000000,TechCorp_224,Pro Subscription,Emp_2 SaaS_2,1,200.0,0.0
2024-05-01 11:00:00.000000,TechCorp_231,Pro Subscription,Emp_31 SaaS_31,1,200.0,0.0
2024-05-01 16:00:00.000000,TechCorp_244,Pro Subscription,Emp_3 SaaS_3,1,200.0,0.0
2024-05-01 18:00:00.000000,TechCorp_271,Pro Subscription,Emp_13 SaaS_13,1,200.0,0.0
2024-05-02 16:00:00.000000,TechCorp_0,Pro Subscription,Emp_3 SaaS_3,1,200.0,0.0
2024-05-02 12:00:00.000000,TechCorp_13,Enterprise License,Emp_21 SaaS_21,8,16000.0,0.0
2024-05-02 18:00:00.000000,TechCorp_25,Starter Subscription,Emp_29 SaaS_29,1,50.0,0.0
2024-05-02 12:00:00.000000,TechCorp_28,Starter Subscription,Emp_31 SaaS_31,1,50.0,0.0
2024-05-02 17:00:00.000000,TechCorp_36,Starter Subscription,Emp_12 SaaS_12,1,50.0,0.0
2024-05-02 08:00:00.000000,TechCorp_39,Starter Subscription,Emp_29 SaaS_29,1,50.0,0.0
2024-05-02 11:00:00.000000,TechCorp_94,Starter Subscription,Emp_12 SaaS_12,1,50.0,0.0
2024-05-02 14:00:00.000000,TechCorp_95,Starter Subscription,Emp_21 SaaS_21,1,50.0,0.0
2024-05-02 13:00:00.000000,TechCorp_97,Enterprise License,Emp_31 SaaS_31,2,4000.0,0.0
2024-05-02 14:00:00.000000,TechCorp_101,Starter Subscription,Emp_0 SaaS_0,1,50.0,0.0
2024-05-02 09:00:00.000000,TechCorp_137,Pro Subscription,Emp_25 SaaS_25,1,200.0,0.0
2024-05-02 18:00:00.000000,TechCorp_173,Pro Subscription,Emp_29 SaaS_29,1,200.0,0.0
2024-05-02 16:00:00.000000,TechCorp_204,Pro Subscription,Emp_21 SaaS_21,1,200.0,0.0
2024-05-02 10:00:00.000000,TechCorp_210,Pro Subscription,Emp_12 SaaS_12,1,200.0,0.0
2024-05-02 11:00:00.000000,TechCorp_228,Starter Subscription,Emp_25 SaaS_25,1,50.0,0.0
2024-05-02 17:00:00.000000,TechCorp_240,Pro Subscription,Emp_31 SaaS_31,1,200.0,0.0
2024-05-02 10:00:00.000000,TechCorp_253,Enterprise License,Emp_21 SaaS_21,4,8000.0,0.0
2024-05-02 14:00:00.000000,TechCorp_257,Pro Subscription,Emp_3 SaaS_3,1,200.0,0.0
2024-05-02 12:00:00.000000,TechCorp_264,Pro Subscription,Emp_25 SaaS_25,1,200.0,0.0
2024-05-02 10:00:00.000000,TechCorp_270,Pro Subscription,Emp_25 SaaS_25,1,200.0,0.0
2024-05-02 10:00:00.000000,TechCorp_271,Pro Subscription,Emp_19 SaaS_19,1,200.0,0.0
2024-05-02 16:00:00.000000,TechCorp_279,Pro Subscription,Emp_3 SaaS_3,1,200.0,0.0
2024-05-02 18:00:00.000000,TechCorp_280,Pro Subscription,Emp_3 SaaS_3,1,200.0,0.0
2024-05-03 16:00:00.000000,TechCorp_2,Pro Subscription,Emp_12 SaaS_12,1,200.0,0.0
2024-05-03 18:00:00.000000,TechCorp_21,Pro Subscription,Emp_12 SaaS_12,1,200.0,0.0
2024-05-03 10:00:00.000000,TechCorp_80,Enterprise License,Emp_0 SaaS_0,3,6000.0,0.0
2024-05-03 09:00:00.000000,TechCorp_105,Starter Subscription,Emp_2 SaaS_2,1,50.0,0.0
2024-05-03 17:00:00.000000,TechCorp_107,Starter Subscription,Emp_3 SaaS_3,1,50.0,0.0
2024-05-03 16:00:00.000000,TechCorp_112,Starter Subscription,Emp_21 SaaS_21,1,50.0,0.0
2024-05-03 15:00:00.000000,TechCorp_137,Pro Subscription,Emp_25 SaaS_25,1,200.0,0.0
2024-05-03 17:00:00.000000,TechCorp_172,Pro Subscription,Emp_0 SaaS_0,1,200.0,0.0
2024-05-03 12:00:00.000000,TechCorp_173,Pro Subscription,Emp_4 SaaS_4,1,200.0,0.0
2024-05-03 09:00:00.000000,TechCorp_176,Starter Subscription,Emp_13 SaaS_13,1,50.0,0.0
2024-05-03 11:00:00.000000,TechCorp_182,Starter Subscription,Emp_0 SaaS_0,1,50.0,0.0
2024-05-03 11:00:00.000000,TechCorp_218,Starter Subscription,Emp_19 SaaS_19,1,50.0,0.0
2024-05-03 13:00:00.000000,TechCorp_259,Starter Subscription,Emp_6 SaaS_6,1,50.0,0.0
2024-05-03 14:00:00.000000,TechCorp_266,Starter Subscription,Emp_31 SaaS_31,1,50.0,0.0
2024-05-03 15:00:00.000000,TechCorp_277,Enterprise License,Emp_25 SaaS_25,8,16000.0,0.0
2024-05-04 09:00:00.000000,TechCorp_48,Pro Subscription,Emp_25 SaaS_25,1,200.0,0.0
2024-05-04 16:00:00.000000,TechCorp_74,Pro Subscription,Emp_12 SaaS_12,1,200.0,0.0
2024-05-04 08:00:00.000000,TechCorp_80,Enterprise License,Emp_13 SaaS_13,4,8000.0,0.0
2024-05-04 14:00:00.000000,TechCorp_133,Pro Subscription,Emp_29 SaaS_29,1,200.0,0.0
2024-05-04 08:00:00.000000,TechCorp_144,Starter Subscription,Emp_4 SaaS_4,1,50.0,0.0
2024-05-04 12:00:00.000000,TechCorp_145,Starter Subscription,Emp_29 SaaS_29,1,50.0,0.0
2024-05-04 10:00:00.000000,TechCorp_149,Starter Subscription,Emp_4 SaaS_4,1,50.0,0.0
2024-05-04 10:00:00.000000,TechCorp_189,Pro Subscription,Emp_0 SaaS_0,1,200.0,0.0
2024-05-04 11:00:00.000000,TechCorp_190,Pro Subscription,Emp_29 SaaS_29,1,200.0,0.0
2024-05-04 17:00:00.000000,TechCorp_203,Starter Subscription,Emp_19 SaaS_19,1,50.0,0.0
2024-05-04 10:00:00.000000,TechCorp_214,Starter Subscription,Emp_12 SaaS_12,1,50.0,0.0
2024-05-04 11:00:00.000000,TechCorp_230,Pro Subscription,Emp_6 SaaS_6,1,200.0,0.0
2024-05-04 14:00:00.000000,TechCorp_241,Pro Subscription,Emp_12 SaaS_12,1,200.0,0.0
2024-05-04 08:00:00.000000,TechCorp_247,Pro Subscription,Emp_31 SaaS_31,1,200.0,0.0
2024-05-04 16:00:00.000000,TechCorp_249,Pro Subscription,Emp_29 SaaS_29,1,200.0,0.0
2024-05-04 12:00:00.000000,TechCorp_264,Pro Subscription,Emp_19 SaaS_19,1,200.0,0.0
2024-05-05 16:00:00.000000,TechCorp_2,Pro Subscription,Emp_6 SaaS_6,1,200.0,0.0
2024-05-05 12:00:00.000000,TechCorp_5,Enterprise License,Emp_13 SaaS_13,5,10000.0,0.0
2024-05-05 15:00:00.000000,TechCorp_15,Pro Subscription,Emp_29 SaaS_29,1,200.0,0.0
2024-05-05 13:00:00.000000,TechCorp_44,Starter Subscription,Emp_19 SaaS_19,1,50.0,0.0
2024-05-05 16:00:00.000000,TechCorp_53,Starter Subscription,Emp_0 SaaS_0,1,50.0,0.0
2024-05-05 18:00:00.000000,TechCorp_88,Pro Subscription,Emp_3 SaaS_3,1,200.0,0.0
2024-05-05 12:00:00.000000,TechCorp_98,Starter Subscription,Emp_4 SaaS_4,1,50.0,0.0
2024-05-05 08:00:00.000000,TechCorp_111,Pro Subscription,Emp_25 SaaS_25,1,200.0,0.0
2024-05-05 17:00:00.000000,TechCorp_123,Starter Subscription,Emp_0 SaaS_0,1,50.0,0.0
2024-05-05 17:00:00.000000,TechCorp_146,Starter Subscription,Emp_2 SaaS_2,1,50.0,0.0
2024-05-05 15:00:00.000000,TechCorp_148,Starter Subscription,Emp_4 SaaS_4,1,50.0,0.0
2024-05-05 15:00:00.000000,TechCorp_162,Enterprise License,Emp_31 SaaS_31,2,4000.0,0.0
2024-05-05 18:00:00.000000,TechCorp_169,Starter Subscription,Emp_31 SaaS_31,1,50.0,0.0
2024-05-05 12:00:00.000000,TechCorp_227,Starter Subscription,Emp_12 SaaS_12,1,50.0,0.0
2024-05-05 14:00:00.000000,TechCorp_247,Pro Subscription,Emp_29 SaaS_29,1,200.0,0.0
2024-05-05 18:00:00.000000,TechCorp_263,Starter Subscription,Emp_21 SaaS_21,1,50.0,0.0
2024-05-05 18:00:00.000000,TechCorp_277,Enterprise License,Emp_19 SaaS_19,2,4000.0,0.0
2024-05-06 10:00:00.000000,TechCorp_26,Starter Subscription,Emp_31 SaaS_31,1,50.0,0.0
2024-05-06 12:00:00.000000,TechCorp_32,Starter Subscription,Emp_25 SaaS_25,1,50.0,0.0
2024-05-06 16:00:00.000000,TechCorp_51,Pro Subscription,Emp_6 SaaS_6,1,200.0,0.0
2024-05-06 13:00:00.000000,TechCorp_93,Pro Subscription,Emp_0 SaaS_0,1,200.0,0.0
2024-05-06 11:00:00.000000,TechCorp_97,Enterprise License,Emp_21 SaaS_21,4,8000.0,0.0
2024-05-06 11:00:00.000000,TechCorp_132,Pro Subscription,Emp_25 SaaS_25,1,200.0,0.0
2024-05-06 15:00:00.000000,TechCorp_152,Pro Subscription,Emp_12 SaaS_12,1,200.0,0.0
2024-05-06 16:00:00.000000,TechCorp_159,Starter Subscription,Emp_2 SaaS_2,1,50.0,0.0
2024-05-06 09:00:00.000000,TechCorp_180,Starter Subscription,Emp_12 SaaS_12,1,50.0,0.0
2024-05-06 13:00:00.000000,TechCorp_196,Pro Subscription,Emp_4 SaaS_4,1,200.0,0.0
2024-05-06 14:00:00.000000,TechCorp_197,Pro Subscription,Emp_3 SaaS_3,1,200.0,0.0
2024-05-06 09:00:00.000000,TechCorp_230,Pro Subscription,Emp_19 SaaS_19,1,200.0,0.0
2024-05-06 11:00:00.000000,TechCorp_240,Pro Subscription,Emp_19 SaaS_19,1,200.0,0.0
2024-05-06 10:00:00.000000,TechCorp_242,Starter Subscription,Emp_21 SaaS_21,1,50.0,0.0
2024-05-06 16:00:00.000000,TechCorp_253,Enterprise License,Emp_29 SaaS_29,7,14000.0,0.0
2024-05-06 12:00:00.000000,TechCorp_268,Starter Subscription,Emp_12 SaaS_12,1,50.0,0.0
2024-05-06 10:00:00.000000,TechCorp_273,Pro Subscription,Emp_0 SaaS_0,1,200.0,0.0
2024-05-06 13:00:00.000000,TechCorp_281,Pro Subscription,Emp_0 SaaS_0,1,200.0,0.0
2024-05-07 16:00:00.000000,TechCorp_10,Pro Subscription,Emp_12 SaaS_12,1,200.0,0.0
2024-05-07 12:00:00.000000,TechCorp_25,Starter Subscription,Emp_21 SaaS_21,1,50.0,0.0
2024-05-07 10:00:00.000000,TechCorp_79,Pro Subscription,Emp_29 SaaS_29,1,200.0,0.0
2024-05-07 10:00:00.000000,TechCorp_102,Pro Subscription,Emp_3 SaaS_3,1,200.0,0.0
2024-05-07 09:00:00.000000,TechCorp_104,Starter Subscription,Emp_4 SaaS_4,1,50.0,0.0
2024-05-07 17:00:00.000000,TechCorp_118,Pro Subscription,Emp_12 SaaS_12,1,200.0,0.0
2024-05-07 17:00:00.000000,TechCorp_125,Pro Subscription,Emp_21 SaaS_21,1,200.0,0.0
2024-05-07 12:00:00.000000,TechCorp_130,Pro Subscription,Emp_6 SaaS_6,1,200.0,0.0
2024-05-07 13:00:00.000000,TechCorp_164,Pro Subscription,Emp_3 SaaS_3,1,200.0,0.0
2024-05-07 11:00:00.000000,TechCorp_200,Pro Subscription,Emp_29 SaaS_29,1,200.0,0.0
2024-05-07 08:00:00.000000,TechCorp_217,Starter Subscription,Emp_13 SaaS_13,1,50.0,0.0
2024-05-07 18:00:00.000000,TechCorp_229,Pro Subscription,Emp_4 SaaS_4,1,200.0,0.0
2024-05-07 13:00:00.000000,TechCorp_264,Pro Subscription,Emp_13 SaaS_13,1,200.0,0.0
2024-05-07 17:00:00.000000,TechCorp_281,Pro Subscription,Emp_29 SaaS_29,1,200.0,0.0
2024-05-07 13:00:00.000000,TechCorp_282,Starter Subscription,Emp_4 SaaS_4,1,50.0,0.0
2024-05-07 10:00:00.000000,TechCorp_284,Starter Subscription,Emp_13 SaaS_13,1,50.0,0.0
2024-05-08 09:00:00.000000,TechCorp_4,Starter Subscription,Emp_6 SaaS_6,1,50.0,0.0
2024-05-08 08:00:00.000000,TechCorp_40,Pro Subscription,Emp_12 SaaS_12,1,200.0,0.0
2024-05-08 17:00:00.000000,TechCorp_75,Starter Subscription,Emp_31 SaaS_31,1,50.0,0.0
2024-05-08 09:00:00.000000,TechCorp_84,Pro Subscription,Emp_13 SaaS_13,1,200.0,0.0
2024-05-08 13:00:00.000000,TechCorp_98,Starter Subscription,Emp_31 SaaS_31,1,50.0,0.0
2024-05-08 18:00:00.000000,TechCorp_148,Starter Subscription,Emp_12 SaaS_12,1,50.0,0.0
2024-05-08 15:00:00.000000,TechCorp_164,Pro Subscription,Emp_21 SaaS_21,1,200.0,0.0
2024-05-08 09:00:00.000000,TechCorp_172,Pro Subscription,Emp_4 SaaS_4,1,200.0,0.0
2024-05-08 17:00:00.000000,TechCorp_177,Starter Subscription,Emp_19 SaaS_19,1,50.0,0.0
2024-05-08 11:00:00.000000,TechCorp_178,Enterprise License,Emp_6 SaaS_6,9,18000.0,0.0
2024-05-08 18:00:00.000000,TechCorp_191,Pro Subscription,Emp_29 SaaS_29,1,200.0,0.0
2024-05-08 11:00:00.000000,TechCorp_206,Enterprise License,Emp_25 SaaS_25,3,6000.0,0.0
2024-05-08 14:00:00.000000,TechCorp_237,Pro Subscription,Emp_13 SaaS_13,1,200.0,0.0
2024-05-08 13:00:00.000000,TechCorp_260,Starter Subscription,Emp_21 SaaS_21,1,50.0,0.0
2024-05-08 17:00:00.000000,TechCorp_277,Enterprise License,Emp_3 SaaS_3,6,12000.0,0.0
2024-05-09 18:00:00.000000,TechCorp_51,Pro Subscription,Emp_29 SaaS_29,1,200.0,0.0
2024-05-09 09:00:00.000000,TechCorp_55,Pro Subscription,Emp_4 SaaS_4,1,200.0,0.0
2024-05-09 18:00:00.000000,TechCorp_86,Starter Subscription,Emp_25 SaaS_25,1,50.0,0.0
2024-05-09 18:00:00.000000,TechCorp_97,Enterprise License,Emp_4 SaaS_4,5,10000.0,0.0
2024-05-09 08:00:00.000000,TechCorp_98,Starter Subscription,Emp_6 SaaS_6,1,50.0,0.0
2024-05-09 10:00:00.000000,TechCorp_149,Starter Subscription,Emp_3 SaaS_3,1,50.0,0.0
2024-05-09 10:00:00.000000,TechCorp_157,Starter Subscription,Emp_21 SaaS_21,1,50.0,0.0
2024-05-09 13:00:00.000000,TechCorp_158,Starter Subscription,Emp_31 SaaS_31,1,50.0,0.0
2024-05-09 14:00:00.000000,TechCorp_181,Starter Subscription,Emp_0 SaaS_0,1,50.0,0.0
2024-05-09 16:00:00.000000,TechCorp_190,Pro Subscription,Emp_21 SaaS_21,1,200.0,0.0
2024-05-09 14:00:00.000000,TechCorp_198,Pro Subscription,Emp_31 SaaS_31,1,200.0,0.0
2024-05-09 16:00:00.000000,TechCorp_206,Enterprise License,Emp_13 SaaS_13,4,8000.0,0.0
2024-05-09 18:00:00.000000,TechCorp_242,Starter Subscription,Emp_3 SaaS_3,1,50.0,0.0
2024-05-09 12:00:00.000000,TechCorp_248,Starter Subscription,Emp_4 SaaS_4,1,50.0,0.0
2024-05-09 10:00:00.000000,TechCorp_255,Starter Subscription,Emp_2 SaaS_2,1,50.0,0.0
2024-05-09 10:00:00.000000,TechCorp_268,Starter Subscription,Emp_19 SaaS_19,1,50.0,0.0
2024-05-09 18:00:00.000000,TechCorp_280,Pro Subscription,Emp_19 SaaS_19,1,200.0,0.0
2024-05-09 13:00:00.000000,TechCorp_288,Pro Subscription,Emp_21 SaaS_21,1,200.0,0.0
2024-05-09 10:00:00.000000,TechCorp_297,Starter Subscription,Emp_6 SaaS_6,1,50.0,0.0
2024-05-10 18:00:00.000000,TechCorp_23,Pro Subscription,Emp_19 SaaS_19,1,200.0,0.0
2024-05-10 12:00:00.000000,TechCorp_27,Pro Subscription,Emp_21 SaaS_21,1,200.0,0.0
2024-05-10 13:00:00.000000,TechCorp_30,Pro Subscription,Emp_4 SaaS_4,1,200.0,0.0
2024-05-10 16:00:00.000000,TechCorp_49,Starter Subscription,Emp_31 SaaS_31,1,50.0,0.0
2024-05-10 18:00:00.000000,TechCorp_82,Starter Subscription,Emp_19 SaaS_19,1,50.0,0.0
2024-05-10 18:00:00.000000,TechCorp_106,Starter Subscription,Emp_0 SaaS_0,1,50.0,0.0
2024-05-10 10:00:00.000000,TechCorp_149,Starter Subscription,Emp_3 SaaS_3,1,50.0,0.0
2024-05-10 17:00:00.000000,TechCorp_162,Enterprise License,Emp_2 SaaS_2,9,18000.0,0.0
2024-05-10 10:00:00.000000,TechCorp_182,Starter Subscription,Emp_13 SaaS_13,1,50.0,0.0
2024-05-10 17:00:00.000000,TechCorp_190,Pro Subscription,Emp_4 SaaS_4,1,200.0,0.0
2024-05-10 14:00:00.000000,TechCorp_218,Starter Subscription,Emp_0 SaaS_0,1,50.0,0.0
2024-05-10 08:00:00.000000,TechCorp_238,Pro Subscription,Emp_29 SaaS_29,1,200.0,0.0
2024-05-10 12:00:00.000000,TechCorp_281,Pro Subscription,Emp_6 SaaS_6,1,200.0,0.0
2024-05-11 13:00:00.000000,TechCorp_33,Enterprise License,Emp_0 SaaS_0,3,6000.0,0.0
2024-05-11 09:00:00.000000,TechCorp_36,Starter Subscription,Emp_25 SaaS_25,1,50.0,0.0
2024-05-11 14:00:00.000000,TechCorp_45,Pro Subscription,Emp_2 SaaS_2,1,200.0,0.0
2024-05-11 16:00:00.000000,TechCorp_59,Pro Subscription,Emp_29 SaaS_29,1,200.0,0.0
2024-05-11 08:00:00.000000,TechCorp_68,Pro Subscription,Emp_31 SaaS_31,1,200.0,0.0
2024-05-11 13:00:00.000000,TechCorp_132,Pro Subscription,Emp_6 SaaS_6,1,200.0,0.0
2024-05-11 13:00:00.000000,TechCorp_148,Starter Subscription,Emp_12 SaaS_12,1,50.0,0.0
2024-05-11 15:00:00.000000,TechCorp_150,Starter Subscription,Emp_6 SaaS_6,1,50.0,0.0
2024-05-11 17:00:00.000000,TechCorp_162,Enterprise License,Emp_0 SaaS_0,8,16000.0,0.0
2024-05-11 11:00:00.000000,TechCorp_191,Pro Subscription,Emp_31 SaaS_31,1,200.0,0.0
2024-05-11 09:00:00.000000,TechCorp_206,Enterprise License,Emp_0 SaaS_0,9,18000.0,0.0
2024-05-11 09:00:00.000000,TechCorp_219,Starter Subscription,Emp_6 SaaS_6,1,50.0,0.0
2024-05-11 08:00:00.000000,TechCorp_228,Starter Subscription,Emp_19 SaaS_19,1,50.0,0.0
2024-05-11 16:00:00.000000,TechCorp_239,Starter Subscription,Emp_6 SaaS_6,1,50.0,0.0
2024-05-12 18:00:00.000000,TechCorp_39,Starter Subscription,Emp_4 SaaS_4,1,50.0,0.0
2024-05-12 13:00:00.000000,TechCorp_56,Enterprise License,Emp_12 SaaS_12,2,4000.0,0.0
2024-05-12 16:00:00.000000,TechCorp_83,Starter Subscription,Emp_25 SaaS_25,1,50.0,0.0
2024-05-12 08:00:00.000000,TechCorp_90,Pro Subscription,Emp_4 SaaS_4,1,200.0,0.0
2024-05-12 08:00:00.000000,TechCorp_97,Enterprise License,Emp_25 SaaS_25,7,14000.0,0.0
2024-05-12 10:00:00.000000,TechCorp_106,Starter Subscription,Emp_31 SaaS_31,1,50.0,0.0
2024-05-12 09:00:00.000000,TechCorp_115,Enterprise License,Emp_0 SaaS_0,10,20000.0,0.0
2024-05-12 15:00:00.000000,TechCorp_131,Starter Subscription,Emp_25 SaaS_25,1,50.0,0.0
2024-05-12 09:00:00.000000,TechCorp_157,Starter Subscription,Emp_2 SaaS_2,1,50.0,0.0
2024-05-12 13:00:00.000000,TechCorp_160,Starter Subscription,Emp_2 SaaS_2,1,50.0,0.0
2024-05-12 14:00:00.000000,TechCorp_205,Starter Subscription,Emp_2 SaaS_2,1,50.0,0.0
2024-05-12 09:00:00.000000,TechCorp_218,Starter Subscription,Emp_13 SaaS_13,1,50.0,0.0
2024-05-12 13:00:00.000000,TechCorp_231,Pro Subscription,Emp_19 SaaS_19,1,200.0,0.0
2024-05-12 10:00:00.000000,TechCorp_252,Pro Subscription,Emp_31 SaaS_31,1,200.0,0.0
2024-05-12 17:00:00.000000,TechCorp_256,Starter Subscription,Emp_12 SaaS_12,1,50.0,0.0
2024-05-12 12:00:00.000000,TechCorp_258,Enterprise License,Emp_3 SaaS_3,9,18000.0,0.0
2024-05-13 18:00:00.000000,TechCorp_10,Pro Subscription,Emp_13 SaaS_13,1,200.0,0.0
2024-05-13 09:00:00.000000,TechCorp_56,Enterprise License,Emp_12 SaaS_12,10,20000.0,0.0
2024-05-13 16:00:00.000000,TechCorp_143,Starter Subscription,Emp_31 SaaS_31,1,50.0,0.0
2024-05-13 10:00:00.000000,TechCorp_191,Pro Subscription,Emp_0 SaaS_0,1,200.0,0.0
2024-05-13 14:00:00.000000,TechCorp_202,Pro Subscription,Emp_25 SaaS_25,1,200.0,0.0
2024-05-13 17:00:00.000000,TechCorp_225,Enterprise License,Emp_21 SaaS_21,5,10000.0,0.0
2024-05-14 17:00:00.000000,TechCorp_4,Starter Subscription,Emp_6 SaaS_6,1,50.0,0.0
2024-05-14 12:00:00.000000,TechCorp_22,Enterprise License,Emp_19 SaaS_19,10,20000.0,0.0
2024-05-14 13:00:00.000000,TechCorp_32,Starter Subscription,Emp_2 SaaS_2,1,50.0,0.0
2024-05-14 15:00:00.000000,TechCorp_44,Starter Subscription,Emp_4 SaaS_4,1,50.0,0.0
2024-05-14 16:00:00.000000,TechCorp_63,Pro Subscription,Emp_3 SaaS_3,1,200.0,0.0
2024-05-14 12:00:00.000000,TechCorp_71,Pro Subscription,Emp_19 SaaS_19,1,200.0,0.0
2024-05-14 16:00:00.000000,TechCorp_74,Pro Subscription,Emp_19 SaaS_19,1,200.0,0.0
2024-05-14 12:00:00.000000,TechCorp_75,Starter Subscription,Emp_25 SaaS_25,1,50.0,0.0
2024-05-14 11:00:00.000000,TechCorp_78,Starter Subscription,Emp_0 SaaS_0,1,50.0,0.0
2024-05-14 08:00:00.000000,TechCorp_90,Pro Subscription,Emp_25 SaaS_25,1,200.0,0.0
2024-05-14 15:00:00.000000,TechCorp_96,Starter Subscription,Emp_12 SaaS_12,1,50.0,0.0
2024-05-14 17:00:00.000000,TechCorp_104,Starter Subscription,Emp_6 SaaS_6,1,50.0,0.0
2024-05-14 16:00:00.000000,TechCorp_123,Starter Subscription,Emp_21 SaaS_21,1,50.0,0.0
2024-05-14 18:00:00.000000,TechCorp_134,Starter Subscription,Emp_25 SaaS_25,1,50.0,0.0
2024-05-14 17:00:00.000000,TechCorp_151,Starter Subscription,Emp_6 SaaS_6,1,50.0,0.0
2024-05-14 12:00:00.000000,TechCorp_159,Starter Subscription,Emp_29 SaaS_29,1,50.0,0.0
2024-05-14 17:00:00.000000,TechCorp_171,Pro Subscription,Emp_12 SaaS_12,1,200.0,0.0
2024-05-14 16:00:00.000000,TechCorp_175,Starter Subscription,Emp_0 SaaS_0,1,50.0,0.0
2024-05-14 14:00:00.000000,TechCorp_186,Starter Subscription,Emp_25 SaaS_25,1,50.0,0.0
2024-05-14 09:00:00.000000,TechCorp_209,Pro Subscription,Emp_25 SaaS_25,1,200.0,0.0
2024-05-14 18:00:00.000000,TechCorp_214,Starter Subscription,Emp_31 SaaS_31,1,50.0,0.0
2024-05-14 17:00:00.000000,TechCorp_263,Starter Subscription,Emp_29 SaaS_29,1,50.0,0.0
2024-05-15 16:00:00.000000,TechCorp_31,Starter Subscription,Emp_4 SaaS_4,1,50.0,0.0
2024-05-15 09:00:00.000000,TechCorp_39,Starter Subscription,Emp_12 SaaS_12,1,50.0,0.0
2024-05-15 14:00:00.000000,TechCorp_63,Pro Subscription,Emp_0 SaaS_0,1,200.0,0.0
2024-05-15 11:00:00.000000,TechCorp_70,Starter Subscription,Emp_19 SaaS_19,1,50.0,0.0
2024-05-15 08:00:00.000000,TechCorp_98,Starter Subscription,Emp_0 SaaS_0,1,50.0,0.0
2024-05-15 18:00:00.000000,TechCorp_111,Pro Subscription,Emp_25 SaaS_25,1,200.0,0.0
2024-05-15 09:00:00.000000,TechCorp_155,Starter Subscription,Emp_4 SaaS_4,1,50.0,0.0
2024-05-15 15:00:00.000000,TechCorp_267,Pro Subscription,Emp_25 SaaS_25,1,200.0,0.0
2024-05-15 11:00:00.000000,TechCorp_270,Pro Subscription,Emp_3 SaaS_3,1,200.0,0.0
2024-05-15 09:00:00.000000,TechCorp_275,Starter Subscription,Emp_13 SaaS_13,1,50.0,0.0
2024-05-15 10:00:00.000000,TechCorp_293,Pro Subscription,Emp_29 SaaS_29,1,200.0,0.0
2024-05-16 16:00:00.000000,TechCorp_0,Pro Subscription,Emp_19 SaaS_19,1,200.0,0.0
2024-05-16 14:00:00.000000,TechCorp_9,Starter Subscription,Emp_0 SaaS_0,1,50.0,0.0
2024-05-16 09:00:00.000000,TechCorp_10,Pro Subscription,Emp_25 SaaS_25,1,200.0,0.0
2024-05-16 11:00:00.000000,TechCorp_39,Starter Subscription,Emp_2 SaaS_2,1,50.0,0.0
2024-05-16 16:00:00.000000,TechCorp_88,Pro Subscription,Emp_4 SaaS_4,1,200.0,0.0
2024-05-16 12:00:00.000000,TechCorp_95,Starter Subscription,Emp_2 SaaS_2,1,50.0,0.0
2024-05-16 08:00:00.000000,TechCorp_98,Starter Subscription,Emp_13 SaaS_13,1,50.0,0.0
2024-05-16 15:00:00.000000,TechCorp_111,Pro Subscription,Emp_21 SaaS_21,1,200.0,0.0
2024-05-16 11:00:00.000000,TechCorp_159,Starter Subscription,Emp_4 SaaS_4,1,50.0,0.0
2024-05-16 15:00:00.000000,TechCorp_189,Pro Subscription,Emp_2 SaaS_2,1,200.0,0.0
2024-05-16 18:00:00.000000,TechCorp_191,Pro Subscription,Emp_12 SaaS_12,1,200.0,0.0
2024-05-16 15:00:00.000000,TechCorp_207,Starter Subscription,Emp_6 SaaS_6,1,50.0,0.0
2024-05-16 17:00:00.000000,TechCorp_215,Starter Subscription,Emp_21 SaaS_21,1,50.0,0.0
2024-05-16 11:00:00.000000,TechCorp_219,Starter Subscription,Emp_19 SaaS_19,1,50.0,0.0
2024-05-16 09:00:00.000000,TechCorp_252,Pro Subscription,Emp_0 SaaS_0,1,200.0,0.0
2024-05-16 10:00:00.000000,TechCorp_292,Starter Subscription,Emp_19 SaaS_19,1,50.0,0.0
2024-05-17 13:00:00.000000,TechCorp_76,Starter Subscription,Emp_4 SaaS_4,1,50.0,0.0
2024-05-17 15:00:00.000000,TechCorp_100,Starter Subscription,Emp_31 SaaS_31,1,50.0,0.0
2024-05-17 16:00:00.000000,TechCorp_128,Starter Subscription,Emp_13 SaaS_13,1,50.0,0.0
2024-05-17 08:00:00.000000,TechCorp_155,Starter Subscription,Emp_31 SaaS_31,1,50.0,0.0
2024-05-17 11:00:00.000000,TechCorp_175,Starter Subscription,Emp_21 SaaS_21,1,50.0,0.0
2024-05-17 11:00:00.000000,TechCorp_187,Starter Subscription,Emp_12 SaaS_12,1,50.0,0.0
2024-05-17 16:00:00.000000,TechCorp_199,Starter Subscription,Emp_2 SaaS_2,1,50.0,0.0
2024-05-17 11:00:00.000000,TechCorp_200,Pro Subscription,Emp_12 SaaS_12,1,200.0,0.0
2024-05-17 08:00:00.000000,TechCorp_275,Starter Subscription,Emp_4 SaaS_4,1,50.0,0.0
2024-05-18 15:00:00.000000,TechCorp_41,Pro Subscription,Emp_25 SaaS_25,1,200.0,0.0
2024-05-18 16:00:00.000000,TechCorp_56,Enterprise License,Emp_0 SaaS_0,4,8000.0,0.0
2024-05-18 08:00:00.000000,TechCorp_93,Pro Subscription,Emp_12 SaaS_12,1,200.0,0.0
2024-05-18 09:00:00.000000,TechCorp_104,Starter Subscription,Emp_4 SaaS_4,1,50.0,0.0
2024-05-18 17:00:00.000000,TechCorp_124,Starter Subscription,Emp_6 SaaS_6,1,50.0,0.0
2024-05-18 11:00:00.000000,TechCorp_135,Pro Subscription,Emp_13 SaaS_13,1,200.0,0.0
2024-05-18 15:00:00.000000,TechCorp_162,Enterprise License,Emp_25 SaaS_25,4,8000.0,0.0
2024-05-18 15:00:00.000000,TechCorp_177,Starter Subscription,Emp_21 SaaS_21,1,50.0,0.0
2024-05-18 14:00:00.000000,TechCorp_224,Pro Subscription,Emp_25 SaaS_25,1,200.0,0.0
2024-05-18 13:00:00.000000,TechCorp_276,Pro Subscription,Emp_12 SaaS_12,1,200.0,0.0
2024-05-18 16:00:00.000000,TechCorp_288,Pro Subscription,Emp_21 SaaS_21,1,200.0,0.0
2024-05-19 11:00:00.000000,TechCorp_11,Pro Subscription,Emp_31 SaaS_31,1,200.0,0.0
2024-05-19 09:00:00.000000,TechCorp_44,Starter Subscription,Emp_6 SaaS_6,1,50.0,0.0
2024-05-19 08:00:00.000000,TechCorp_53,Starter Subscription,Emp_4 SaaS_4,1,50.0,0.0
2024-05-19 18:00:00.000000,TechCorp_67,Starter Subscription,Emp_21 SaaS_21,1,50.0,0.0
2024-05-19 18:00:00.000000,TechCorp_84,Pro Subscription,Emp_21 SaaS_21,1,200.0,0.0
2024-05-19 09:00:00.000000,TechCorp_91,Starter Subscription,Emp_29 SaaS_29,1,50.0,0.0
2024-05-19 08:00:00.000000,TechCorp_94,Starter Subscription,Emp_6 SaaS_6,1,50.0,0.0
2024-05-19 11:00:00.000000,TechCorp_144,Starter Subscription,Emp_4 SaaS_4,1,50.0,0.0
2024-05-19 18:00:00.000000,TechCorp_182,Starter Subscription,Emp_31 SaaS_31,1,50.0,0.0
2024-05-19 09:00:00.000000,TechCorp_197,Pro Subscription,Emp_2 SaaS_2,1,200.0,0.0
2024-05-19 18:00:00.000000,TechCorp_215,Starter Subscription,Emp_21 SaaS_21,1,50.0,0.0
2024-05-19 18:00:00.000000,TechCorp_248,Starter Subscription,Emp_4 SaaS_4,1,50.0,0.0
2024-05-19 15:00:00.000000,TechCorp_255,Starter Subscription,Emp_6 SaaS_6,1,50.0,0.0
2024-05-19 14:00:00.000000,TechCorp_266,Starter Subscription,Emp_6 SaaS_6,1,50.0,0.0
2024-05-19 11:00:00.000000,TechCorp_276,Pro Subscription,Emp_21 SaaS_21,1,200.0,0.0
2024-05-20 18:00:00.000000,TechCorp_19,Starter Subscription,Emp_0 SaaS_0,1,50.0,0.0
2024-05-20 11:00:00.000000,TechCorp_47,Pro Subscription,Emp_25 SaaS_25,1,200.0,0.0
2024-05-20 13:00:00.000000,TechCorp_62,Starter Subscription,Emp_13 SaaS_13,1,50.0,0.0
2024-05-20 08:00:00.000000,TechCorp_94,Starter Subscription,Emp_2 SaaS_2,1,50.0,0.0
2024-05-20 14:00:00.000000,TechCorp_111,Pro Subscription,Emp_0 SaaS_0,1,200.0,0.0
2024-05-20 11:00:00.000000,TechCorp_126,Enterprise License,Emp_31 SaaS_31,7,14000.0,0.0
2024-05-20 14:00:00.000000,TechCorp_136,Pro Subscription,Emp_3 SaaS_3,1,200.0,0.0
2024-05-20 11:00:00.000000,TechCorp_143,Starter Subscription,Emp_3 SaaS_3,1,50.0,0.0
2024-05-20 08:00:00.000000,TechCorp_151,Starter Subscription,Emp_2 SaaS_2,1,50.0,0.0
2024-05-20 15:00:00.000000,TechCorp_154,Starter Subscription,Emp_13 SaaS_13,1,50.0,0.0
2024-05-20 18:00:00.000000,TechCorp_156,Starter Subscription,Emp_21 SaaS_21,1,50.0,0.0
2024-05-20 08:00:00.000000,TechCorp_158,Starter Subscription,Emp_4 SaaS_4,1,50.0,0.0
2024-05-20 12:00:00.000000,TechCorp_179,Enterprise License,Emp_13 SaaS_13,3,6000.0,0.0
2024-05-20 11:00:00.000000,TechCorp_292,Starter Subscription,Emp_4 SaaS_4,1,50.0,0.0
2024-05-21 11:00:00.000000,TechCorp_14,Pro Subscription,Emp_13 SaaS_13,1,200.0,0.0
2024-05-21 17:00:00.000000,TechCorp_91,Starter Subscription,Emp_6 SaaS_6,1,50.0,0.0
2024-05-21 16:00:00.000000,TechCorp_115,Enterprise License,Emp_31 SaaS_31,1,2000.0,0.0
2024-05-21 14:00:00.000000,TechCorp_147,Pro Subscription,Emp_3 SaaS_3,1,200.0,0.0
2024-05-21 10:00:00.000000,TechCorp_173,Pro Subscription,Emp_12 SaaS_12,1,200.0,0.0
2024-05-21 14:00:00.000000,TechCorp_263,Starter Subscription,Emp_13 SaaS_13,1,50.0,0.0
2024-05-21 08:00:00.000000,TechCorp_275,Starter Subscription,Emp_29 SaaS_29,1,50.0,0.0
2024-05-21 17:00:00.000000,TechCorp_276,Pro Subscription,Emp_12 SaaS_12,1,200.0,0.0
2024-05-22 14:00:00.000000,TechCorp_25,Starter Subscription,Emp_13 SaaS_13,1,50.0,0.0
2024-05-22 15:00:00.000000,TechCorp_49,Starter Subscription,Emp_31 SaaS_31,1,50.0,0.0
2024-05-22 08:00:00.000000,TechCorp_58,Starter Subscription,Emp_0 SaaS_0,1,50.0,0.0
2024-05-22 09:00:00.000000,TechCorp_102,Pro Subscription,Emp_21 SaaS_21,1,200.0,0.0
2024-05-22 14:00:00.000000,TechCorp_118,Pro Subscription,Emp_13 SaaS_13,1,200.0,0.0
2024-05-22 08:00:00.000000,TechCorp_144,Starter Subscription,Emp_6 SaaS_6,1,50.0,0.0
2024-05-22 16:00:00.000000,TechCorp_159,Starter Subscription,Emp_29 SaaS_29,1,50.0,0.0
2024-05-22 18:00:00.000000,TechCorp_176,Starter Subscription,Emp_31 SaaS_31,1,50.0,0.0
2024-05-22 14:00:00.000000,TechCorp_258,Enterprise License,Emp_29 SaaS_29,4,8000.0,0.0
2024-05-22 16:00:00.000000,TechCorp_277,Enterprise License,Emp_2 SaaS_2,10,20000.0,0.0
2024-05-23 18:00:00.000000,TechCorp_30,Pro Subscription,Emp_31 SaaS_31,1,200.0,0.0
2024-05-23 13:00:00.000000,TechCorp_42,Pro Subscription,Emp_3 SaaS_3,1,200.0,0.0
2024-05-23 15:00:00.000000,TechCorp_48,Pro Subscription,Emp_19 SaaS_19,1,200.0,0.0
2024-05-23 11:00:00.000000,TechCorp_91,Starter Subscription,Emp_21 SaaS_21,1,50.0,0.0
2024-05-23 10:00:00.000000,TechCorp_155,Starter Subscription,Emp_31 SaaS_31,1,50.0,0.0
2024-05-23 18:00:00.000000,TechCorp_221,Starter Subscription,Emp_19 SaaS_19,1,50.0,0.0
2024-05-23 16:00:00.000000,TechCorp_241,Pro Subscription,Emp_2 SaaS_2,1,200.0,0.0
2024-05-23 18:00:00.000000,TechCorp_242,Starter Subscription,Emp_3 SaaS_3,1,50.0,0.0
2024-05-23 17:00:00.000000,TechCorp_251,Starter Subscription,Emp_13 SaaS_13,1,50.0,0.0
2024-05-23 09:00:00.000000,TechCorp_257,Pro Subscription,Emp_0 SaaS_0,1,200.0,0.0
2024-05-23 10:00:00.000000,TechCorp_270,Pro Subscription,Emp_25 SaaS_25,1,200.0,0.0
2024-05-23 12:00:00.000000,TechCorp_297,Starter Subscription,Emp_29 SaaS_29,1,50.0,0.0
2024-05-24 17:00:00.000000,TechCorp_13,Enterprise License,Emp_2 SaaS_2,2,4000.0,0.0
2024-05-24 10:00:00.000000,TechCorp_15,Pro Subscription,Emp_25 SaaS_25,1,200.0,0.0
2024-05-24 18:00:00.000000,TechCorp_27,Pro Subscription,Emp_3 SaaS_3,1,200.0,0.0
2024-05-24 14:00:00.000000,TechCorp_56,Enterprise License,Emp_2 SaaS_2,8,16000.0,0.0
2024-05-24 12:00:00.000000,TechCorp_110,Starter Subscription,Emp_29 SaaS_29,1,50.0,0.0
2024-05-24 09:00:00.000000,TechCorp_129,Starter Subscription,Emp_19 SaaS_19,1,50.0,0.0
2024-05-24 18:00:00.000000,TechCorp_144,Starter Subscription,Emp_13 SaaS_13,1,50.0,0.0
2024-05-24 09:00:00.000000,TechCorp_159,Starter Subscription,Emp_3 SaaS_3,1,50.0,0.0
2024-05-24 14:00:00.000000,TechCorp_214,Starter Subscription,Emp_21 SaaS_21,1,50.0,0.0
2024-05-24 09:00:00.000000,TechCorp_234,Starter Subscription,Emp_19 SaaS_19,1,50.0,0.0
2024-05-24 13:00:00.000000,TechCorp_251,Starter Subscription,Emp_12 SaaS_12,1,50.0,0.0
2024-05-24 12:00:00.000000,TechCorp_273,Pro Subscription,Emp_3 SaaS_3,1,200.0,0.0
2024-05-24 12:00:00.000000,TechCorp_291,Starter Subscription,Emp_21 SaaS_21,1,50.0,0.0
2024-05-25 08:00:00.000000,TechCorp_11,Pro Subscription,Emp_31 SaaS_31,1,200.0,0.0
2024-05-25 11:00:00.000000,TechCorp_71,Pro Subscription,Emp_6 SaaS_6,1,200.0,0.0
2024-05-25 16:00:00.000000,TechCorp_180,Starter Subscription,Emp_6 SaaS_6,1,50.0,0.0
2024-05-25 17:00:00.000000,TechCorp_275,Starter Subscription,Emp_3 SaaS_3,1,50.0,0.0
2024-05-25 15:00:00.000000,TechCorp_285,Starter Subscription,Emp_12 SaaS_12,1,50.0,0.0
2024-05-25 12:00:00.000000,TechCorp_286,Starter Subscription,Emp_13 SaaS_13,1,50.0,0.0
2024-05-26 16:00:00.000000,TechCorp_14,Pro Subscription,Emp_29 SaaS_29,1,200.0,0.0
2024-05-26 12:00:00.000000,TechCorp_31,Starter Subscription,Emp_12 SaaS_12,1,50.0,0.0
2024-05-26 12:00:00.000000,TechCorp_32,Starter Subscription,Emp_19 SaaS_19,1,50.0,0.0
2024-05-26 15:00:00.000000,TechCorp_82,Starter Subscription,Emp_29 SaaS_29,1,50.0,0.0
2024-05-26 18:00:00.000000,TechCorp_97,Enterprise License,Emp_0 SaaS_0,2,4000.0,0.0
2024-05-26 16:00:00.000000,TechCorp_134,Starter Subscription,Emp_31 SaaS_31,1,50.0,0.0
2024-05-26 18:00:00.000000,TechCorp_141,Starter Subscription,Emp_19 SaaS_19,1,50.0,0.0
2024-05-26 18:00:00.000000,TechCorp_170,Starter Subscription,Emp_13 SaaS_13,1,50.0,0.0
2024-05-26 14:00:00.000000,TechCorp_184,Enterprise License,Emp_4 SaaS_4,7,14000.0,0.0
2024-05-26 10:00:00.000000,TechCorp_192,Starter Subscription,Emp_3 SaaS_3,1,50.0,0.0
2024-05-26 18:00:00.000000,TechCorp_217,Starter Subscription,Emp_21 SaaS_21,1,50.0,0.0
2024-05-26 17:00:00.000000,TechCorp_227,Starter Subscription,Emp_29 SaaS_29,1,50.0,0.0
2024-05-26 18:00:00.000000,TechCorp_253,Enterprise License,Emp_13 SaaS_13,7,14000.0,0.0
2024-05-26 15:00:00.000000,TechCorp_266,Starter Subscription,Emp_29 SaaS_29,1,50.0,0.0
2024-05-26 15:00:00.000000,TechCorp_292,Starter Subscription,Emp_31 SaaS_31,1,50.0,0.0
2024-05-26 08:00:00.000000,TechCorp_298,Starter Subscription,Emp_19 SaaS_19,1,50.0,0.0
2024-05-27 10:00:00.000000,TechCorp_32,Starter Subscription,Emp_25 SaaS_25,1,50.0,0.0
2024-05-27 12:00:00.000000,TechCorp_34,Starter Subscription,Emp_21 SaaS_21,1,50.0,0.0
2024-05-27 10:00:00.000000,TechCorp_78,Starter Subscription,Emp_6 SaaS_6,1,50.0,0.0
2024-05-27 16:00:00.000000,TechCorp_92,Pro Subscription,Emp_4 SaaS_4,1,200.0,0.0
2024-05-27 16:00:00.000000,TechCorp_111,Pro Subscription,Emp_12 SaaS_12,1,200.0,0.0
2024-05-27 17:00:00.000000,TechCorp_131,Starter Subscription,Emp_2 SaaS_2,1,50.0,0.0
2024-05-27 16:00:00.000000,TechCorp_134,Starter Subscription,Emp_0 SaaS_0,1,50.0,0.0
2024-05-27 13:00:00.000000,TechCorp_154,Starter Subscription,Emp_4 SaaS_4,1,50.0,0.0
2024-05-27 12:00:00.000000,TechCorp_171,Pro Subscription,Emp_25 SaaS_25,1,200.0,0.0
2024-05-27 18:00:00.000000,TechCorp_184,Enterprise License,Emp_21 SaaS_21,2,4000.0,0.0
2024-05-27 09:00:00.000000,TechCorp_197,Pro Subscription,Emp_29 SaaS_29,1,200.0,0.0
2024-05-27 10:00:00.000000,TechCorp_215,Starter Subscription,Emp_6 SaaS_6,1,50.0,0.0
2024-05-27 18:00:00.000000,TechCorp_234,Starter Subscription,Emp_0 SaaS_0,1,50.0,0.0
2024-05-28 09:00:00.000000,TechCorp_31,Starter Subscription,Emp_19 SaaS_19,1,50.0,0.0
2024-05-28 16:00:00.000000,TechCorp_41,Pro Subscription,Emp_3 SaaS_3,1,200.0,0.0
2024-05-28 13:00:00.000000,TechCorp_45,Pro Subscription,Emp_31 SaaS_31,1,200.0,0.0
2024-05-28 09:00:00.000000,TechCorp_50,Starter Subscription,Emp_29 SaaS_29,1,50.0,0.0
2024-05-28 18:00:00.000000,TechCorp_93,Pro Subscription,Emp_0 SaaS_0,1,200.0,0.0
2024-05-28 12:00:00.000000,TechCorp_125,Pro Subscription,Emp_21 SaaS_21,1,200.0,0.0
2024-05-28 11:00:00.000000,TechCorp_149,Starter Subscription,Emp_21 SaaS_21,1,50.0,0.0
2024-05-28 08:00:00.000000,TechCorp_190,Pro Subscription,Emp_25 SaaS_25,1,200.0,0.0
2024-05-28 18:00:00.000000,TechCorp_200,Pro Subscription,Emp_19 SaaS_19,1,200.0,0.0
2024-05-28 09:00:00.000000,TechCorp_257,Pro Subscription,Emp_19 SaaS_19,1,200.0,0.0
2024-05-28 12:00:00.000000,TechCorp_286,Starter Subscription,Emp_21 SaaS_21,1,50.0,0.0
2024-05-29 09:00:00.000000,TechCorp_33,Enterprise License,Emp_29 SaaS_29,1,2000.0,0.0
2024-05-29 08:00:00.000000,TechCorp_71,Pro Subscription,Emp_29 SaaS_29,1,200.0,0.0
2024-05-29 17:00:00.000000,TechCorp_221,Starter Subscription,Emp_0 SaaS_0,1,50.0,0.0
2024-05-29 14:00:00.000000,TechCorp_231,Pro Subscription,Emp_31 SaaS_31,1,200.0,0.0
2024-05-29 08:00:00.000000,TechCorp_274,Starter Subscription,Emp_0 SaaS_0,1,50.0,0.0
2024-05-29 16:00:00.000000,TechCorp_287,Pro Subscription,Emp_12 SaaS_12,1,200.0,0.0
2024-05-30 15:00:00.000000,TechCorp_47,Pro Subscription,Emp_6 SaaS_6,1,200.0,0.0
2024-05-30 11:00:00.000000,TechCorp_51,Pro Subscription,Emp_0 SaaS_0,1,200.0,0.0
2024-05-30 13:00:00.000000,TechCorp_100,Starter Subscription,Emp_19 SaaS_19,1,50.0,0.0
2024-05-30 15:00:00.000000,TechCorp_102,Pro Subscription,Emp_25 SaaS_25,1,200.0,0.0
2024-05-30 09:00:00.000000,TechCorp_173,Pro Subscription,Emp_21 SaaS_21,1,200.0,0.0
2024-05-30 10:00:00.000000,TechCorp_207,Starter Subscription,Emp_0 SaaS_0,1,50.0,0.0
2024-05-30 10:00:00.000000,TechCorp_225,Enterprise License,Emp_6 SaaS_6,1,2000.0,0.0
2024-05-30 13:00:00.000000,TechCorp_229,Pro Subscription,Emp_0 SaaS_0,1,200.0,0.0
2024-05-31 15:00:00.000000,TechCorp_23,Pro Subscription,Emp_4 SaaS_4,1,200.0,0.0
2024-05-31 15:00:00.000000,TechCorp_36,Starter Subscription,Emp_29 SaaS_29,1,50.0,0.0
2024-05-31 13:00:00.000000,TechCorp_90,Pro Subscription,Emp_6 SaaS_6,1,200.0,0.0
2024-05-31 18:00:00.000000,TechCorp_101,Starter Subscription,Emp_13 SaaS_13,1,50.0,0.0
2024-05-31 11:00:00.000000,TechCorp_118,Pro Subscription,Emp_2 SaaS_2,1,200.0,0.0
2024-05-31 14:00:00.000000,TechCorp_126,Enterprise License,Emp_19 SaaS_19,8,16000.0,0.0
2024-05-31 11:00:00.000000,TechCorp_187,Starter Subscription,Emp_12 SaaS_12,1,50.0,0.0
2024-05-31 08:00:00.000000,TechCorp_202,Pro Subscription,Emp_25 SaaS_25,1,200.0,0.0
2024-05-31 11:00:00.000000,TechCorp_217,Starter Subscription,Emp_21 SaaS_21,1,50.0,0.0
2024-05-31 14:00:00.000000,TechCorp_218,Starter Subscription,Emp_2 SaaS_2,1,50.0,0.0
2024-05-31 10:00:00.000000,TechCorp_223,Enterprise License,Emp_6 SaaS_6,10,20000.0,0.0
2024-05-31 08:00:00.000000,TechCorp_293,Pro Subscription,Emp_13 SaaS_13,1,200.0,0.0
2024-06-01 12:00:00.000000,TechCorp_0,Pro Subscription,Emp_0 SaaS_0,1,200.0,0.0
2024-06-01 17:00:00.000000,TechCorp_7,Pro Subscription,Emp_2 SaaS_2,1,200.0,0.0
2024-06-01 17:00:00.000000,TechCorp_78,Starter Subscription,Emp_13 SaaS_13,1,50.0,0.0
2024-06-01 08:00:00.000000,TechCorp_103,Starter Subscription,Emp_29 SaaS_29,1,50.0,0.0
2024-06-01 16:00:00.000000,TechCorp_113,Pro Subscription,Emp_19 SaaS_19,1,200.0,0.0
2024-06-01 18:00:00.000000,TechCorp_129,Starter Subscription,Emp_29 SaaS_29,1,50.0,0.0
2024-06-01 10:00:00.000000,TechCorp_132,Pro Subscription,Emp_21 SaaS_21,1,200.0,0.0
2024-06-01 11:00:00.000000,TechCorp_143,Starter Subscription,Emp_25 SaaS_25,1,50.0,0.0
2024-06-01 15:00:00.000000,TechCorp_163,Pro Subscription,Emp_29 SaaS_29,1,200.0,0.0
2024-06-01 17:00:00.000000,TechCorp_174,Pro Subscription,Emp_21 SaaS_21,1,200.0,0.0
2024-06-01 13:00:00.000000,TechCorp_192,Starter Subscription,Emp_21 SaaS_21,1,50.0,0.0
2024-06-01 13:00:00.000000,TechCorp_199,Starter Subscription,Emp_6 SaaS_6,1,50.0,0.0
2024-06-01 15:00:00.000000,TechCorp_207,Starter Subscription,Emp_21 SaaS_21,1,50.0,0.0
2024-06-01 13:00:00.000000,TechCorp_237,Pro Subscription,Emp_25 SaaS_25,1,200.0,0.0
2024-06-01 18:00:00.000000,TechCorp_239,Starter Subscription,Emp_31 SaaS_31,1,50.0,0.0
2024-06-01 09:00:00.000000,TechCorp_254,Pro Subscription,Emp_13 SaaS_13,1,200.0,0.0
2024-06-02 09:00:00.000000,TechCorp_22,Enterprise License,Emp_6 SaaS_6,7,14000.0,0.0
2024-06-02 10:00:00.000000,TechCorp_30,Pro Subscription,Emp_4 SaaS_4,1,200.0,0.0
2024-06-02 12:00:00.000000,TechCorp_35,Enterprise License,Emp_29 SaaS_29,3,6000.0,0.0
2024-06-02 18:00:00.000000,TechCorp_129,Starter Subscription,Emp_29 SaaS_29,1,50.0,0.0
2024-06-02 12:00:00.000000,TechCorp_175,Starter Subscription,Emp_31 SaaS_31,1,50.0,0.0
2024-06-02 15:00:00.000000,TechCorp_205,Starter Subscription,Emp_6 SaaS_6,1,50.0,0.0
2024-06-02 11:00:00.000000,TechCorp_274,Starter Subscription,Emp_21 SaaS_21,1,50.0,0.0
2024-06-02 10:00:00.000000,TechCorp_287,Pro Subscription,Emp_3 SaaS_3,1,200.0,0.0
2024-06-03 16:00:00.000000,TechCorp_31,Starter Subscription,Emp_4 SaaS_4,1,50.0,0.0
2024-06-03 08:00:00.000000,TechCorp_81,Pro Subscription,Emp_29 SaaS_29,1,200.0,0.0
2024-06-03 09:00:00.000000,TechCorp_109,Pro Subscription,Emp_12 SaaS_12,1,200.0,0.0
2024-06-03 15:00:00.000000,TechCorp_191,Pro Subscription,Emp_2 SaaS_2,1,200.0,0.0
2024-06-03 10:00:00.000000,TechCorp_201,Starter Subscription,Emp_13 SaaS_13,1,50.0,0.0
2024-06-03 15:00:00.000000,TechCorp_225,Enterprise License,Emp_0 SaaS_0,9,18000.0,0.0
2024-06-03 08:00:00.000000,TechCorp_269,Starter Subscription,Emp_0 SaaS_0,1,50.0,0.0
2024-06-04 18:00:00.000000,TechCorp_37,Starter Subscription,Emp_0 SaaS_0,1,50.0,0.0
2024-06-04 09:00:00.000000,TechCorp_51,Pro Subscription,Emp_29 SaaS_29,1,200.0,0.0
2024-06-04 08:00:00.000000,TechCorp_54,Starter Subscription,Emp_25 SaaS_25,1,50.0,0.0
2024-06-04 11:00:00.000000,TechCorp_83,Starter Subscription,Emp_29 SaaS_29,1,50.0,0.0
2024-06-04 16:00:00.000000,TechCorp_92,Pro Subscription,Emp_3 SaaS_3,1,200.0,0.0
2024-06-04 12:00:00.000000,TechCorp_108,Pro Subscription,Emp_21 SaaS_21,1,200.0,0.0
2024-06-04 16:00:00.000000,TechCorp_129,Starter Subscription,Emp_29 SaaS_29,1,50.0,0.0
2024-06-04 10:00:00.000000,TechCorp_156,Starter Subscription,Emp_21 SaaS_21,1,50.0,0.0
2024-06-04 15:00:00.000000,TechCorp_168,Enterprise License,Emp_0 SaaS_0,4,8000.0,0.0
2024-06-04 09:00:00.000000,TechCorp_205,Starter Subscription,Emp_12 SaaS_12,1,50.0,0.0
2024-06-04 10:00:00.000000,TechCorp_275,Starter Subscription,Emp_12 SaaS_12,1,50.0,0.0
2024-06-04 17:00:00.000000,TechCorp_279,Pro Subscription,Emp_31 SaaS_31,1,200.0,0.0
2024-06-05 12:00:00.000000,TechCorp_10,Pro Subscription,Emp_4 SaaS_4,1,200.0,0.0
2024-06-05 13:00:00.000000,TechCorp_21,Pro Subscription,Emp_4 SaaS_4,1,200.0,0.0
2024-06-05 10:00:00.000000,TechCorp_53,Starter Subscription,Emp_6 SaaS_6,1,50.0,0.0
2024-06-05 12:00:00.000000,TechCorp_62,Starter Subscription,Emp_21 SaaS_21,1,50.0,0.0
2024-06-05 14:00:00.000000,TechCorp_76,Starter Subscription,Emp_21 SaaS_21,1,50.0,0.0
2024-06-05 16:00:00.000000,TechCorp_100,Starter Subscription,Emp_2 SaaS_2,1,50.0,0.0
2024-06-05 09:00:00.000000,TechCorp_136,Pro Subscription,Emp_12 SaaS_12,1,200.0,0.0
2024-06-05 18:00:00.000000,TechCorp_155,Starter Subscription,Emp_3 SaaS_3,1,50.0,0.0
2024-06-05 10:00:00.000000,TechCorp_157,Starter Subscription,Emp_3 SaaS_3,1,50.0,0.0
2024-06-05 17:00:00.000000,TechCorp_178,Enterprise License,Emp_13 SaaS_13,10,20000.0,0.0
2024-06-05 08:00:00.000000,TechCorp_209,Pro Subscription,Emp_2 SaaS_2,1,200.0,0.0
2024-06-05 15:00:00.000000,TechCorp_251,Starter Subscription,Emp_29 SaaS_29,1,50.0,0.0
2024-06-05 10:00:00.000000,TechCorp_259,Starter Subscription,Emp_2 SaaS_2,1,50.0,0.0
2024-06-05 16:00:00.000000,TechCorp_272,Starter Subscription,Emp_3 SaaS_3,1,50.0,0.0
2024-06-05 08:00:00.000000,TechCorp_277,Enterprise License,Emp_25 SaaS_25,10,20000.0,0.0
2024-06-05 10:00:00.000000,TechCorp_294,Pro Subscription,Emp_25 SaaS_25,1,200.0,0.0
2024-06-06 10:00:00.000000,TechCorp_10,Pro Subscription,Emp_4 SaaS_4,1,200.0,0.0
2024-06-06 17:00:00.000000,TechCorp_41,Pro Subscription,Emp_13 SaaS_13,1,200.0,0.0
2024-06-06 13:00:00.000000,TechCorp_82,Starter Subscription,Emp_21 SaaS_21,1,50.0,0.0
2024-06-06 15:00:00.000000,TechCorp_107,Starter Subscription,Emp_25 SaaS_25,1,50.0,0.0
2024-06-06 17:00:00.000000,TechCorp_119,Starter Subscription,Emp_4 SaaS_4,1,50.0,0.0
2024-06-06 08:00:00.000000,TechCorp_128,Starter Subscription,Emp_21 SaaS_21,1,50.0,0.0
2024-06-06 08:00:00.000000,TechCorp_150,Starter Subscription,Emp_29 SaaS_29,1,50.0,0.0
2024-06-06 08:00:00.000000,TechCorp_273,Pro Subscription,Emp_19 SaaS_19,1,200.0,0.0
2024-06-06 14:00:00.000000,TechCorp_285,Starter Subscription,Emp_3 SaaS_3,1,50.0,0.0
2024-06-07 10:00:00.000000,TechCorp_65,Starter Subscription,Emp_3 SaaS_3,1,50.0,0.0
2024-06-07 10:00:00.000000,TechCorp_76,Starter Subscription,Emp_6 SaaS_6,1,50.0,0.0
2024-06-07 12:00:00.000000,TechCorp_77,Pro Subscription,Emp_29 SaaS_29,1,200.0,0.0
2024-06-07 13:00:00.000000,TechCorp_100,Starter Subscription,Emp_29 SaaS_29,1,50.0,0.0
2024-06-07 09:00:00.000000,TechCorp_104,Starter Subscription,Emp_29 SaaS_29,1,50.0,0.0
2024-06-07 15:00:00.000000,TechCorp_140,Starter Subscription,Emp_3 SaaS_3,1,50.0,0.0
2024-06-07 10:00:00.000000,TechCorp_141,Starter Subscription,Emp_31 SaaS_31,1,50.0,0.0
2024-06-07 12:00:00.000000,TechCorp_171,Pro Subscription,Emp_3 SaaS_3,1,200.0,0.0
2024-06-07 18:00:00.000000,TechCorp_187,Starter Subscription,Emp_0 SaaS_0,1,50.0,0.0
2024-06-07 08:00:00.000000,TechCorp_234,Starter Subscription,Emp_6 SaaS_6,1,50.0,0.0
2024-06-07 12:00:00.000000,TechCorp_237,Pro Subscription,Emp_6 SaaS_6,1,200.0,0.0
2024-06-07 16:00:00.000000,TechCorp_277,Enterprise License,Emp_31 SaaS_31,4,8000.0,0.0
2024-06-07 11:00:00.000000,TechCorp_291,Starter Subscription,Emp_12 SaaS_12,1,50.0,0.0
2024-06-07 11:00:00.000000,TechCorp_297,Starter Subscription,Emp_3 SaaS_3,1,50.0,0.0
2024-06-08 17:00:00.000000,TechCorp_9,Starter Subscription,Emp_31 SaaS_31,1,50.0,0.0
2024-06-08 11:00:00.000000,TechCorp_64,Pro Subscription,Emp_31 SaaS_31,1,200.0,0.0
2024-06-08 10:00:00.000000,TechCorp_138,Starter Subscription,Emp_29 SaaS_29,1,50.0,0.0
2024-06-08 15:00:00.000000,TechCorp_164,Pro Subscription,Emp_19 SaaS_19,1,200.0,0.0
2024-06-08 15:00:00.000000,TechCorp_170,Starter Subscription,Emp_6 SaaS_6,1,50.0,0.0
2024-06-08 08:00:00.000000,TechCorp_179,Enterprise License,Emp_13 SaaS_13,4,8000.0,0.0
2024-06-08 18:00:00.000000,TechCorp_201,Starter Subscription,Emp_2 SaaS_2,1,50.0,0.0
2024-06-08 11:00:00.000000,TechCorp_213,Starter Subscription,Emp_4 SaaS_4,1,50.0,0.0
2024-06-08 08:00:00.000000,TechCorp_221,Starter Subscription,Emp_31 SaaS_31,1,50.0,0.0
2024-06-08 10:00:00.000000,TechCorp_248,Starter Subscription,Emp_6 SaaS_6,1,50.0,0.0
2024-06-08 13:00:00.000000,TechCorp_258,Enterprise License,Emp_31 SaaS_31,8,16000.0,0.0
2024-06-08 10:00:00.000000,TechCorp_284,Starter Subscription,Emp_31 SaaS_31,1,50.0,0.0
2024-06-09 12:00:00.000000,TechCorp_31,Starter Subscription,Emp_2 SaaS_2,1,50.0,0.0
2024-06-09 10:00:00.000000,TechCorp_94,Starter Subscription,Emp_13 SaaS_13,1,50.0,0.0
2024-06-09 11:00:00.000000,TechCorp_132,Pro Subscription,Emp_13 SaaS_13,1,200.0,0.0
2024-06-09 18:00:00.000000,TechCorp_139,Starter Subscription,Emp_4 SaaS_4,1,50.0,0.0
2024-06-09 15:00:00.000000,TechCorp_164,Pro Subscription,Emp_12 SaaS_12,1,200.0,0.0
2024-06-09 18:00:00.000000,TechCorp_171,Pro Subscription,Emp_2 SaaS_2,1,200.0,0.0
2024-06-09 14:00:00.000000,TechCorp_190,Pro Subscription,Emp_19 SaaS_19,1,200.0,0.0
2024-06-09 16:00:00.000000,TechCorp_204,Pro Subscription,Emp_13 SaaS_13,1,200.0,0.0
2024-06-09 15:00:00.000000,TechCorp_237,Pro Subscription,Emp_4 SaaS_4,1,200.0,0.0
2024-06-09 08:00:00.000000,TechCorp_248,Starter Subscription,Emp_31 SaaS_31,1,50.0,0.0
2024-06-09 15:00:00.000000,TechCorp_289,Starter Subscription,Emp_3 SaaS_3,1,50.0,0.0
2024-06-10 15:00:00.000000,TechCorp_51,Pro Subscription,Emp_19 SaaS_19,1,200.0,0.0
2024-06-10 13:00:00.000000,TechCorp_156,Starter Subscription,Emp_12 SaaS_12,1,50.0,0.0
2024-06-10 16:00:00.000000,TechCorp_158,Starter Subscription,Emp_29 SaaS_29,1,50.0,0.0
2024-06-10 10:00:00.000000,TechCorp_162,Enterprise License,Emp_21 SaaS_21,7,14000.0,0.0
2024-06-10 10:00:00.000000,TechCorp_174,Pro Subscription,Emp_31 SaaS_31,1,200.0,0.0
2024-06-10 17:00:00.000000,TechCorp_200,Pro Subscription,Emp_12 SaaS_12,1,200.0,0.0
2024-06-10 08:00:00.000000,TechCorp_207,Starter Subscription,Emp_0 SaaS_0,1,50.0,0.0
2024-06-10 17:00:00.000000,TechCorp_218,Starter Subscription,Emp_2 SaaS_2,1,50.0,0.0
2024-06-10 14:00:00.000000,TechCorp_239,Starter Subscription,Emp_4 SaaS_4,1,50.0,0.0
2024-06-10 15:00:00.000000,TechCorp_254,Pro Subscription,Emp_21 SaaS_21,1,200.0,0.0
2024-06-10 11:00:00.000000,TechCorp_274,Starter Subscription,Emp_31 SaaS_31,1,50.0,0.0
2024-06-11 14:00:00.000000,TechCorp_70,Starter Subscription,Emp_29 SaaS_29,1,50.0,0.0
2024-06-11 12:00:00.000000,TechCorp_76,Starter Subscription,Emp_6 SaaS_6,1,50.0,0.0
2024-06-11 10:00:00.000000,TechCorp_94,Starter Subscription,Emp_29 SaaS_29,1,50.0,0.0
2024-06-11 15:00:00.000000,TechCorp_105,Starter Subscription,Emp_3 SaaS_3,1,50.0,0.0
2024-06-11 14:00:00.000000,TechCorp_141,Starter Subscription,Emp_25 SaaS_25,1,50.0,0.0
2024-06-11 14:00:00.000000,TechCorp_145,Starter Subscription,Emp_6 SaaS_6,1,50.0,0.0
2024-06-11 18:00:00.000000,TechCorp_150,Starter Subscription,Emp_6 SaaS_6,1,50.0,0.0
2024-06-11 15:00:00.000000,TechCorp_191,Pro Subscription,Emp_0 SaaS_0,1,200.0,0.0
2024-06-11 08:00:00.000000,TechCorp_228,Starter Subscription,Emp_25 SaaS_25,1,50.0,0.0
2024-06-11 12:00:00.000000,TechCorp_258,Enterprise License,Emp_4 SaaS_4,7,14000.0,0.0
2024-06-11 15:00:00.000000,TechCorp_280,Pro Subscription,Emp_12 SaaS_12,1,200.0,0.0
2024-06-11 14:00:00.000000,TechCorp_283,Starter Subscription,Emp_13 SaaS_13,1,50.0,0.0
2024-06-11 14:00:00.000000,TechCorp_291,Starter Subscription,Emp_4 SaaS_4,1,50.0,0.0
2024-06-12 11:00:00.000000,TechCorp_3,Pro Subscription,Emp_4 SaaS_4,1,200.0,0.0
2024-06-12 10:00:00.000000,TechCorp_41,Pro Subscription,Emp_12 SaaS_12,1,200.0,0.0
2024-06-12 09:00:00.000000,TechCorp_59,Pro Subscription,Emp_21 SaaS_21,1,200.0,0.0
2024-06-12 11:00:00.000000,TechCorp_92,Pro Subscription,Emp_21 SaaS_21,1,200.0,0.0
2024-06-12 09:00:00.000000,TechCorp_106,Starter Subscription,Emp_25 SaaS_25,1,50.0,0.0
2024-06-12 12:00:00.000000,TechCorp_121,Pro Subscription,Emp_6 SaaS_6,1,200.0,0.0
2024-06-12 15:00:00.000000,TechCorp_124,Starter Subscription,Emp_3 SaaS_3,1,50.0,0.0
2024-06-12 17:00:00.000000,TechCorp_144,Starter Subscription,Emp_4 SaaS_4,1,50.0,0.0
2024-06-12 17:00:00.000000,TechCorp_172,Pro Subscription,Emp_13 SaaS_13,1,200.0,0.0
2024-06-12 12:00:00.000000,TechCorp_174,Pro Subscription,Emp_2 SaaS_2,1,200.0,0.0
2024-06-12 14:00:00.000000,TechCorp_180,Starter Subscription,Emp_13 SaaS_13,1,50.0,0.0
2024-06-12 08:00:00.000000,TechCorp_203,Starter Subscription,Emp_31 SaaS_31,1,50.0,0.0
2024-06-12 12:00:00.000000,TechCorp_248,Starter Subscription,Emp_31 SaaS_31,1,50.0,0.0
2024-06-12 15:00:00.000000,TechCorp_267,Pro Subscription,Emp_21 SaaS_21,1,200.0,0.0
2024-06-12 16:00:00.000000,TechCorp_278,Starter Subscription,Emp_4 SaaS_4,1,50.0,0.0
2024-06-13 12:00:00.000000,TechCorp_10,Pro Subscription,Emp_19 SaaS_19,1,200.0,0.0
2024-06-13 08:00:00.000000,TechCorp_48,Pro Subscription,Emp_3 SaaS_3,1,200.0,0.0
2024-06-13 11:00:00.000000,TechCorp_53,Starter Subscription,Emp_13 SaaS_13,1,50.0,0.0
2024-06-13 10:00:00.000000,TechCorp_92,Pro Subscription,Emp_19 SaaS_19,1,200.0,0.0
2024-06-13 17:00:00.000000,TechCorp_106,Starter Subscription,Emp_4 SaaS_4,1,50.0,0.0
2024-06-13 12:00:00.000000,TechCorp_128,Starter Subscription,Emp_6 SaaS_6,1,50.0,0.0
2024-06-13 08:00:00.000000,TechCorp_132,Pro Subscription,Emp_2 SaaS_2,1,200.0,0.0
2024-06-13 12:00:00.000000,TechCorp_136,Pro Subscription,Emp_29 SaaS_29,1,200.0,0.0
2024-06-13 14:00:00.000000,TechCorp_221,Starter Subscription,Emp_3 SaaS_3,1,50.0,0.0
2024-06-13 14:00:00.000000,TechCorp_250,Starter Subscription,Emp_13 SaaS_13,1,50.0,0.0
2024-06-13 13:00:00.000000,TechCorp_254,Pro Subscription,Emp_12 SaaS_12,1,200.0,0.0
2024-06-14 09:00:00.000000,TechCorp_12,Pro Subscription,Emp_0 SaaS_0,1,200.0,0.0
2024-06-14 10:00:00.000000,TechCorp_23,Pro Subscription,Emp_0 SaaS_0,1,200.0,0.0
2024-06-14 18:00:00.000000,TechCorp_42,Pro Subscription,Emp_4 SaaS_4,1,200.0,0.0
2024-06-14 08:00:00.000000,TechCorp_51,Pro Subscription,Emp_31 SaaS_31,1,200.0,0.0
2024-06-14 12:00:00.000000,TechCorp_87,Pro Subscription,Emp_4 SaaS_4,1,200.0,0.0
2024-06-14 17:00:00.000000,TechCorp_103,Starter Subscription,Emp_12 SaaS_12,1,50.0,0.0
2024-06-14 18:00:00.000000,TechCorp_107,Starter Subscription,Emp_31 SaaS_31,1,50.0,0.0
2024-06-14 13:00:00.000000,TechCorp_123,Starter Subscription,Emp_6 SaaS_6,1,50.0,0.0
2024-06-14 16:00:00.000000,TechCorp_141,Starter Subscription,Emp_25 SaaS_25,1,50.0,0.0
2024-06-14 15:00:00.000000,TechCorp_157,Starter Subscription,Emp_4 SaaS_4,1,50.0,0.0
2024-06-14 18:00:00.000000,TechCorp_203,Starter Subscription,Emp_0 SaaS_0,1,50.0,0.0
2024-06-14 08:00:00.000000,TechCorp_229,Pro Subscription,Emp_19 SaaS_19,1,200.0,0.0
2024-06-14 11:00:00.000000,TechCorp_268,Starter Subscription,Emp_0 SaaS_0,1,50.0,0.0
2024-06-14 12:00:00.000000,TechCorp_272,Starter Subscription,Emp_6 SaaS_6,1,50.0,0.0
2024-06-14 10:00:00.000000,TechCorp_297,Starter Subscription,Emp_31 SaaS_31,1,50.0,0.0
2024-06-15 08:00:00.000000,TechCorp_16,Enterprise License,Emp_3 SaaS_3,2,4000.0,0.0
2024-06-15 10:00:00.000000,TechCorp_29,Pro Subscription,Emp_0 SaaS_0,1,200.0,0.0
2024-06-15 12:00:00.000000,TechCorp_31,Starter Subscription,Emp_19 SaaS_19,1,50.0,0.0
2024-06-15 16:00:00.000000,TechCorp_36,Starter Subscription,Emp_31 SaaS_31,1,50.0,0.0
2024-06-15 16:00:00.000000,TechCorp_48,Pro Subscription,Emp_25 SaaS_25,1,200.0,0.0
2024-06-15 17:00:00.000000,TechCorp_67,Starter Subscription,Emp_2 SaaS_2,1,50.0,0.0
2024-06-15 18:00:00.000000,TechCorp_69,Pro Subscription,Emp_2 SaaS_2,1,200.0,0.0
2024-06-15 13:00:00.000000,TechCorp_99,Starter Subscription,Emp_3 SaaS_3,1,50.0,0.0
2024-06-15 10:00:00.000000,TechCorp_112,Starter Subscription,Emp_0 SaaS_0,1,50.0,0.0
2024-06-15 09:00:00.000000,TechCorp_123,Starter Subscription,Emp_13 SaaS_13,1,50.0,0.0
2024-06-15 12:00:00.000000,TechCorp_143,Starter Subscription,Emp_29 SaaS_29,1,50.0,0.0
2024-06-15 17:00:00.000000,TechCorp_146,Starter Subscription,Emp_6 SaaS_6,1,50.0,0.0
2024-06-15 13:00:00.000000,TechCorp_150,Starter Subscription,Emp_13 SaaS_13,1,50.0,0.0
2024-06-15 14:00:00.000000,TechCorp_217,Starter Subscription,Emp_31 SaaS_31,1,50.0,0.0
2024-06-15 14:00:00.000000,TechCorp_286,Starter Subscription,Emp_4 SaaS_4,1,50.0,0.0
2024-06-16 15:00:00.000000,TechCorp_3,Pro Subscription,Emp_29 SaaS_29,1,200.0,0.0
2024-06-16 09:00:00.000000,TechCorp_4,Starter Subscription,Emp_3 SaaS_3,1,50.0,0.0
2024-06-16 12:00:00.000000,TechCorp_7,Pro Subscription,Emp_4 SaaS_4,1,200.0,0.0
2024-06-16 16:00:00.000000,TechCorp_12,Pro Subscription,Emp_3 SaaS_3,1,200.0,0.0
2024-06-16 10:00:00.000000,TechCorp_114,Starter Subscription,Emp_21 SaaS_21,1,50.0,0.0
2024-06-16 11:00:00.000000,TechCorp_116,Starter Subscription,Emp_4 SaaS_4,1,50.0,0.0
2024-06-16 15:00:00.000000,TechCorp_124,Starter Subscription,Emp_25 SaaS_25,1,50.0,0.0
2024-06-16 11:00:00.000000,TechCorp_151,Starter Subscription,Emp_25 SaaS_25,1,50.0,0.0
2024-06-16 14:00:00.000000,TechCorp_184,Enterprise License,Emp_19 SaaS_19,7,14000.0,0.0
2024-06-16 08:00:00.000000,TechCorp_200,Pro Subscription,Emp_21 SaaS_21,1,200.0,0.0
2024-06-16 08:00:00.000000,TechCorp_220,Enterprise License,Emp_13 SaaS_13,2,4000.0,0.0
2024-06-16 08:00:00.000000,TechCorp_256,Starter Subscription,Emp_12 SaaS_12,1,50.0,0.0
2024-06-16 12:00:00.000000,TechCorp_285,Starter Subscription,Emp_2 SaaS_2,1,50.0,0.0
2024-06-17 12:00:00.000000,TechCorp_8,Starter Subscription,Emp_2 SaaS_2,1,50.0,0.0
2024-06-17 16:00:00.000000,TechCorp_25,Starter Subscription,Emp_4 SaaS_4,1,50.0,0.0
2024-06-17 10:00:00.000000,TechCorp_31,Starter Subscription,Emp_31 SaaS_31,1,50.0,0.0
2024-06-17 14:00:00.000000,TechCorp_98,Starter Subscription,Emp_31 SaaS_31,1,50.0,0.0
2024-06-17 11:00:00.000000,TechCorp_102,Pro Subscription,Emp_12 SaaS_12,1,200.0,0.0
2024-06-17 16:00:00.000000,TechCorp_103,Starter Subscription,Emp_4 SaaS_4,1,50.0,0.0
2024-06-17 15:00:00.000000,TechCorp_106,Starter Subscription,Emp_21 SaaS_21,1,50.0,0.0
2024-06-17 14:00:00.000000,TechCorp_123,Starter Subscription,Emp_25 SaaS_25,1,50.0,0.0
2024-06-17 11:00:00.000000,TechCorp_152,Pro Subscription,Emp_6 SaaS_6,1,200.0,0.0
2024-06-17 15:00:00.000000,TechCorp_176,Starter Subscription,Emp_2 SaaS_2,1,50.0,0.0
2024-06-17 14:00:00.000000,TechCorp_222,Pro Subscription,Emp_31 SaaS_31,1,200.0,0.0
2024-06-17 16:00:00.000000,TechCorp_223,Enterprise License,Emp_0 SaaS_0,8,16000.0,0.0
2024-06-17 11:00:00.000000,TechCorp_227,Starter Subscription,Emp_3 SaaS_3,1,50.0,0.0
2024-06-17 16:00:00.000000,TechCorp_251,Starter Subscription,Emp_21 SaaS_21,1,50.0,0.0
2024-06-17 17:00:00.000000,TechCorp_285,Starter Subscription,Emp_21 SaaS_21,1,50.0,0.0
2024-06-17 10:00:00.000000,TechCorp_289,Starter Subscription,Emp_25 SaaS_25,1,50.0,0.0
2024-06-18 16:00:00.000000,TechCorp_25,Starter Subscription,Emp_21 SaaS_21,1,50.0,0.0
2024-06-18 18:00:00.000000,TechCorp_34,Starter Subscription,Emp_21 SaaS_21,1,50.0,0.0
2024-06-18 11:00:00.000000,TechCorp_65,Starter Subscription,Emp_12 SaaS_12,1,50.0,0.0
2024-06-18 09:00:00.000000,TechCorp_66,Pro Subscription,Emp_12 SaaS_12,1,200.0,0.0
2024-06-18 16:00:00.000000,TechCorp_85,Starter Subscription,Emp_0 SaaS_0,1,50.0,0.0
2024-06-18 09:00:00.000000,TechCorp_92,Pro Subscription,Emp_2 SaaS_2,1,200.0,0.0
2024-06-18 16:00:00.000000,TechCorp_119,Starter Subscription,Emp_19 SaaS_19,1,50.0,0.0
2024-06-18 13:00:00.000000,TechCorp_141,Starter Subscription,Emp_19 SaaS_19,1,50.0,0.0
2024-06-18 10:00:00.000000,TechCorp_147,Pro Subscription,Emp_21 SaaS_21,1,200.0,0.0
2024-06-18 12:00:00.000000,TechCorp_155,Starter Subscription,Emp_13 SaaS_13,1,50.0,0.0
2024-06-18 13:00:00.000000,TechCorp_170,Starter Subscription,Emp_25 SaaS_25,1,50.0,0.0
2024-06-18 12:00:00.000000,TechCorp_210,Pro Subscription,Emp_29 SaaS_29,1,200.0,0.0
2024-06-18 17:00:00.000000,TechCorp_274,Starter Subscription,Emp_12 SaaS_12,1,50.0,0.0
2024-06-18 18:00:00.000000,TechCorp_287,Pro Subscription,Emp_13 SaaS_13,1,200.0,0.0
2024-06-18 15:00:00.000000,TechCorp_292,Starter Subscription,Emp_13 SaaS_13,1,50.0,0.0
2024-06-18 17:00:00.000000,TechCorp_294,Pro Subscription,Emp_6 SaaS_6,1,200.0,0.0
2024-06-19 09:00:00.000000,TechCorp_21,Pro Subscription,Emp_0 SaaS_0,1,200.0,0.0
2024-06-19 15:00:00.000000,TechCorp_49,Starter Subscription,Emp_3 SaaS_3,1,50.0,0.0
2024-06-19 14:00:00.000000,TechCorp_70,Starter Subscription,Emp_29 SaaS_29,1,50.0,0.0
2024-06-19 15:00:00.000000,TechCorp_99,Starter Subscription,Emp_12 SaaS_12,1,50.0,0.0
2024-06-19 13:00:00.000000,TechCorp_147,Pro Subscription,Emp_3 SaaS_3,1,200.0,0.0
2024-06-19 13:00:00.000000,TechCorp_157,Starter Subscription,Emp_0 SaaS_0,1,50.0,0.0
2024-06-19 11:00:00.000000,TechCorp_234,Starter Subscription,Emp_31 SaaS_31,1,50.0,0.0
2024-06-19 17:00:00.000000,TechCorp_237,Pro Subscription,Emp_21 SaaS_21,1,200.0,0.0
2024-06-19 15:00:00.000000,TechCorp_272,Starter Subscription,Emp_12 SaaS_12,1,50.0,0.0
2024-06-19 14:00:00.000000,TechCorp_287,Pro Subscription,Emp_29 SaaS_29,1,200.0,0.0
2024-06-19 15:00:00.000000,TechCorp_289,Starter Subscription,Emp_29 SaaS_29,1,50.0,0.0
2024-06-20 15:00:00.000000,TechCorp_48,Pro Subscription,Emp_3 SaaS_3,1,200.0,0.0
2024-06-20 17:00:00.000000,TechCorp_51,Pro Subscription,Emp_31 SaaS_31,1,200.0,0.0
2024-06-20 09:00:00.000000,TechCorp_57,Pro Subscription,Emp_12 SaaS_12,1,200.0,0.0
2024-06-20 17:00:00.000000,TechCorp_66,Pro Subscription,Emp_13 SaaS_13,1,200.0,0.0
2024-06-20 13:00:00.000000,TechCorp_68,Pro Subscription,Emp_0 SaaS_0,1,200.0,0.0
2024-06-20 13:00:00.000000,TechCorp_70,Starter Subscription,Emp_2 SaaS_2,1,50.0,0.0
2024-06-20 09:00:00.000000,TechCorp_79,Pro Subscription,Emp_25 SaaS_25,1,200.0,0.0
2024-06-20 14:00:00.000000,TechCorp_88,Pro Subscription,Emp_12 SaaS_12,1,200.0,0.0
2024-06-20 11:00:00.000000,TechCorp_109,Pro Subscription,Emp_21 SaaS_21,1,200.0,0.0
2024-06-20 13:00:00.000000,TechCorp_116,Starter Subscription,Emp_6 SaaS_6,1,50.0,0.0
2024-06-20 13:00:00.000000,TechCorp_154,Starter Subscription,Emp_6 SaaS_6,1,50.0,0.0
2024-06-20 18:00:00.000000,TechCorp_157,Starter Subscription,Emp_6 SaaS_6,1,50.0,0.0
2024-06-20 08:00:00.000000,TechCorp_171,Pro Subscription,Emp_2 SaaS_2,1,200.0,0.0
2024-06-20 16:00:00.000000,TechCorp_237,Pro Subscription,Emp_21 SaaS_21,1,200.0,0.0
2024-06-20 08:00:00.000000,TechCorp_241,Pro Subscription,Emp_31 SaaS_31,1,200.0,0.0
2024-06-20 11:00:00.000000,TechCorp_248,Starter Subscription,Emp_6 SaaS_6,1,50.0,0.0
2024-06-20 14:00:00.000000,TechCorp_253,Enterprise License,Emp_2 SaaS_2,4,8000.0,0.0
2024-06-20 11:00:00.000000,TechCorp_278,Starter Subscription,Emp_13 SaaS_13,1,50.0,0.0
2024-06-20 09:00:00.000000,TechCorp_282,Starter Subscription,Emp_6 SaaS_6,1,50.0,0.0
2024-06-21 15:00:00.000000,TechCorp_0,Pro Subscription,Emp_19 SaaS_19,1,200.0,0.0
2024-06-21 16:00:00.000000,TechCorp_26,Starter Subscription,Emp_21 SaaS_21,1,50.0,0.0
2024-06-21 14:00:00.000000,TechCorp_52,Starter Subscription,Emp_19 SaaS_19,1,50.0,0.0
2024-06-21 17:00:00.000000,TechCorp_87,Pro Subscription,Emp_31 SaaS_31,1,200.0,0.0
2024-06-21 16:00:00.000000,TechCorp_99,Starter Subscription,Emp_2 SaaS_2,1,50.0,0.0
2024-06-21 15:00:00.000000,TechCorp_214,Starter Subscription,Emp_31 SaaS_31,1,50.0,0.0
2024-06-21 15:00:00.000000,TechCorp_243,Pro Subscription,Emp_29 SaaS_29,1,200.0,0.0
2024-06-21 09:00:00.000000,TechCorp_250,Starter Subscription,Emp_29 SaaS_29,1,50.0,0.0
2024-06-21 17:00:00.000000,TechCorp_252,Pro Subscription,Emp_29 SaaS_29,1,200.0,0.0
2024-06-21 18:00:00.000000,TechCorp_257,Pro Subscription,Emp_12 SaaS_12,1,200.0,0.0
2024-06-21 16:00:00.000000,TechCorp_286,Starter Subscription,Emp_6 SaaS_6,1,50.0,0.0
2024-06-21 11:00:00.000000,TechCorp_289,Starter Subscription,Emp_2 SaaS_2,1,50.0,0.0
2024-06-21 16:00:00.000000,TechCorp_296,Pro Subscription,Emp_0 SaaS_0,1,200.0,0.0
2024-06-22 12:00:00.000000,TechCorp_4,Starter Subscription,Emp_12 SaaS_12,1,50.0,0.0
2024-06-22 17:00:00.000000,TechCorp_27,Pro Subscription,Emp_6 SaaS_6,1,200.0,0.0
2024-06-22 16:00:00.000000,TechCorp_44,Starter Subscription,Emp_0 SaaS_0,1,50.0,0.0
2024-06-22 14:00:00.000000,TechCorp_50,Starter Subscription,Emp_12 SaaS_12,1,50.0,0.0
2024-06-22 11:00:00.000000,TechCorp_68,Pro Subscription,Emp_3 SaaS_3,1,200.0,0.0
2024-06-22 16:00:00.000000,TechCorp_88,Pro Subscription,Emp_29 SaaS_29,1,200.0,0.0
2024-06-22 15:00:00.000000,TechCorp_107,Starter Subscription,Emp_19 SaaS_19,1,50.0,0.0
2024-06-22 10:00:00.000000,TechCorp_112,Starter Subscription,Emp_6 SaaS_6,1,50.0,0.0
2024-06-22 08:00:00.000000,TechCorp_121,Pro Subscription,Emp_4 SaaS_4,1,200.0,0.0
2024-06-22 10:00:00.000000,TechCorp_158,Starter Subscription,Emp_6 SaaS_6,1,50.0,0.0
2024-06-22 09:00:00.000000,TechCorp_168,Enterprise License,Emp_29 SaaS_29,2,4000.0,0.0
2024-06-22 11:00:00.000000,TechCorp_190,Pro Subscription,Emp_19 SaaS_19,1,200.0,0.0
2024-06-22 09:00:00.000000,TechCorp_194,Starter Subscription,Emp_19 SaaS_19,1,50.0,0.0
2024-06-22 13:00:00.000000,TechCorp_231,Pro Subscription,Emp_2 SaaS_2,1,200.0,0.0
2024-06-22 14:00:00.000000,TechCorp_241,Pro Subscription,Emp_2 SaaS_2,1,200.0,0.0
2024-06-22 08:00:00.000000,TechCorp_252,Pro Subscription,Emp_31 SaaS_31,1,200.0,0.0
2024-06-23 17:00:00.000000,TechCorp_59,Pro Subscription,Emp_13 SaaS_13,1,200.0,0.0
2024-06-23 17:00:00.000000,TechCorp_79,Pro Subscription,Emp_21 SaaS_21,1,200.0,0.0
2024-06-23 09:00:00.000000,TechCorp_83,Starter Subscription,Emp_4 SaaS_4,1,50.0,0.0
2024-06-23 13:00:00.000000,TechCorp_87,Pro Subscription,Emp_19 SaaS_19,1,200.0,0.0
2024-06-23 14:00:00.000000,TechCorp_102,Pro Subscription,Emp_3 SaaS_3,1,200.0,0.0
2024-06-23 18:00:00.000000,TechCorp_159,Starter Subscription,Emp_12 SaaS_12,1,50.0,0.0
2024-06-23 18:00:00.000000,TechCorp_171,Pro Subscription,Emp_4 SaaS_4,1,200.0,0.0
2024-06-23 14:00:00.000000,TechCorp_174,Pro Subscription,Emp_3 SaaS_3,1,200.0,0.0
2024-06-23 17:00:00.000000,TechCorp_265,Pro Subscription,Emp_25 SaaS_25,1,200.0,0.0
2024-06-24 09:00:00.000000,TechCorp_21,Pro Subscription,Emp_21 SaaS_21,1,200.0,0.0
2024-06-24 09:00:00.000000,TechCorp_35,Enterprise License,Emp_4 SaaS_4,8,16000.0,0.0
2024-06-24 10:00:00.000000,TechCorp_80,Enterprise License,Emp_31 SaaS_31,9,18000.0,0.0
2024-06-24 18:00:00.000000,TechCorp_82,Starter Subscription,Emp_19 SaaS_19,1,50.0,0.0
2024-06-24 12:00:00.000000,TechCorp_83,Starter Subscription,Emp_29 SaaS_29,1,50.0,0.0
2024-06-24 15:00:00.000000,TechCorp_109,Pro Subscription,Emp_31 SaaS_31,1,200.0,0.0
2024-06-24 15:00:00.000000,TechCorp_111,Pro Subscription,Emp_31 SaaS_31,1,200.0,0.0
2024-06-24 10:00:00.000000,TechCorp_118,Pro Subscription,Emp_25 SaaS_25,1,200.0,0.0
2024-06-24 10:00:00.000000,TechCorp_213,Starter Subscription,Emp_4 SaaS_4,1,50.0,0.0
2024-06-24 09:00:00.000000,TechCorp_215,Starter Subscription,Emp_13 SaaS_13,1,50.0,0.0
2024-06-24 09:00:00.000000,TechCorp_225,Enterprise License,Emp_29 SaaS_29,6,12000.0,0.0
2024-06-24 13:00:00.000000,TechCorp_260,Starter Subscription,Emp_31 SaaS_31,1,50.0,0.0
2024-06-24 13:00:00.000000,TechCorp_277,Enterprise License,Emp_25 SaaS_25,9,18000.0,0.0
2024-06-24 14:00:00.000000,TechCorp_281,Pro Subscription,Emp_19 SaaS_19,1,200.0,0.0
2024-06-24 16:00:00.000000,TechCorp_296,Pro Subscription,Emp_21 SaaS_21,1,200.0,0.0
2024-06-25 08:00:00.000000,TechCorp_23,Pro Subscription,Emp_12 SaaS_12,1,200.0,0.0
2024-06-25 11:00:00.000000,TechCorp_33,Enterprise License,Emp_0 SaaS_0,10,20000.0,0.0
2024-06-25 08:00:00.000000,TechCorp_37,Starter Subscription,Emp_29 SaaS_29,1,50.0,0.0
2024-06-25 18:00:00.000000,TechCorp_86,Starter Subscription,Emp_6 SaaS_6,1,50.0,0.0
2024-06-25 14:00:00.000000,TechCorp_146,Starter Subscription,Emp_0 SaaS_0,1,50.0,0.0
2024-06-25 14:00:00.000000,TechCorp_149,Starter Subscription,Emp_29 SaaS_29,1,50.0,0.0
2024-06-25 15:00:00.000000,TechCorp_193,Enterprise License,Emp_3 SaaS_3,8,16000.0,0.0
2024-06-25 15:00:00.000000,TechCorp_253,Enterprise License,Emp_2 SaaS_2,7,14000.0,0.0
2024-06-26 10:00:00.000000,TechCorp_34,Starter Subscription,Emp_29 SaaS_29,1,50.0,0.0
2024-06-26 16:00:00.000000,TechCorp_41,Pro Subscription,Emp_4 SaaS_4,1,200.0,0.0
2024-06-26 17:00:00.000000,TechCorp_45,Pro Subscription,Emp_0 SaaS_0,1,200.0,0.0
2024-06-26 17:00:00.000000,TechCorp_54,Starter Subscription,Emp_2 SaaS_2,1,50.0,0.0
2024-06-26 11:00:00.000000,TechCorp_64,Pro Subscription,Emp_21 SaaS_21,1,200.0,0.0
2024-06-26 16:00:00.000000,TechCorp_115,Enterprise License,Emp_12 SaaS_12,4,8000.0,0.0
2024-06-26 17:00:00.000000,TechCorp_147,Pro Subscription,Emp_0 SaaS_0,1,200.0,0.0
2024-06-26 15:00:00.000000,TechCorp_163,Pro Subscription,Emp_29 SaaS_29,1,200.0,0.0
2024-06-26 13:00:00.000000,TechCorp_164,Pro Subscription,Emp_29 SaaS_29,1,200.0,0.0
2024-06-26 09:00:00.000000,TechCorp_178,Enterprise License,Emp_25 SaaS_25,7,14000.0,0.0
2024-06-26 10:00:00.000000,TechCorp_186,Starter Subscription,Emp_12 SaaS_12,1,50.0,0.0
2024-06-26 18:00:00.000000,TechCorp_224,Pro Subscription,Emp_3 SaaS_3,1,200.0,0.0
2024-06-26 10:00:00.000000,TechCorp_269,Starter Subscription,Emp_29 SaaS_29,1,50.0,0.0
2024-06-26 18:00:00.000000,TechCorp_291,Starter Subscription,Emp_19 SaaS_19,1,50.0,0.0
2024-06-27 10:00:00.000000,TechCorp_32,Starter Subscription,Emp_6 SaaS_6,1,50.0,0.0
2024-06-27 14:00:00.000000,TechCorp_53,Starter Subscription,Emp_21 SaaS_21,1,50.0,0.0
2024-06-27 10:00:00.000000,TechCorp_65,Starter Subscription,Emp_13 SaaS_13,1,50.0,0.0
2024-06-27 18:00:00.000000,TechCorp_74,Pro Subscription,Emp_25 SaaS_25,1,200.0,0.0
2024-06-27 16:00:00.000000,TechCorp_133,Pro Subscription,Emp_13 SaaS_13,1,200.0,0.0
2024-06-27 10:00:00.000000,TechCorp_137,Pro Subscription,Emp_2 SaaS_2,1,200.0,0.0
2024-06-27 08:00:00.000000,TechCorp_140,Starter Subscription,Emp_13 SaaS_13,1,50.0,0.0
2024-06-27 11:00:00.000000,TechCorp_141,Starter Subscription,Emp_29 SaaS_29,1,50.0,0.0
2024-06-27 09:00:00.000000,TechCorp_164,Pro Subscription,Emp_2 SaaS_2,1,200.0,0.0
2024-06-27 17:00:00.000000,TechCorp_181,Starter Subscription,Emp_12 SaaS_12,1,50.0,0.0
2024-06-27 12:00:00.000000,TechCorp_224,Pro Subscription,Emp_19 SaaS_19,1,200.0,0.0
2024-06-27 17:00:00.000000,TechCorp_239,Starter Subscription,Emp_0 SaaS_0,1,50.0,0.0
2024-06-27 08:00:00.000000,TechCorp_272,Starter Subscription,Emp_13 SaaS_13,1,50.0,0.0
2024-06-28 13:00:00.000000,TechCorp_14,Pro Subscription,Emp_13 SaaS_13,1,200.0,0.0
2024-06-28 14:00:00.000000,TechCorp_96,Starter Subscription,Emp_21 SaaS_21,1,50.0,0.0
2024-06-28 08:00:00.000000,TechCorp_104,Starter Subscription,Emp_21 SaaS_21,1,50.0,0.0
2024-06-28 10:00:00.000000,TechCorp_123,Starter Subscription,Emp_29 SaaS_29,1,50.0,0.0
2024-06-28 15:00:00.000000,TechCorp_151,Starter Subscription,Emp_13 SaaS_13,1,50.0,0.0
2024-06-28 13:00:00.000000,TechCorp_170,Starter Subscription,Emp_19 SaaS_19,1,50.0,0.0
2024-06-28 08:00:00.000000,TechCorp_174,Pro Subscription,Emp_13 SaaS_13,1,200.0,0.0
2024-06-28 10:00:00.000000,TechCorp_206,Enterprise License,Emp_6 SaaS_6,1,2000.0,0.0
2024-06-28 18:00:00.000000,TechCorp_262,Starter Subscription,Emp_31 SaaS_31,1,50.0,0.0
2024-06-28 16:00:00.000000,TechCorp_278,Starter Subscription,Emp_2 SaaS_2,1,50.0,0.0
2024-06-29 17:00:00.000000,TechCorp_8,Starter Subscription,Emp_3 SaaS_3,1,50.0,0.0
2024-06-29 13:00:00.000000,TechCorp_50,Starter Subscription,Emp_13 SaaS_13,1,50.0,0.0
2024-06-29 16:00:00.000000,TechCorp_56,Enterprise License,Emp_21 SaaS_21,5,10000.0,0.0
2024-06-29 18:00:00.000000,TechCorp_88,Pro Subscription,Emp_2 SaaS_2,1,200.0,0.0
2024-06-29 15:00:00.000000,TechCorp_92,Pro Subscription,Emp_0 SaaS_0,1,200.0,0.0
2024-06-29 10:00:00.000000,TechCorp_101,Starter Subscription,Emp_19 SaaS_19,1,50.0,0.0
2024-06-29 11:00:00.000000,TechCorp_131,Starter Subscription,Emp_3 SaaS_3,1,50.0,0.0
2024-06-29 15:00:00.000000,TechCorp_157,Starter Subscription,Emp_3 SaaS_3,1,50.0,0.0
2024-06-29 12:00:00.000000,TechCorp_182,Starter Subscription,Emp_21 SaaS_21,1,50.0,0.0
2024-06-29 14:00:00.000000,TechCorp_193,Enterprise License,Emp_3 SaaS_3,4,8000.0,0.0
2024-06-29 15:00:00.000000,TechCorp_252,Pro Subscription,Emp_0 SaaS_0,1,200.0,0.0
2024-06-29 08:00:00.000000,TechCorp_258,Enterprise License,Emp_21 SaaS_21,6,12000.0,0.0
2024-06-29 15:00:00.000000,TechCorp_292,Starter Subscription,Emp_12 SaaS_12,1,50.0,0.0
2024-06-30 18:00:00.000000,TechCorp_7,Pro Subscription,Emp_31 SaaS_31,1,200.0,0.0
2024-06-30 11:00:00.000000,TechCorp_11,Pro Subscription,Emp_21 SaaS_21,1,200.0,0.0
2024-06-30 18:00:00.000000,TechCorp_14,Pro Subscription,Emp_2 SaaS_2,1,200.0,0.0
2024-06-30 09:00:00.000000,TechCorp_22,Enterprise License,Emp_31 SaaS_31,6,12000.0,0.0
2024-06-30 17:00:00.000000,TechCorp_41,Pro Subscription,Emp_21 SaaS_21,1,200.0,0.0
2024-06-30 10:00:00.000000,TechCorp_48,Pro Subscription,Emp_21 SaaS_21,1,200.0,0.0
2024-06-30 17:00:00.000000,TechCorp_66,Pro Subscription,Emp_29 SaaS_29,1,200.0,0.0
2024-06-30 13:00:00.000000,TechCorp_86,Starter Subscription,Emp_29 SaaS_29,1,50.0,0.0
2024-06-30 17:00:00.000000,TechCorp_102,Pro Subscription,Emp_19 SaaS_19,1,200.0,0.0
2024-06-30 11:00:00.000000,TechCorp_141,Starter Subscription,Emp_12 SaaS_12,1,50.0,0.0
2024-06-30 09:00:00.000000,TechCorp_157,Starter Subscription,Emp_31 SaaS_31,1,50.0,0.0
2024-06-30 18:00:00.000000,TechCorp_202,Pro Subscription,Emp_3 SaaS_3,1,200.0,0.0
2024-06-30 17:00:00.000000,TechCorp_207,Starter Subscription,Emp_4 SaaS_4,1,50.0,0.0
2024-06-30 08:00:00.000000,TechCorp_220,Enterprise License,Emp_29 SaaS_29,2,4000.0,0.0
2024-06-30 11:00:00.000000,TechCorp_229,Pro Subscription,Emp_25 SaaS_25,1,200.0,0.0
2024-06-30 08:00:00.000000,TechCorp_253,Enterprise License,Emp_3 SaaS_3,2,4000.0,0.0
2024-06-30 16:00:00.000000,TechCorp_267,Pro Subscription,Emp_2 SaaS_2,1,200.0,0.0
2024-06-30 14:00:00.000000,TechCorp_284,Starter Subscription,Emp_31 SaaS_31,1,50.0,0.0
2024-07-01 11:00:00.000000,TechCorp_10,Pro Subscription,Emp_0 SaaS_0,1,200.0,0.0
2024-07-01 11:00:00.000000,TechCorp_43,Pro Subscription,Emp_4 SaaS_4,1,200.0,0.0
2024-07-01 10:00:00.000000,TechCorp_50,Starter Subscription,Emp_0 SaaS_0,1,50.0,0.0
2024-07-01 15:00:00.000000,TechCorp_103,Starter Subscription,Emp_31 SaaS_31,1,50.0,0.0
2024-07-01 17:00:00.000000,TechCorp_104,Starter Subscription,Emp_4 SaaS_4,1,50.0,0.0
2024-07-01 11:00:00.000000,TechCorp_114,Starter Subscription,Emp_13 SaaS_13,1,50.0,0.0
2024-07-01 08:00:00.000000,TechCorp_124,Starter Subscription,Emp_31 SaaS_31,1,50.0,0.0
2024-07-01 16:00:00.000000,TechCorp_137,Pro Subscription,Emp_4 SaaS_4,1,200.0,0.0
2024-07-01 08:00:00.000000,TechCorp_163,Pro Subscription,Emp_6 SaaS_6,1,200.0,0.0
2024-07-01 14:00:00.000000,TechCorp_197,Pro Subscription,Emp_2 SaaS_2,1,200.0,0.0
2024-07-01 16:00:00.000000,TechCorp_257,Pro Subscription,Emp_19 SaaS_19,1,200.0,0.0
2024-07-01 16:00:00.000000,TechCorp_269,Starter Subscription,Emp_25 SaaS_25,1,50.0,0.0
2024-07-01 12:00:00.000000,TechCorp_295,Starter Subscription,Emp_0 SaaS_0,1,50.0,0.0
2024-07-01 13:00:00.000000,TechCorp_296,Pro Subscription,Emp_2 SaaS_2,1,200.0,0.0
2024-07-02 17:00:00.000000,TechCorp_3,Pro Subscription,Emp_12 SaaS_12,1,200.0,0.0
2024-07-02 13:00:00.000000,TechCorp_6,Starter Subscription,Emp_3 SaaS_3,1,50.0,0.0
2024-07-02 14:00:00.000000,TechCorp_10,Pro Subscription,Emp_29 SaaS_29,1,200.0,0.0
2024-07-02 08:00:00.000000,TechCorp_40,Pro Subscription,Emp_0 SaaS_0,1,200.0,0.0
2024-07-02 15:00:00.000000,TechCorp_57,Pro Subscription,Emp_21 SaaS_21,1,200.0,0.0
2024-07-02 14:00:00.000000,TechCorp_87,Pro Subscription,Emp_2 SaaS_2,1,200.0,0.0
2024-07-02 16:00:00.000000,TechCorp_90,Pro Subscription,Emp_29 SaaS_29,1,200.0,0.0
2024-07-02 11:00:00.000000,TechCorp_95,Starter Subscription,Emp_31 SaaS_31,1,50.0,0.0
2024-07-02 14:00:00.000000,TechCorp_116,Starter Subscription,Emp_12 SaaS_12,1,50.0,0.0
2024-07-02 17:00:00.000000,TechCorp_119,Starter Subscription,Emp_3 SaaS_3,1,50.0,0.0
2024-07-02 11:00:00.000000,TechCorp_130,Pro Subscription,Emp_19 SaaS_19,1,200.0,0.0
2024-07-02 09:00:00.000000,TechCorp_141,Starter Subscription,Emp_31 SaaS_31,1,50.0,0.0
2024-07-02 13:00:00.000000,TechCorp_145,Starter Subscription,Emp_31 SaaS_31,1,50.0,0.0
2024-07-02 17:00:00.000000,TechCorp_152,Pro Subscription,Emp_2 SaaS_2,1,200.0,0.0
2024-07-02 12:00:00.000000,TechCorp_171,Pro Subscription,Emp_29 SaaS_29,1,200.0,0.0
2024-07-02 10:00:00.000000,TechCorp_214,Starter Subscription,Emp_3 SaaS_3,1,50.0,0.0
2024-07-02 15:00:00.000000,TechCorp_242,Starter Subscription,Emp_2 SaaS_2,1,50.0,0.0
2024-07-02 13:00:00.000000,TechCorp_291,Starter Subscription,Emp_6 SaaS_6,1,50.0,0.0
2024-07-03 11:00:00.000000,TechCorp_26,Starter Subscription,Emp_6 SaaS_6,1,50.0,0.0
2024-07-03 08:00:00.000000,TechCorp_57,Pro Subscription,Emp_29 SaaS_29,1,200.0,0.0
2024-07-03 15:00:00.000000,TechCorp_95,Starter Subscription,Emp_2 SaaS_2,1,50.0,0.0
2024-07-03 16:00:00.000000,TechCorp_111,Pro Subscription,Emp_0 SaaS_0,1,200.0,0.0
2024-07-03 15:00:00.000000,TechCorp_137,Pro Subscription,Emp_2 SaaS_2,1,200.0,0.0
2024-07-03 13:00:00.000000,TechCorp_149,Starter Subscription,Emp_3 SaaS_3,1,50.0,0.0
2024-07-03 09:00:00.000000,TechCorp_164,Pro Subscription,Emp_3 SaaS_3,1,200.0,0.0
2024-07-03 15:00:00.000000,TechCorp_177,Starter Subscription,Emp_19 SaaS_19,1,50.0,0.0
2024-07-03 15:00:00.000000,TechCorp_199,Starter Subscription,Emp_25 SaaS_25,1,50.0,0.0
2024-07-03 08:00:00.000000,TechCorp_201,Starter Subscription,Emp_3 SaaS_3,1,50.0,0.0
2024-07-03 10:00:00.000000,TechCorp_292,Starter Subscription,Emp_19 SaaS_19,1,50.0,0.0
2024-07-04 18:00:00.000000,TechCorp_2,Pro Subscription,Emp_2 SaaS_2,1,200.0,0.0
2024-07-04 16:00:00.000000,TechCorp_10,Pro Subscription,Emp_31 SaaS_31,1,200.0,0.0
2024-07-04 14:00:00.000000,TechCorp_12,Pro Subscription,Emp_3 SaaS_3,1,200.0,0.0
2024-07-04 18:00:00.000000,TechCorp_30,Pro Subscription,Emp_19 SaaS_19,1,200.0,0.0
2024-07-04 14:00:00.000000,TechCorp_53,Starter Subscription,Emp_3 SaaS_3,1,50.0,0.0
2024-07-04 13:00:00.000000,TechCorp_67,Starter Subscription,Emp_3 SaaS_3,1,50.0,0.0
2024-07-04 13:00:00.000000,TechCorp_106,Starter Subscription,Emp_19 SaaS_19,1,50.0,0.0
2024-07-04 12:00:00.000000,TechCorp_119,Starter Subscription,Emp_29 SaaS_29,1,50.0,0.0
2024-07-04 13:00:00.000000,TechCorp_180,Starter Subscription,Emp_3 SaaS_3,1,50.0,0.0
2024-07-04 09:00:00.000000,TechCorp_270,Pro Subscription,Emp_29 SaaS_29,1,200.0,0.0
2024-07-05 08:00:00.000000,TechCorp_45,Pro Subscription,Emp_2 SaaS_2,1,200.0,0.0
2024-07-05 11:00:00.000000,TechCorp_52,Starter Subscription,Emp_6 SaaS_6,1,50.0,0.0
2024-07-05 11:00:00.000000,TechCorp_71,Pro Subscription,Emp_0 SaaS_0,1,200.0,0.0
2024-07-05 12:00:00.000000,TechCorp_103,Starter Subscription,Emp_2 SaaS_2,1,50.0,0.0
2024-07-05 14:00:00.000000,TechCorp_109,Pro Subscription,Emp_4 SaaS_4,1,200.0,0.0
2024-07-05 10:00:00.000000,TechCorp_156,Starter Subscription,Emp_2 SaaS_2,1,50.0,0.0
2024-07-05 12:00:00.000000,TechCorp_198,Pro Subscription,Emp_0 SaaS_0,1,200.0,0.0
2024-07-05 13:00:00.000000,TechCorp_215,Starter Subscription,Emp_12 SaaS_12,1,50.0,0.0
2024-07-05 14:00:00.000000,TechCorp_235,Enterprise License,Emp_19 SaaS_19,6,12000.0,0.0
2024-07-05 15:00:00.000000,TechCorp_252,Pro Subscription,Emp_6 SaaS_6,1,200.0,0.0
2024-07-05 18:00:00.000000,TechCorp_259,Starter Subscription,Emp_31 SaaS_31,1,50.0,0.0
2024-07-06 08:00:00.000000,TechCorp_42,Pro Subscription,Emp_25 SaaS_25,1,200.0,0.0
2024-07-06 12:00:00.000000,TechCorp_93,Pro Subscription,Emp_4 SaaS_4,1,200.0,0.0
2024-07-06 08:00:00.000000,TechCorp_106,Starter Subscription,Emp_12 SaaS_12,1,50.0,0.0
2024-07-06 16:00:00.000000,TechCorp_148,Starter Subscription,Emp_3 SaaS_3,1,50.0,0.0
2024-07-06 10:00:00.000000,TechCorp_163,Pro Subscription,Emp_4 SaaS_4,1,200.0,0.0
2024-07-06 14:00:00.000000,TechCorp_233,Pro Subscription,Emp_12 SaaS_12,1,200.0,0.0
2024-07-06 11:00:00.000000,TechCorp_282,Starter Subscription,Emp_25 SaaS_25,1,50.0,0.0
2024-07-07 15:00:00.000000,TechCorp_13,Enterprise License,Emp_6 SaaS_6,1,2000.0,0.0
2024-07-07 13:00:00.000000,TechCorp_45,Pro Subscription,Emp_3 SaaS_3,1,200.0,0.0
2024-07-07 14:00:00.000000,TechCorp_53,Starter Subscription,Emp_25 SaaS_25,1,50.0,0.0
2024-07-07 14:00:00.000000,TechCorp_76,Starter Subscription,Emp_2 SaaS_2,1,50.0,0.0
2024-07-07 18:00:00.000000,TechCorp_88,Pro Subscription,Emp_21 SaaS_21,1,200.0,0.0
2024-07-07 14:00:00.000000,TechCorp_102,Pro Subscription,Emp_13 SaaS_13,1,200.0,0.0
2024-07-07 11:00:00.000000,TechCorp_176,Starter Subscription,Emp_19 SaaS_19,1,50.0,0.0
2024-07-07 12:00:00.000000,TechCorp_191,Pro Subscription,Emp_6 SaaS_6,1,200.0,0.0
2024-07-07 10:00:00.000000,TechCorp_216,Starter Subscription,Emp_6 SaaS_6,1,50.0,0.0
2024-07-07 08:00:00.000000,TechCorp_221,Starter Subscription,Emp_19 SaaS_19,1,50.0,0.0
2024-07-08 12:00:00.000000,TechCorp_2,Pro Subscription,Emp_3 SaaS_3,1,200.0,0.0
2024-07-08 09:00:00.000000,TechCorp_21,Pro Subscription,Emp_29 SaaS_29,1,200.0,0.0
2024-07-08 09:00:00.000000,TechCorp_28,Starter Subscription,Emp_29 SaaS_29,1,50.0,0.0
2024-07-08 14:00:00.000000,TechCorp_133,Pro Subscription,Emp_13 SaaS_13,1,200.0,0.0
2024-07-08 14:00:00.000000,TechCorp_146,Starter Subscription,Emp_0 SaaS_0,1,50.0,0.0
2024-07-08 14:00:00.000000,TechCorp_281,Pro Subscription,Emp_0 SaaS_0,1,200.0,0.0
2024-07-08 13:00:00.000000,TechCorp_296,Pro Subscription,Emp_4 SaaS_4,1,200.0,0.0
2024-07-08 18:00:00.000000,TechCorp_297,Starter Subscription,Emp_21 SaaS_21,1,50.0,0.0
2024-07-09 13:00:00.000000,TechCorp_11,Pro Subscription,Emp_2 SaaS_2,1,200.0,0.0
2024-07-09 14:00:00.000000,TechCorp_45,Pro Subscription,Emp_13 SaaS_13,1,200.0,0.0
2024-07-09 10:00:00.000000,TechCorp_68,Pro Subscription,Emp_0 SaaS_0,1,200.0,0.0
2024-07-09 13:00:00.000000,TechCorp_69,Pro Subscription,Emp_4 SaaS_4,1,200.0,0.0
2024-07-09 10:00:00.000000,TechCorp_105,Starter Subscription,Emp_12 SaaS_12,1,50.0,0.0
2024-07-09 09:00:00.000000,TechCorp_128,Starter Subscription,Emp_21 SaaS_21,1,50.0,0.0
2024-07-09 11:00:00.000000,TechCorp_137,Pro Subscription,Emp_31 SaaS_31,1,200.0,0.0
2024-07-09 10:00:00.000000,TechCorp_169,Starter Subscription,Emp_21 SaaS_21,1,50.0,0.0
2024-07-09 13:00:00.000000,TechCorp_177,Starter Subscription,Emp_6 SaaS_6,1,50.0,0.0
2024-07-09 18:00:00.000000,TechCorp_191,Pro Subscription,Emp_0 SaaS_0,1,200.0,0.0
2024-07-09 17:00:00.000000,TechCorp_203,Starter Subscription,Emp_6 SaaS_6,1,50.0,0.0
2024-07-09 17:00:00.000000,TechCorp_233,Pro Subscription,Emp_0 SaaS_0,1,200.0,0.0
2024-07-09 10:00:00.000000,TechCorp_262,Starter Subscription,Emp_31 SaaS_31,1,50.0,0.0
2024-07-09 18:00:00.000000,TechCorp_276,Pro Subscription,Emp_6 SaaS_6,1,200.0,0.0
2024-07-09 12:00:00.000000,TechCorp_291,Starter Subscription,Emp_3 SaaS_3,1,50.0,0.0
2024-07-10 12:00:00.000000,TechCorp_48,Pro Subscription,Emp_31 SaaS_31,1,200.0,0.0
2024-07-10 13:00:00.000000,TechCorp_49,Starter Subscription,Emp_4 SaaS_4,1,50.0,0.0
2024-07-10 10:00:00.000000,TechCorp_114,Starter Subscription,Emp_2 SaaS_2,1,50.0,0.0
2024-07-10 17:00:00.000000,TechCorp_138,Starter Subscription,Emp_21 SaaS_21,1,50.0,0.0
2024-07-10 11:00:00.000000,TechCorp_181,Starter Subscription,Emp_0 SaaS_0,1,50.0,0.0
2024-07-10 12:00:00.000000,TechCorp_206,Enterprise License,Emp_21 SaaS_21,6,12000.0,0.0
2024-07-10 09:00:00.000000,TechCorp_207,Starter Subscription,Emp_25 SaaS_25,1,50.0,0.0
2024-07-10 12:00:00.000000,TechCorp_218,Starter Subscription,Emp_31 SaaS_31,1,50.0,0.0
2024-07-10 11:00:00.000000,TechCorp_242,Starter Subscription,Emp_21 SaaS_21,1,50.0,0.0
2024-07-10 16:00:00.000000,TechCorp_296,Pro Subscription,Emp_25 SaaS_25,1,200.0,0.0
2024-07-10 18:00:00.000000,TechCorp_297,Starter Subscription,Emp_3 SaaS_3,1,50.0,0.0
2024-07-11 12:00:00.000000,TechCorp_8,Starter Subscription,Emp_31 SaaS_31,1,50.0,0.0
2024-07-11 08:00:00.000000,TechCorp_21,Pro Subscription,Emp_19 SaaS_19,1,200.0,0.0
2024-07-11 14:00:00.000000,TechCorp_29,Pro Subscription,Emp_31 SaaS_31,1,200.0,0.0
2024-07-11 15:00:00.000000,TechCorp_34,Starter Subscription,Emp_13 SaaS_13,1,50.0,0.0
2024-07-11 17:00:00.000000,TechCorp_69,Pro Subscription,Emp_31 SaaS_31,1,200.0,0.0
2024-07-11 09:00:00.000000,TechCorp_87,Pro Subscription,Emp_31 SaaS_31,1,200.0,0.0
2024-07-11 14:00:00.000000,TechCorp_101,Starter Subscription,Emp_12 SaaS_12,1,50.0,0.0
2024-07-11 08:00:00.000000,TechCorp_121,Pro Subscription,Emp_12 SaaS_12,1,200.0,0.0
2024-07-11 18:00:00.000000,TechCorp_123,Starter Subscription,Emp_21 SaaS_21,1,50.0,0.0
2024-07-11 13:00:00.000000,TechCorp_124,Starter Subscription,Emp_21 SaaS_21,1,50.0,0.0
2024-07-11 17:00:00.000000,TechCorp_145,Starter Subscription,Emp_6 SaaS_6,1,50.0,0.0
2024-07-11 18:00:00.000000,TechCorp_148,Starter Subscription,Emp_21 SaaS_21,1,50.0,0.0
2024-07-11 17:00:00.000000,TechCorp_205,Starter Subscription,Emp_25 SaaS_25,1,50.0,0.0
2024-07-11 13:00:00.000000,TechCorp_222,Pro Subscription,Emp_21 SaaS_21,1,200.0,0.0
2024-07-11 08:00:00.000000,TechCorp_237,Pro Subscription,Emp_3 SaaS_3,1,200.0,0.0
2024-07-11 15:00:00.000000,TechCorp_278,Starter Subscription,Emp_21 SaaS_21,1,50.0,0.0
2024-07-11 17:00:00.000000,TechCorp_281,Pro Subscription,Emp_4 SaaS_4,1,200.0,0.0
2024-07-11 18:00:00.000000,TechCorp_294,Pro Subscription,Emp_0 SaaS_0,1,200.0,0.0
2024-07-11 18:00:00.000000,TechCorp_297,Starter Subscription,Emp_12 SaaS_12,1,50.0,0.0
2024-07-12 17:00:00.000000,TechCorp_5,Enterprise License,Emp_21 SaaS_21,3,6000.0,0.0
2024-07-12 16:00:00.000000,TechCorp_6,Starter Subscription,Emp_2 SaaS_2,1,50.0,0.0
2024-07-12 16:00:00.000000,TechCorp_14,Pro Subscription,Emp_29 SaaS_29,1,200.0,0.0
2024-07-12 17:00:00.000000,TechCorp_22,Enterprise License,Emp_2 SaaS_2,10,20000.0,0.0
2024-07-12 17:00:00.000000,TechCorp_55,Pro Subscription,Emp_3 SaaS_3,1,200.0,0.0
2024-07-12 12:00:00.000000,TechCorp_105,Starter Subscription,Emp_19 SaaS_19,1,50.0,0.0
2024-07-12 18:00:00.000000,TechCorp_247,Pro Subscription,Emp_21 SaaS_21,1,200.0,0.0
2024-07-12 08:00:00.000000,TechCorp_255,Starter Subscription,Emp_6 SaaS_6,1,50.0,0.0
2024-07-12 10:00:00.000000,TechCorp_270,Pro Subscription,Emp_13 SaaS_13,1,200.0,0.0
2024-07-12 09:00:00.000000,TechCorp_280,Pro Subscription,Emp_12 SaaS_12,1,200.0,0.0
2024-07-12 17:00:00.000000,TechCorp_291,Starter Subscription,Emp_21 SaaS_21,1,50.0,0.0
2024-07-13 13:00:00.000000,TechCorp_21,Pro Subscription,Emp_4 SaaS_4,1,200.0,0.0
2024-07-13 08:00:00.000000,TechCorp_23,Pro Subscription,Emp_0 SaaS_0,1,200.0,0.0
2024-07-13 14:00:00.000000,TechCorp_39,Starter Subscription,Emp_12 SaaS_12,1,50.0,0.0
2024-07-13 08:00:00.000000,TechCorp_59,Pro Subscription,Emp_13 SaaS_13,1,200.0,0.0
2024-07-13 11:00:00.000000,TechCorp_121,Pro Subscription,Emp_6 SaaS_6,1,200.0,0.0
2024-07-13 15:00:00.000000,TechCorp_149,Starter Subscription,Emp_21 SaaS_21,1,50.0,0.0
2024-07-13 12:00:00.000000,TechCorp_235,Enterprise License,Emp_25 SaaS_25,3,6000.0,0.0
2024-07-13 08:00:00.000000,TechCorp_250,Starter Subscription,Emp_13 SaaS_13,1,50.0,0.0
2024-07-13 11:00:00.000000,TechCorp_252,Pro Subscription,Emp_3 SaaS_3,1,200.0,0.0
2024-07-13 17:00:00.000000,TechCorp_281,Pro Subscription,Emp_4 SaaS_4,1,200.0,0.0
2024-07-14 14:00:00.000000,TechCorp_5,Enterprise License,Emp_19 SaaS_19,8,16000.0,0.0
2024-07-14 16:00:00.000000,TechCorp_92,Pro Subscription,Emp_31 SaaS_31,1,200.0,0.0
2024-07-14 11:00:00.000000,TechCorp_95,Starter Subscription,Emp_19 SaaS_19,1,50.0,0.0
2024-07-14 11:00:00.000000,TechCorp_108,Pro Subscription,Emp_29 SaaS_29,1,200.0,0.0
2024-07-14 13:00:00.000000,TechCorp_161,Starter Subscription,Emp_29 SaaS_29,1,50.0,0.0
2024-07-14 11:00:00.000000,TechCorp_193,Enterprise License,Emp_3 SaaS_3,1,2000.0,0.0
2024-07-14 14:00:00.000000,TechCorp_194,Starter Subscription,Emp_4 SaaS_4,1,50.0,0.0
2024-07-14 15:00:00.000000,TechCorp_216,Starter Subscription,Emp_3 SaaS_3,1,50.0,0.0
2024-07-14 09:00:00.000000,TechCorp_250,Starter Subscription,Emp_25 SaaS_25,1,50.0,0.0
2024-07-14 11:00:00.000000,TechCorp_251,Starter Subscription,Emp_21 SaaS_21,1,50.0,0.0
2024-07-15 18:00:00.000000,TechCorp_7,Pro Subscription,Emp_4 SaaS_4,1,200.0,0.0
2024-07-15 18:00:00.000000,TechCorp_14,Pro Subscription,Emp_3 SaaS_3,1,200.0,0.0
2024-07-15 16:00:00.000000,TechCorp_23,Pro Subscription,Emp_0 SaaS_0,1,200.0,0.0
2024-07-15 09:00:00.000000,TechCorp_29,Pro Subscription,Emp_13 SaaS_13,1,200.0,0.0
2024-07-15 13:00:00.000000,TechCorp_49,Starter Subscription,Emp_21 SaaS_21,1,50.0,0.0
2024-07-15 08:00:00.000000,TechCorp_52,Starter Subscription,Emp_2 SaaS_2,1,50.0,0.0
2024-07-15 10:00:00.000000,TechCorp_63,Pro Subscription,Emp_19 SaaS_19,1,200.0,0.0
2024-07-15 17:00:00.000000,TechCorp_66,Pro Subscription,Emp_31 SaaS_31,1,200.0,0.0
2024-07-15 18:00:00.000000,TechCorp_67,Starter Subscription,Emp_21 SaaS_21,1,50.0,0.0
2024-07-15 09:00:00.000000,TechCorp_158,Starter Subscription,Emp_19 SaaS_19,1,50.0,0.0
2024-07-15 16:00:00.000000,TechCorp_187,Starter Subscription,Emp_12 SaaS_12,1,50.0,0.0
2024-07-15 18:00:00.000000,TechCorp_219,Starter Subscription,Emp_0 SaaS_0,1,50.0,0.0
2024-07-15 18:00:00.000000,TechCorp_239,Starter Subscription,Emp_13 SaaS_13,1,50.0,0.0
2024-07-15 18:00:00.000000,TechCorp_264,Pro Subscription,Emp_3 SaaS_3,1,200.0,0.0
2024-07-15 10:00:00.000000,TechCorp_292,Starter Subscription,Emp_19 SaaS_19,1,50.0,0.0
2024-07-16 17:00:00.000000,TechCorp_4,Starter Subscription,Emp_0 SaaS_0,1,50.0,0.0
2024-07-16 18:00:00.000000,TechCorp_9,Starter Subscription,Emp_31 SaaS_31,1,50.0,0.0
2024-07-16 08:00:00.000000,TechCorp_31,Starter Subscription,Emp_19 SaaS_19,1,50.0,0.0
2024-07-16 16:00:00.000000,TechCorp_57,Pro Subscription,Emp_25 SaaS_25,1,200.0,0.0
2024-07-16 16:00:00.000000,TechCorp_63,Pro Subscription,Emp_29 SaaS_29,1,200.0,0.0
2024-07-16 09:00:00.000000,TechCorp_111,Pro Subscription,Emp_0 SaaS_0,1,200.0,0.0
2024-07-16 17:00:00.000000,TechCorp_143,Starter Subscription,Emp_12 SaaS_12,1,50.0,0.0
2024-07-16 13:00:00.000000,TechCorp_150,Starter Subscription,Emp_4 SaaS_4,1,50.0,0.0
2024-07-16 12:00:00.000000,TechCorp_168,Enterprise License,Emp_3 SaaS_3,8,16000.0,0.0
2024-07-16 17:00:00.000000,TechCorp_172,Pro Subscription,Emp_2 SaaS_2,1,200.0,0.0
2024-07-16 08:00:00.000000,TechCorp_189,Pro Subscription,Emp_0 SaaS_0,1,200.0,0.0
2024-07-16 16:00:00.000000,TechCorp_216,Starter Subscription,Emp_29 SaaS_29,1,50.0,0.0
2024-07-16 18:00:00.000000,TechCorp_286,Starter Subscription,Emp_3 SaaS_3,1,50.0,0.0
2024-07-17 08:00:00.000000,TechCorp_25,Starter Subscription,Emp_13 SaaS_13,1,50.0,0.0
2024-07-17 14:00:00.000000,TechCorp_52,Starter Subscription,Emp_13 SaaS_13,1,50.0,0.0
2024-07-17 08:00:00.000000,TechCorp_57,Pro Subscription,Emp_29 SaaS_29,1,200.0,0.0
2024-07-17 08:00:00.000000,TechCorp_124,Starter Subscription,Emp_25 SaaS_25,1,50.0,0.0
2024-07-17 15:00:00.000000,TechCorp_140,Starter Subscription,Emp_21 SaaS_21,1,50.0,0.0
2024-07-17 18:00:00.000000,TechCorp_146,Starter Subscription,Emp_2 SaaS_2,1,50.0,0.0
2024-07-17 09:00:00.000000,TechCorp_158,Starter Subscription,Emp_6 SaaS_6,1,50.0,0.0
2024-07-17 10:00:00.000000,TechCorp_193,Enterprise License,Emp_13 SaaS_13,6,12000.0,0.0
2024-07-17 17:00:00.000000,TechCorp_204,Pro Subscription,Emp_25 SaaS_25,1,200.0,0.0
2024-07-17 16:00:00.000000,TechCorp_236,Pro Subscription,Emp_25 SaaS_25,1,200.0,0.0
2024-07-17 09:00:00.000000,TechCorp_263,Starter Subscription,Emp_2 SaaS_2,1,50.0,0.0
2024-07-17 17:00:00.000000,TechCorp_287,Pro Subscription,Emp_29 SaaS_29,1,200.0,0.0
2024-07-18 16:00:00.000000,TechCorp_22,Enterprise License,Emp_4 SaaS_4,3,6000.0,0.0
2024-07-18 08:00:00.000000,TechCorp_42,Pro Subscription,Emp_2 SaaS_2,1,200.0,0.0
2024-07-18 11:00:00.000000,TechCorp_86,Starter Subscription,Emp_21 SaaS_21,1,50.0,0.0
2024-07-18 12:00:00.000000,TechCorp_92,Pro Subscription,Emp_25 SaaS_25,1,200.0,0.0
2024-07-18 18:00:00.000000,TechCorp_100,Starter Subscription,Emp_3 SaaS_3,1,50.0,0.0
2024-07-18 13:00:00.000000,TechCorp_103,Starter Subscription,Emp_21 SaaS_21,1,50.0,0.0
2024-07-18 17:00:00.000000,TechCorp_104,Starter Subscription,Emp_21 SaaS_21,1,50.0,0.0
2024-07-18 16:00:00.000000,TechCorp_116,Starter Subscription,Emp_21 SaaS_21,1,50.0,0.0
2024-07-18 18:00:00.000000,TechCorp_138,Starter Subscription,Emp_6 SaaS_6,1,50.0,0.0
2024-07-18 09:00:00.000000,TechCorp_147,Pro Subscription,Emp_3 SaaS_3,1,200.0,0.0
2024-07-18 16:00:00.000000,TechCorp_180,Starter Subscription,Emp_6 SaaS_6,1,50.0,0.0
2024-07-18 17:00:00.000000,TechCorp_198,Pro Subscription,Emp_31 SaaS_31,1,200.0,0.0
2024-07-18 09:00:00.000000,TechCorp_227,Starter Subscription,Emp_13 SaaS_13,1,50.0,0.0
2024-07-18 14:00:00.000000,TechCorp_233,Pro Subscription,Emp_31 SaaS_31,1,200.0,0.0
2024-07-18 11:00:00.000000,TechCorp_237,Pro Subscription,Emp_12 SaaS_12,1,200.0,0.0
2024-07-18 18:00:00.000000,TechCorp_241,Pro Subscription,Emp_29 SaaS_29,1,200.0,0.0
2024-07-18 09:00:00.000000,TechCorp_272,Starter Subscription,Emp_4 SaaS_4,1,50.0,0.0
2024-07-18 13:00:00.000000,TechCorp_283,Starter Subscription,Emp_3 SaaS_3,1,50.0,0.0
2024-07-18 14:00:00.000000,TechCorp_287,Pro Subscription,Emp_25 SaaS_25,1,200.0,0.0
2024-07-19 10:00:00.000000,TechCorp_0,Pro Subscription,Emp_31 SaaS_31,1,200.0,0.0
2024-07-19 10:00:00.000000,TechCorp_5,Enterprise License,Emp_29 SaaS_29,8,16000.0,0.0
2024-07-19 11:00:00.000000,TechCorp_33,Enterprise License,Emp_0 SaaS_0,10,20000.0,0.0
2024-07-19 17:00:00.000000,TechCorp_91,Starter Subscription,Emp_21 SaaS_21,1,50.0,0.0
2024-07-19 08:00:00.000000,TechCorp_114,Starter Subscription,Emp_19 SaaS_19,1,50.0,0.0
2024-07-19 15:00:00.000000,TechCorp_144,Starter Subscription,Emp_21 SaaS_21,1,50.0,0.0
2024-07-19 12:00:00.000000,TechCorp_149,Starter Subscription,Emp_2 SaaS_2,1,50.0,0.0
2024-07-19 18:00:00.000000,TechCorp_182,Starter Subscription,Emp_2 SaaS_2,1,50.0,0.0
2024-07-19 17:00:00.000000,TechCorp_247,Pro Subscription,Emp_0 SaaS_0,1,200.0,0.0
2024-07-19 18:00:00.000000,TechCorp_265,Pro Subscription,Emp_0 SaaS_0,1,200.0,0.0
2024-07-19 11:00:00.000000,TechCorp_279,Pro Subscription,Emp_31 SaaS_31,1,200.0,0.0
2024-07-19 12:00:00.000000,TechCorp_290,Starter Subscription,Emp_13 SaaS_13,1,50.0,0.0
2024-07-19 10:00:00.000000,TechCorp_294,Pro Subscription,Emp_6 SaaS_6,1,200.0,0.0
2024-07-20 14:00:00.000000,TechCorp_2,Pro Subscription,Emp_0 SaaS_0,1,200.0,0.0
2024-07-20 17:00:00.000000,TechCorp_52,Starter Subscription,Emp_21 SaaS_21,1,50.0,0.0
2024-07-20 13:00:00.000000,TechCorp_76,Starter Subscription,Emp_29 SaaS_29,1,50.0,0.0
2024-07-20 12:00:00.000000,TechCorp_79,Pro Subscription,Emp_21 SaaS_21,1,200.0,0.0
2024-07-20 11:00:00.000000,TechCorp_111,Pro Subscription,Emp_4 SaaS_4,1,200.0,0.0
2024-07-20 16:00:00.000000,TechCorp_125,Pro Subscription,Emp_29 SaaS_29,1,200.0,0.0
2024-07-20 15:00:00.000000,TechCorp_132,Pro Subscription,Emp_3 SaaS_3,1,200.0,0.0
2024-07-20 14:00:00.000000,TechCorp_138,Starter Subscription,Emp_4 SaaS_4,1,50.0,0.0
2024-07-20 13:00:00.000000,TechCorp_170,Starter Subscription,Emp_2 SaaS_2,1,50.0,0.0
2024-07-20 17:00:00.000000,TechCorp_176,Starter Subscription,Emp_19 SaaS_19,1,50.0,0.0
2024-07-20 17:00:00.000000,TechCorp_184,Enterprise License,Emp_4 SaaS_4,6,12000.0,0.0
2024-07-20 18:00:00.000000,TechCorp_202,Pro Subscription,Emp_2 SaaS_2,1,200.0,0.0
2024-07-20 09:00:00.000000,TechCorp_257,Pro Subscription,Emp_3 SaaS_3,1,200.0,0.0
2024-07-21 12:00:00.000000,TechCorp_31,Starter Subscription,Emp_19 SaaS_19,1,50.0,0.0
2024-07-21 09:00:00.000000,TechCorp_32,Starter Subscription,Emp_31 SaaS_31,1,50.0,0.0
2024-07-21 12:00:00.000000,TechCorp_64,Pro Subscription,Emp_19 SaaS_19,1,200.0,0.0
2024-07-21 15:00:00.000000,TechCorp_156,Starter Subscription,Emp_6 SaaS_6,1,50.0,0.0
2024-07-21 11:00:00.000000,TechCorp_174,Pro Subscription,Emp_13 SaaS_13,1,200.0,0.0
2024-07-21 18:00:00.000000,TechCorp_199,Starter Subscription,Emp_2 SaaS_2,1,50.0,0.0
2024-07-21 18:00:00.000000,TechCorp_207,Starter Subscription,Emp_2 SaaS_2,1,50.0,0.0
2024-07-21 09:00:00.000000,TechCorp_215,Starter Subscription,Emp_25 SaaS_25,1,50.0,0.0
2024-07-21 10:00:00.000000,TechCorp_222,Pro Subscription,Emp_21 SaaS_21,1,200.0,0.0
2024-07-21 13:00:00.000000,TechCorp_227,Starter Subscription,Emp_12 SaaS_12,1,50.0,0.0
2024-07-21 13:00:00.000000,TechCorp_228,Starter Subscription,Emp_13 SaaS_13,1,50.0,0.0
2024-07-21 18:00:00.000000,TechCorp_243,Pro Subscription,Emp_21 SaaS_21,1,200.0,0.0
2024-07-21 15:00:00.000000,TechCorp_251,Starter Subscription,Emp_2 SaaS_2,1,50.0,0.0
2024-07-21 16:00:00.000000,TechCorp_276,Pro Subscription,Emp_19 SaaS_19,1,200.0,0.0
2024-07-21 09:00:00.000000,TechCorp_285,Starter Subscription,Emp_6 SaaS_6,1,50.0,0.0
2024-07-22 16:00:00.000000,TechCorp_13,Enterprise License,Emp_0 SaaS_0,2,4000.0,0.0
2024-07-22 12:00:00.000000,TechCorp_43,Pro Subscription,Emp_2 SaaS_2,1,200.0,0.0
2024-07-22 10:00:00.000000,TechCorp_64,Pro Subscription,Emp_12 SaaS_12,1,200.0,0.0
2024-07-22 12:00:00.000000,TechCorp_94,Starter Subscription,Emp_19 SaaS_19,1,50.0,0.0
2024-07-22 11:00:00.000000,TechCorp_152,Pro Subscription,Emp_12 SaaS_12,1,200.0,0.0
2024-07-22 13:00:00.000000,TechCorp_194,Starter Subscription,Emp_6 SaaS_6,1,50.0,0.0
2024-07-22 09:00:00.000000,TechCorp_227,Starter Subscription,Emp_0 SaaS_0,1,50.0,0.0
2024-07-22 12:00:00.000000,TechCorp_233,Pro Subscription,Emp_12 SaaS_12,1,200.0,0.0
2024-07-22 09:00:00.000000,TechCorp_285,Starter Subscription,Emp_12 SaaS_12,1,50.0,0.0
2024-07-23 16:00:00.000000,TechCorp_0,Pro Subscription,Emp_6 SaaS_6,1,200.0,0.0
2024-07-23 13:00:00.000000,TechCorp_17,Starter Subscription,Emp_4 SaaS_4,1,50.0,0.0
2024-07-23 14:00:00.000000,TechCorp_33,Enterprise License,Emp_2 SaaS_2,9,18000.0,0.0
2024-07-23 12:00:00.000000,TechCorp_66,Pro Subscription,Emp_3 SaaS_3,1,200.0,0.0
2024-07-23 09:00:00.000000,TechCorp_67,Starter Subscription,Emp_25 SaaS_25,1,50.0,0.0
2024-07-23 13:00:00.000000,TechCorp_69,Pro Subscription,Emp_13 SaaS_13,1,200.0,0.0
2024-07-23 11:00:00.000000,TechCorp_74,Pro Subscription,Emp_21 SaaS_21,1,200.0,0.0
2024-07-23 13:00:00.000000,TechCorp_77,Pro Subscription,Emp_19 SaaS_19,1,200.0,0.0
2024-07-23 09:00:00.000000,TechCorp_83,Starter Subscription,Emp_0 SaaS_0,1,50.0,0.0
2024-07-23 13:00:00.000000,TechCorp_84,Pro Subscription,Emp_2 SaaS_2,1,200.0,0.0
2024-07-23 13:00:00.000000,TechCorp_112,Starter Subscription,Emp_13 SaaS_13,1,50.0,0.0
2024-07-23 18:00:00.000000,TechCorp_125,Pro Subscription,Emp_19 SaaS_19,1,200.0,0.0
2024-07-23 08:00:00.000000,TechCorp_169,Starter Subscription,Emp_19 SaaS_19,1,50.0,0.0
2024-07-23 18:00:00.000000,TechCorp_233,Pro Subscription,Emp_19 SaaS_19,1,200.0,0.0
2024-07-23 15:00:00.000000,TechCorp_235,Enterprise License,Emp_29 SaaS_29,9,18000.0,0.0
2024-07-23 08:00:00.000000,TechCorp_244,Pro Subscription,Emp_21 SaaS_21,1,200.0,0.0
2024-07-23 11:00:00.000000,TechCorp_250,Starter Subscription,Emp_3 SaaS_3,1,50.0,0.0
2024-07-23 10:00:00.000000,TechCorp_264,Pro Subscription,Emp_25 SaaS_25,1,200.0,0.0
2024-07-23 18:00:00.000000,TechCorp_285,Starter Subscription,Emp_25 SaaS_25,1,50.0,0.0
2024-07-23 09:00:00.000000,TechCorp_294,Pro Subscription,Emp_31 SaaS_31,1,200.0,0.0
2024-07-24 11:00:00.000000,TechCorp_11,Pro Subscription,Emp_2 SaaS_2,1,200.0,0.0
2024-07-24 13:00:00.000000,TechCorp_16,Enterprise License,Emp_19 SaaS_19,4,8000.0,0.0
2024-07-24 11:00:00.000000,TechCorp_26,Starter Subscription,Emp_4 SaaS_4,1,50.0,0.0
2024-07-24 09:00:00.000000,TechCorp_37,Starter Subscription,Emp_13 SaaS_13,1,50.0,0.0
2024-07-24 17:00:00.000000,TechCorp_40,Pro Subscription,Emp_21 SaaS_21,1,200.0,0.0
2024-07-24 18:00:00.000000,TechCorp_44,Starter Subscription,Emp_25 SaaS_25,1,50.0,0.0
2024-07-24 16:00:00.000000,TechCorp_54,Starter Subscription,Emp_21 SaaS_21,1,50.0,0.0
2024-07-24 13:00:00.000000,TechCorp_70,Starter Subscription,Emp_25 SaaS_25,1,50.0,0.0
2024-07-24 13:00:00.000000,TechCorp_87,Pro Subscription,Emp_29 SaaS_29,1,200.0,0.0
2024-07-24 09:00:00.000000,TechCorp_103,Starter Subscription,Emp_6 SaaS_6,1,50.0,0.0
2024-07-24 17:00:00.000000,TechCorp_124,Starter Subscription,Emp_31 SaaS_31,1,50.0,0.0
2024-07-24 09:00:00.000000,TechCorp_138,Starter Subscription,Emp_12 SaaS_12,1,50.0,0.0
2024-07-24 08:00:00.000000,TechCorp_140,Starter Subscription,Emp_29 SaaS_29,1,50.0,0.0
2024-07-24 16:00:00.000000,TechCorp_146,Starter Subscription,Emp_2 SaaS_2,1,50.0,0.0
2024-07-24 16:00:00.000000,TechCorp_155,Starter Subscription,Emp_0 SaaS_0,1,50.0,0.0
2024-07-24 14:00:00.000000,TechCorp_175,Starter Subscription,Emp_19 SaaS_19,1,50.0,0.0
2024-07-24 11:00:00.000000,TechCorp_267,Pro Subscription,Emp_19 SaaS_19,1,200.0,0.0
2024-07-25 14:00:00.000000,TechCorp_45,Pro Subscription,Emp_2 SaaS_2,1,200.0,0.0
2024-07-25 14:00:00.000000,TechCorp_76,Starter Subscription,Emp_0 SaaS_0,1,50.0,0.0
2024-07-25 08:00:00.000000,TechCorp_78,Starter Subscription,Emp_21 SaaS_21,1,50.0,0.0
2024-07-25 14:00:00.000000,TechCorp_126,Enterprise License,Emp_21 SaaS_21,8,16000.0,0.0
2024-07-25 11:00:00.000000,TechCorp_132,Pro Subscription,Emp_2 SaaS_2,1,200.0,0.0
2024-07-25 15:00:00.000000,TechCorp_155,Starter Subscription,Emp_29 SaaS_29,1,50.0,0.0
2024-07-25 18:00:00.000000,TechCorp_186,Starter Subscription,Emp_19 SaaS_19,1,50.0,0.0
2024-07-25 17:00:00.000000,TechCorp_202,Pro Subscription,Emp_4 SaaS_4,1,200.0,0.0
2024-07-25 11:00:00.000000,TechCorp_216,Starter Subscription,Emp_31 SaaS_31,1,50.0,0.0
2024-07-25 09:00:00.000000,TechCorp_223,Enterprise License,Emp_0 SaaS_0,10,20000.0,0.0
2024-07-25 17:00:00.000000,TechCorp_224,Pro Subscription,Emp_2 SaaS_2,1,200.0,0.0
2024-07-25 18:00:00.000000,TechCorp_233,Pro Subscription,Emp_21 SaaS_21,1,200.0,0.0
2024-07-25 12:00:00.000000,TechCorp_237,Pro Subscription,Emp_31 SaaS_31,1,200.0,0.0
2024-07-25 10:00:00.000000,TechCorp_250,Starter Subscription,Emp_29 SaaS_29,1,50.0,0.0
2024-07-26 11:00:00.000000,TechCorp_36,Starter Subscription,Emp_25 SaaS_25,1,50.0,0.0
2024-07-26 14:00:00.000000,TechCorp_63,Pro Subscription,Emp_2 SaaS_2,1,200.0,0.0
2024-07-26 10:00:00.000000,TechCorp_75,Starter Subscription,Emp_12 SaaS_12,1,50.0,0.0
2024-07-26 18:00:00.000000,TechCorp_85,Starter Subscription,Emp_29 SaaS_29,1,50.0,0.0
2024-07-26 12:00:00.000000,TechCorp_86,Starter Subscription,Emp_3 SaaS_3,1,50.0,0.0
2024-07-26 16:00:00.000000,TechCorp_94,Starter Subscription,Emp_31 SaaS_31,1,50.0,0.0
2024-07-26 13:00:00.000000,TechCorp_98,Starter Subscription,Emp_0 SaaS_0,1,50.0,0.0
2024-07-26 14:00:00.000000,TechCorp_113,Pro Subscription,Emp_29 SaaS_29,1,200.0,0.0
2024-07-26 10:00:00.000000,TechCorp_170,Starter Subscription,Emp_12 SaaS_12,1,50.0,0.0
2024-07-26 13:00:00.000000,TechCorp_194,Starter Subscription,Emp_3 SaaS_3,1,50.0,0.0
2024-07-26 11:00:00.000000,TechCorp_209,Pro Subscription,Emp_2 SaaS_2,1,200.0,0.0
2024-07-26 18:00:00.000000,TechCorp_215,Starter Subscription,Emp_3 SaaS_3,1,50.0,0.0
2024-07-26 13:00:00.000000,TechCorp_263,Starter Subscription,Emp_3 SaaS_3,1,50.0,0.0
2024-07-26 11:00:00.000000,TechCorp_270,Pro Subscription,Emp_2 SaaS_2,1,200.0,0.0
2024-07-26 10:00:00.000000,TechCorp_271,Pro Subscription,Emp_2 SaaS_2,1,200.0,0.0
2024-07-26 11:00:00.000000,TechCorp_282,Starter Subscription,Emp_29 SaaS_29,1,50.0,0.0
2024-07-26 18:00:00.000000,TechCorp_285,Starter Subscription,Emp_31 SaaS_31,1,50.0,0.0
2024-07-27 16:00:00.000000,TechCorp_13,Enterprise License,Emp_6 SaaS_6,1,2000.0,0.0
2024-07-27 13:00:00.000000,TechCorp_33,Enterprise License,Emp_29 SaaS_29,2,4000.0,0.0
2024-07-27 13:00:00.000000,TechCorp_57,Pro Subscription,Emp_29 SaaS_29,1,200.0,0.0
2024-07-27 09:00:00.000000,TechCorp_80,Enterprise License,Emp_3 SaaS_3,8,16000.0,0.0
2024-07-27 18:00:00.000000,TechCorp_105,Starter Subscription,Emp_21 SaaS_21,1,50.0,0.0
2024-07-27 15:00:00.000000,TechCorp_124,Starter Subscription,Emp_12 SaaS_12,1,50.0,0.0
2024-07-27 10:00:00.000000,TechCorp_148,Starter Subscription,Emp_2 SaaS_2,1,50.0,0.0
2024-07-27 15:00:00.000000,TechCorp_194,Starter Subscription,Emp_12 SaaS_12,1,50.0,0.0
2024-07-27 14:00:00.000000,TechCorp_210,Pro Subscription,Emp_3 SaaS_3,1,200.0,0.0
2024-07-27 09:00:00.000000,TechCorp_243,Pro Subscription,Emp_6 SaaS_6,1,200.0,0.0
2024-07-27 08:00:00.000000,TechCorp_274,Starter Subscription,Emp_2 SaaS_2,1,50.0,0.0
2024-07-27 11:00:00.000000,TechCorp_298,Starter Subscription,Emp_6 SaaS_6,1,50.0,0.0
2024-07-28 10:00:00.000000,TechCorp_14,Pro Subscription,Emp_6 SaaS_6,1,200.0,0.0
2024-07-28 17:00:00.000000,TechCorp_35,Enterprise License,Emp_25 SaaS_25,7,14000.0,0.0
2024-07-28 12:00:00.000000,TechCorp_50,Starter Subscription,Emp_25 SaaS_25,1,50.0,0.0
2024-07-28 16:00:00.000000,TechCorp_78,Starter Subscription,Emp_2 SaaS_2,1,50.0,0.0
2024-07-28 17:00:00.000000,TechCorp_132,Pro Subscription,Emp_0 SaaS_0,1,200.0,0.0
2024-07-28 13:00:00.000000,TechCorp_151,Starter Subscription,Emp_0 SaaS_0,1,50.0,0.0
2024-07-28 08:00:00.000000,TechCorp_189,Pro Subscription,Emp_21 SaaS_21,1,200.0,0.0
2024-07-28 18:00:00.000000,TechCorp_235,Enterprise License,Emp_21 SaaS_21,7,14000.0,0.0
2024-07-28 18:00:00.000000,TechCorp_244,Pro Subscription,Emp_21 SaaS_21,1,200.0,0.0
2024-07-29 15:00:00.000000,TechCorp_8,Starter Subscription,Emp_19 SaaS_19,1,50.0,0.0
2024-07-29 17:00:00.000000,TechCorp_44,Starter Subscription,Emp_4 SaaS_4,1,50.0,0.0
2024-07-29 17:00:00.000000,TechCorp_81,Pro Subscription,Emp_21 SaaS_21,1,200.0,0.0
2024-07-29 09:00:00.000000,TechCorp_101,Starter Subscription,Emp_12 SaaS_12,1,50.0,0.0
2024-07-29 15:00:00.000000,TechCorp_108,Pro Subscription,Emp_4 SaaS_4,1,200.0,0.0
2024-07-29 11:00:00.000000,TechCorp_128,Starter Subscription,Emp_13 SaaS_13,1,50.0,0.0
2024-07-29 18:00:00.000000,TechCorp_140,Starter Subscription,Emp_21 SaaS_21,1,50.0,0.0
2024-07-29 13:00:00.000000,TechCorp_143,Starter Subscription,Emp_4 SaaS_4,1,50.0,0.0
2024-07-29 11:00:00.000000,TechCorp_152,Pro Subscription,Emp_19 SaaS_19,1,200.0,0.0
2024-07-29 16:00:00.000000,TechCorp_157,Starter Subscription,Emp_29 SaaS_29,1,50.0,0.0
2024-07-29 12:00:00.000000,TechCorp_162,Enterprise License,Emp_4 SaaS_4,8,16000.0,0.0
2024-07-29 11:00:00.000000,TechCorp_225,Enterprise License,Emp_6 SaaS_6,10,20000.0,0.0
2024-07-29 14:00:00.000000,TechCorp_251,Starter Subscription,Emp_12 SaaS_12,1,50.0,0.0
2024-07-29 14:00:00.000000,TechCorp_257,Pro Subscription,Emp_25 SaaS_25,1,200.0,0.0
2024-07-29 16:00:00.000000,TechCorp_269,Starter Subscription,Emp_2 SaaS_2,1,50.0,0.0
2024-07-29 18:00:00.000000,TechCorp_283,Starter Subscription,Emp_21 SaaS_21,1,50.0,0.0
2024-07-29 16:00:00.000000,TechCorp_287,Pro Subscription,Emp_31 SaaS_31,1,200.0,0.0
2024-07-30 11:00:00.000000,TechCorp_8,Starter Subscription,Emp_3 SaaS_3,1,50.0,0.0
2024-07-30 16:00:00.000000,TechCorp_80,Enterprise License,Emp_25 SaaS_25,9,18000.0,0.0
2024-07-30 16:00:00.000000,TechCorp_138,Starter Subscription,Emp_0 SaaS_0,1,50.0,0.0
2024-07-30 11:00:00.000000,TechCorp_151,Starter Subscription,Emp_29 SaaS_29,1,50.0,0.0
2024-07-30 08:00:00.000000,TechCorp_181,Starter Subscription,Emp_4 SaaS_4,1,50.0,0.0
2024-07-30 11:00:00.000000,TechCorp_195,Starter Subscription,Emp_3 SaaS_3,1,50.0,0.0
2024-07-30 17:00:00.000000,TechCorp_197,Pro Subscription,Emp_25 SaaS_25,1,200.0,0.0
2024-07-30 18:00:00.000000,TechCorp_199,Starter Subscription,Emp_19 SaaS_19,1,50.0,0.0
2024-07-30 18:00:00.000000,TechCorp_229,Pro Subscription,Emp_25 SaaS_25,1,200.0,0.0
2024-07-30 15:00:00.000000,TechCorp_247,Pro Subscription,Emp_2 SaaS_2,1,200.0,0.0
2024-07-30 18:00:00.000000,TechCorp_248,Starter Subscription,Emp_19 SaaS_19,1,50.0,0.0
2024-07-30 12:00:00.000000,TechCorp_263,Starter Subscription,Emp_13 SaaS_13,1,50.0,0.0
2024-07-30 11:00:00.000000,TechCorp_274,Starter Subscription,Emp_25 SaaS_25,1,50.0,0.0
2024-07-31 16:00:00.000000,TechCorp_26,Starter Subscription,Emp_19 SaaS_19,1,50.0,0.0
2024-07-31 18:00:00.000000,TechCorp_39,Starter Subscription,Emp_12 SaaS_12,1,50.0,0.0
2024-07-31 11:00:00.000000,TechCorp_44,Starter Subscription,Emp_13 SaaS_13,1,50.0,0.0
2024-07-31 11:00:00.000000,TechCorp_46,Enterprise License,Emp_13 SaaS_13,9,18000.0,0.0
2024-07-31 11:00:00.000000,TechCorp_66,Pro Subscription,Emp_29 SaaS_29,1,200.0,0.0
2024-07-31 17:00:00.000000,TechCorp_69,Pro Subscription,Emp_13 SaaS_13,1,200.0,0.0
2024-07-31 15:00:00.000000,TechCorp_149,Starter Subscription,Emp_25 SaaS_25,1,50.0,0.0
2024-07-31 15:00:00.000000,TechCorp_160,Starter Subscription,Emp_4 SaaS_4,1,50.0,0.0
2024-07-31 09:00:00.000000,TechCorp_172,Pro Subscription,Emp_21 SaaS_21,1,200.0,0.0
2024-07-31 12:00:00.000000,TechCorp_242,Starter Subscription,Emp_2 SaaS_2,1,50.0,0.0
2024-07-31 17:00:00.000000,TechCorp_252,Pro Subscription,Emp_13 SaaS_13,1,200.0,0.0
2024-07-31 12:00:00.000000,TechCorp_256,Starter Subscription,Emp_6 SaaS_6,1,50.0,0.0
2024-07-31 15:00:00.000000,TechCorp_258,Enterprise License,Emp_3 SaaS_3,7,14000.0,0.0
2024-07-31 18:00:00.000000,TechCorp_287,Pro Subscription,Emp_12 SaaS_12,1,200.0,0.0
2024-07-31 14:00:00.000000,TechCorp_295,Starter Subscription,Emp_29 SaaS_29,1,50.0,0.0
2024-08-01 14:00:00.000000,TechCorp_5,Enterprise License,Emp_25 SaaS_25,7,14000.0,0.0
2024-08-01 09:00:00.000000,TechCorp_50,Starter Subscription,Emp_13 SaaS_13,1,50.0,0.0
2024-08-01 10:00:00.000000,TechCorp_78,Starter Subscription,Emp_12 SaaS_12,1,50.0,0.0
2024-08-01 12:00:00.000000,TechCorp_113,Pro Subscription,Emp_3 SaaS_3,1,200.0,0.0
2024-08-01 18:00:00.000000,TechCorp_139,Starter Subscription,Emp_2 SaaS_2,1,50.0,0.0
2024-08-01 17:00:00.000000,TechCorp_163,Pro Subscription,Emp_21 SaaS_21,1,200.0,0.0
2024-08-01 09:00:00.000000,TechCorp_178,Enterprise License,Emp_19 SaaS_19,2,4000.0,0.0
2024-08-01 17:00:00.000000,TechCorp_202,Pro Subscription,Emp_19 SaaS_19,1,200.0,0.0
2024-08-01 18:00:00.000000,TechCorp_209,Pro Subscription,Emp_6 SaaS_6,1,200.0,0.0
2024-08-01 15:00:00.000000,TechCorp_251,Starter Subscription,Emp_21 SaaS_21,1,50.0,0.0
2024-08-01 11:00:00.000000,TechCorp_296,Pro Subscription,Emp_4 SaaS_4,1,200.0,0.0
2024-08-02 10:00:00.000000,TechCorp_10,Pro Subscription,Emp_25 SaaS_25,1,200.0,0.0
2024-08-02 16:00:00.000000,TechCorp_13,Enterprise License,Emp_25 SaaS_25,4,8000.0,0.0
2024-08-02 15:00:00.000000,TechCorp_15,Pro Subscription,Emp_4 SaaS_4,1,200.0,0.0
2024-08-02 16:00:00.000000,TechCorp_17,Starter Subscription,Emp_0 SaaS_0,1,50.0,0.0
2024-08-02 16:00:00.000000,TechCorp_25,Starter Subscription,Emp_2 SaaS_2,1,50.0,0.0
2024-08-02 13:00:00.000000,TechCorp_66,Pro Subscription,Emp_0 SaaS_0,1,200.0,0.0
2024-08-02 11:00:00.000000,TechCorp_104,Starter Subscription,Emp_4 SaaS_4,1,50.0,0.0
2024-08-02 11:00:00.000000,TechCorp_129,Starter Subscription,Emp_19 SaaS_19,1,50.0,0.0
2024-08-02 14:00:00.000000,TechCorp_200,Pro Subscription,Emp_12 SaaS_12,1,200.0,0.0
2024-08-02 17:00:00.000000,TechCorp_243,Pro Subscription,Emp_0 SaaS_0,1,200.0,0.0
2024-08-02 16:00:00.000000,TechCorp_290,Starter Subscription,Emp_2 SaaS_2,1,50.0,0.0
2024-08-03 08:00:00.000000,TechCorp_11,Pro Subscription,Emp_6 SaaS_6,1,200.0,0.0
2024-08-03 10:00:00.000000,TechCorp_15,Pro Subscription,Emp_21 SaaS_21,1,200.0,0.0
2024-08-03 17:00:00.000000,TechCorp_19,Starter Subscription,Emp_25 SaaS_25,1,50.0,0.0
2024-08-03 09:00:00.000000,TechCorp_37,Starter Subscription,Emp_12 SaaS_12,1,50.0,0.0
2024-08-03 16:00:00.000000,TechCorp_39,Starter Subscription,Emp_0 SaaS_0,1,50.0,0.0
2024-08-03 16:00:00.000000,TechCorp_71,Pro Subscription,Emp_6 SaaS_6,1,200.0,0.0
2024-08-03 09:00:00.000000,TechCorp_155,Starter Subscription,Emp_19 SaaS_19,1,50.0,0.0
2024-08-03 11:00:00.000000,TechCorp_168,Enterprise License,Emp_25 SaaS_25,10,20000.0,0.0
2024-08-03 12:00:00.000000,TechCorp_228,Starter Subscription,Emp_0 SaaS_0,1,50.0,0.0
2024-08-03 13:00:00.000000,TechCorp_232,Starter Subscription,Emp_4 SaaS_4,1,50.0,0.0
2024-08-03 08:00:00.000000,TechCorp_285,Starter Subscription,Emp_6 SaaS_6,1,50.0,0.0
2024-08-03 11:00:00.000000,TechCorp_288,Pro Subscription,Emp_13 SaaS_13,1,200.0,0.0
2024-08-04 09:00:00.000000,TechCorp_5,Enterprise License,Emp_12 SaaS_12,10,20000.0,0.0
2024-08-04 12:00:00.000000,TechCorp_37,Starter Subscription,Emp_2 SaaS_2,1,50.0,0.0
2024-08-04 12:00:00.000000,TechCorp_43,Pro Subscription,Emp_4 SaaS_4,1,200.0,0.0
2024-08-04 11:00:00.000000,TechCorp_55,Pro Subscription,Emp_0 SaaS_0,1,200.0,0.0
2024-08-04 13:00:00.000000,TechCorp_76,Starter Subscription,Emp_25 SaaS_25,1,50.0,0.0
2024-08-04 11:00:00.000000,TechCorp_118,Pro Subscription,Emp_29 SaaS_29,1,200.0,0.0
2024-08-04 08:00:00.000000,TechCorp_158,Starter Subscription,Emp_2 SaaS_2,1,50.0,0.0
2024-08-04 10:00:00.000000,TechCorp_159,Starter Subscription,Emp_21 SaaS_21,1,50.0,0.0
2024-08-04 13:00:00.000000,TechCorp_233,Pro Subscription,Emp_3 SaaS_3,1,200.0,0.0
2024-08-04 14:00:00.000000,TechCorp_266,Starter Subscription,Emp_12 SaaS_12,1,50.0,0.0
2024-08-04 12:00:00.000000,TechCorp_267,Pro Subscription,Emp_0 SaaS_0,1,200.0,0.0
2024-08-04 11:00:00.000000,TechCorp_291,Starter Subscription,Emp_21 SaaS_21,1,50.0,0.0
2024-08-05 13:00:00.000000,TechCorp_15,Pro Subscription,Emp_29 SaaS_29,1,200.0,0.0
2024-08-05 12:00:00.000000,TechCorp_45,Pro Subscription,Emp_12 SaaS_12,1,200.0,0.0
2024-08-05 10:00:00.000000,TechCorp_76,Starter Subscription,Emp_19 SaaS_19,1,50.0,0.0
2024-08-05 15:00:00.000000,TechCorp_80,Enterprise License,Emp_13 SaaS_13,7,14000.0,0.0
2024-08-05 18:00:00.000000,TechCorp_97,Enterprise License,Emp_25 SaaS_25,9,18000.0,0.0
2024-08-05 15:00:00.000000,TechCorp_103,Starter Subscription,Emp_21 SaaS_21,1,50.0,0.0
2024-08-05 18:00:00.000000,TechCorp_130,Pro Subscription,Emp_3 SaaS_3,1,200.0,0.0
2024-08-05 17:00:00.000000,TechCorp_135,Pro Subscription,Emp_19 SaaS_19,1,200.0,0.0
2024-08-05 13:00:00.000000,TechCorp_151,Starter Subscription,Emp_4 SaaS_4,1,50.0,0.0
2024-08-05 11:00:00.000000,TechCorp_158,Starter Subscription,Emp_25 SaaS_25,1,50.0,0.0
2024-08-05 18:00:00.000000,TechCorp_173,Pro Subscription,Emp_0 SaaS_0,1,200.0,0.0
2024-08-05 18:00:00.000000,TechCorp_194,Starter Subscription,Emp_6 SaaS_6,1,50.0,0.0
2024-08-05 10:00:00.000000,TechCorp_207,Starter Subscription,Emp_2 SaaS_2,1,50.0,0.0
2024-08-05 09:00:00.000000,TechCorp_209,Pro Subscription,Emp_6 SaaS_6,1,200.0,0.0
2024-08-05 18:00:00.000000,TechCorp_222,Pro Subscription,Emp_21 SaaS_21,1,200.0,0.0
2024-08-05 16:00:00.000000,TechCorp_259,Starter Subscription,Emp_3 SaaS_3,1,50.0,0.0
2024-08-05 18:00:00.000000,TechCorp_266,Starter Subscription,Emp_21 SaaS_21,1,50.0,0.0
2024-08-05 08:00:00.000000,TechCorp_292,Starter Subscription,Emp_25 SaaS_25,1,50.0,0.0
2024-08-05 16:00:00.000000,TechCorp_297,Starter Subscription,Emp_3 SaaS_3,1,50.0,0.0
2024-08-06 14:00:00.000000,TechCorp_43,Pro Subscription,Emp_29 SaaS_29,1,200.0,0.0
2024-08-06 11:00:00.000000,TechCorp_47,Pro Subscription,Emp_25 SaaS_25,1,200.0,0.0
2024-08-06 12:00:00.000000,TechCorp_56,Enterprise License,Emp_29 SaaS_29,4,8000.0,0.0
2024-08-06 16:00:00.000000,TechCorp_58,Starter Subscription,Emp_0 SaaS_0,1,50.0,0.0
2024-08-06 11:00:00.000000,TechCorp_84,Pro Subscription,Emp_29 SaaS_29,1,200.0,0.0
2024-08-06 10:00:00.000000,TechCorp_106,Starter Subscription,Emp_13 SaaS_13,1,50.0,0.0
2024-08-06 14:00:00.000000,TechCorp_133,Pro Subscription,Emp_4 SaaS_4,1,200.0,0.0
2024-08-06 12:00:00.000000,TechCorp_160,Starter Subscription,Emp_29 SaaS_29,1,50.0,0.0
2024-08-06 09:00:00.000000,TechCorp_228,Starter Subscription,Emp_21 SaaS_21,1,50.0,0.0
2024-08-06 16:00:00.000000,TechCorp_240,Pro Subscription,Emp_21 SaaS_21,1,200.0,0.0
2024-08-06 17:00:00.000000,TechCorp_255,Starter Subscription,Emp_3 SaaS_3,1,50.0,0.0
2024-08-06 10:00:00.000000,TechCorp_274,Starter Subscription,Emp_3 SaaS_3,1,50.0,0.0
2024-08-06 08:00:00.000000,TechCorp_283,Starter Subscription,Emp_25 SaaS_25,1,50.0,0.0
2024-08-07 15:00:00.000000,TechCorp_5,Enterprise License,Emp_21 SaaS_21,7,14000.0,0.0
2024-08-07 09:00:00.000000,TechCorp_49,Starter Subscription,Emp_2 SaaS_2,1,50.0,0.0
2024-08-07 13:00:00.000000,TechCorp_54,Starter Subscription,Emp_31 SaaS_31,1,50.0,0.0
2024-08-07 15:00:00.000000,TechCorp_64,Pro Subscription,Emp_6 SaaS_6,1,200.0,0.0
2024-08-07 18:00:00.000000,TechCorp_66,Pro Subscription,Emp_6 SaaS_6,1,200.0,0.0
2024-08-07 15:00:00.000000,TechCorp_67,Starter Subscription,Emp_3 SaaS_3,1,50.0,0.0
2024-08-07 16:00:00.000000,TechCorp_76,Starter Subscription,Emp_31 SaaS_31,1,50.0,0.0
2024-08-07 13:00:00.000000,TechCorp_178,Enterprise License,Emp_12 SaaS_12,9,18000.0,0.0
2024-08-07 11:00:00.000000,TechCorp_225,Enterprise License,Emp_4 SaaS_4,5,10000.0,0.0
2024-08-07 14:00:00.000000,TechCorp_229,Pro Subscription,Emp_3 SaaS_3,1,200.0,0.0
2024-08-07 09:00:00.000000,TechCorp_235,Enterprise License,Emp_31 SaaS_31,1,2000.0,0.0
2024-08-07 10:00:00.000000,TechCorp_247,Pro Subscription,Emp_6 SaaS_6,1,200.0,0.0
2024-08-07 13:00:00.000000,TechCorp_290,Starter Subscription,Emp_0 SaaS_0,1,50.0,0.0
2024-08-08 10:00:00.000000,TechCorp_12,Pro Subscription,Emp_25 SaaS_25,1,200.0,0.0
2024-08-08 12:00:00.000000,TechCorp_62,Starter Subscription,Emp_6 SaaS_6,1,50.0,0.0
2024-08-08 18:00:00.000000,TechCorp_106,Starter Subscription,Emp_19 SaaS_19,1,50.0,0.0
2024-08-08 12:00:00.000000,TechCorp_121,Pro Subscription,Emp_2 SaaS_2,1,200.0,0.0
2024-08-08 11:00:00.000000,TechCorp_168,Enterprise License,Emp_29 SaaS_29,4,8000.0,0.0
2024-08-08 08:00:00.000000,TechCorp_235,Enterprise License,Emp_19 SaaS_19,6,12000.0,0.0
2024-08-08 13:00:00.000000,TechCorp_283,Starter Subscription,Emp_12 SaaS_12,1,50.0,0.0
2024-08-08 13:00:00.000000,TechCorp_291,Starter Subscription,Emp_13 SaaS_13,1,50.0,0.0
2024-08-09 08:00:00.000000,TechCorp_10,Pro Subscription,Emp_31 SaaS_31,1,200.0,0.0
2024-08-09 08:00:00.000000,TechCorp_11,Pro Subscription,Emp_6 SaaS_6,1,200.0,0.0
2024-08-09 09:00:00.000000,TechCorp_28,Starter Subscription,Emp_13 SaaS_13,1,50.0,0.0
2024-08-09 08:00:00.000000,TechCorp_42,Pro Subscription,Emp_19 SaaS_19,1,200.0,0.0
2024-08-09 10:00:00.000000,TechCorp_49,Starter Subscription,Emp_13 SaaS_13,1,50.0,0.0
2024-08-09 18:00:00.000000,TechCorp_68,Pro Subscription,Emp_29 SaaS_29,1,200.0,0.0
2024-08-09 11:00:00.000000,TechCorp_94,Starter Subscription,Emp_2 SaaS_2,1,50.0,0.0
2024-08-09 11:00:00.000000,TechCorp_104,Starter Subscription,Emp_2 SaaS_2,1,50.0,0.0
2024-08-09 18:00:00.000000,TechCorp_174,Pro Subscription,Emp_6 SaaS_6,1,200.0,0.0
2024-08-09 09:00:00.000000,TechCorp_186,Starter Subscription,Emp_2 SaaS_2,1,50.0,0.0
2024-08-09 10:00:00.000000,TechCorp_200,Pro Subscription,Emp_31 SaaS_31,1,200.0,0.0
2024-08-09 17:00:00.000000,TechCorp_209,Pro Subscription,Emp_2 SaaS_2,1,200.0,0.0
2024-08-09 11:00:00.000000,TechCorp_238,Pro Subscription,Emp_21 SaaS_21,1,200.0,0.0
2024-08-09 17:00:00.000000,TechCorp_240,Pro Subscription,Emp_6 SaaS_6,1,200.0,0.0
2024-08-09 11:00:00.000000,TechCorp_260,Starter Subscription,Emp_4 SaaS_4,1,50.0,0.0
2024-08-09 13:00:00.000000,TechCorp_262,Starter Subscription,Emp_3 SaaS_3,1,50.0,0.0
2024-08-09 10:00:00.000000,TechCorp_279,Pro Subscription,Emp_13 SaaS_13,1,200.0,0.0
2024-08-09 15:00:00.000000,TechCorp_292,Starter Subscription,Emp_25 SaaS_25,1,50.0,0.0
2024-08-10 11:00:00.000000,TechCorp_52,Starter Subscription,Emp_6 SaaS_6,1,50.0,0.0
2024-08-10 14:00:00.000000,TechCorp_92,Pro Subscription,Emp_25 SaaS_25,1,200.0,0.0
2024-08-10 10:00:00.000000,TechCorp_93,Pro Subscription,Emp_13 SaaS_13,1,200.0,0.0
2024-08-10 15:00:00.000000,TechCorp_95,Starter Subscription,Emp_3 SaaS_3,1,50.0,0.0
2024-08-10 15:00:00.000000,TechCorp_113,Pro Subscription,Emp_6 SaaS_6,1,200.0,0.0
2024-08-10 09:00:00.000000,TechCorp_125,Pro Subscription,Emp_12 SaaS_12,1,200.0,0.0
2024-08-10 17:00:00.000000,TechCorp_132,Pro Subscription,Emp_3 SaaS_3,1,200.0,0.0
2024-08-10 13:00:00.000000,TechCorp_148,Starter Subscription,Emp_4 SaaS_4,1,50.0,0.0
2024-08-10 17:00:00.000000,TechCorp_161,Starter Subscription,Emp_3 SaaS_3,1,50.0,0.0
2024-08-10 10:00:00.000000,TechCorp_177,Starter Subscription,Emp_12 SaaS_12,1,50.0,0.0
2024-08-10 15:00:00.000000,TechCorp_187,Starter Subscription,Emp_19 SaaS_19,1,50.0,0.0
2024-08-10 10:00:00.000000,TechCorp_222,Pro Subscription,Emp_13 SaaS_13,1,200.0,0.0
2024-08-10 09:00:00.000000,TechCorp_270,Pro Subscription,Emp_4 SaaS_4,1,200.0,0.0
2024-08-10 08:00:00.000000,TechCorp_278,Starter Subscription,Emp_19 SaaS_19,1,50.0,0.0
2024-08-11 12:00:00.000000,TechCorp_6,Starter Subscription,Emp_19 SaaS_19,1,50.0,0.0
2024-08-11 17:00:00.000000,TechCorp_26,Starter Subscription,Emp_31 SaaS_31,1,50.0,0.0
2024-08-11 13:00:00.000000,TechCorp_39,Starter Subscription,Emp_21 SaaS_21,1,50.0,0.0
2024-08-11 14:00:00.000000,TechCorp_47,Pro Subscription,Emp_29 SaaS_29,1,200.0,0.0
2024-08-11 09:00:00.000000,TechCorp_62,Starter Subscription,Emp_31 SaaS_31,1,50.0,0.0
2024-08-11 08:00:00.000000,TechCorp_92,Pro Subscription,Emp_13 SaaS_13,1,200.0,0.0
2024-08-11 10:00:00.000000,TechCorp_94,Starter Subscription,Emp_19 SaaS_19,1,50.0,0.0
2024-08-11 11:00:00.000000,TechCorp_102,Pro Subscription,Emp_31 SaaS_31,1,200.0,0.0
2024-08-11 15:00:00.000000,TechCorp_110,Starter Subscription,Emp_3 SaaS_3,1,50.0,0.0
2024-08-11 16:00:00.000000,TechCorp_133,Pro Subscription,Emp_4 SaaS_4,1,200.0,0.0
2024-08-11 08:00:00.000000,TechCorp_162,Enterprise License,Emp_3 SaaS_3,9,18000.0,0.0
2024-08-11 13:00:00.000000,TechCorp_169,Starter Subscription,Emp_29 SaaS_29,1,50.0,0.0
2024-08-11 15:00:00.000000,TechCorp_213,Starter Subscription,Emp_19 SaaS_19,1,50.0,0.0
2024-08-11 13:00:00.000000,TechCorp_222,Pro Subscription,Emp_29 SaaS_29,1,200.0,0.0
2024-08-11 13:00:00.000000,TechCorp_236,Pro Subscription,Emp_13 SaaS_13,1,200.0,0.0
2024-08-11 11:00:00.000000,TechCorp_257,Pro Subscription,Emp_19 SaaS_19,1,200.0,0.0
2024-08-12 15:00:00.000000,TechCorp_50,Starter Subscription,Emp_13 SaaS_13,1,50.0,0.0
2024-08-12 08:00:00.000000,TechCorp_64,Pro Subscription,Emp_6 SaaS_6,1,200.0,0.0
2024-08-12 14:00:00.000000,TechCorp_139,Starter Subscription,Emp_2 SaaS_2,1,50.0,0.0
2024-08-12 12:00:00.000000,TechCorp_223,Enterprise License,Emp_13 SaaS_13,3,6000.0,0.0
2024-08-12 12:00:00.000000,TechCorp_240,Pro Subscription,Emp_6 SaaS_6,1,200.0,0.0
2024-08-12 18:00:00.000000,TechCorp_295,Starter Subscription,Emp_6 SaaS_6,1,50.0,0.0
2024-08-13 08:00:00.000000,TechCorp_5,Enterprise License,Emp_25 SaaS_25,6,12000.0,0.0
2024-08-13 16:00:00.000000,TechCorp_11,Pro Subscription,Emp_0 SaaS_0,1,200.0,0.0
2024-08-13 10:00:00.000000,TechCorp_37,Starter Subscription,Emp_2 SaaS_2,1,50.0,0.0
2024-08-13 08:00:00.000000,TechCorp_44,Starter Subscription,Emp_21 SaaS_21,1,50.0,0.0
2024-08-13 16:00:00.000000,TechCorp_68,Pro Subscription,Emp_13 SaaS_13,1,200.0,0.0
2024-08-13 08:00:00.000000,TechCorp_105,Starter Subscription,Emp_0 SaaS_0,1,50.0,0.0
2024-08-13 14:00:00.000000,TechCorp_114,Starter Subscription,Emp_12 SaaS_12,1,50.0,0.0
2024-08-13 17:00:00.000000,TechCorp_161,Starter Subscription,Emp_0 SaaS_0,1,50.0,0.0
2024-08-13 13:00:00.000000,TechCorp_187,Starter Subscription,Emp_25 SaaS_25,1,50.0,0.0
2024-08-13 16:00:00.000000,TechCorp_235,Enterprise License,Emp_4 SaaS_4,5,10000.0,0.0
2024-08-13 12:00:00.000000,TechCorp_242,Starter Subscription,Emp_19 SaaS_19,1,50.0,0.0
2024-08-13 18:00:00.000000,TechCorp_248,Starter Subscription,Emp_31 SaaS_31,1,50.0,0.0
2024-08-13 16:00:00.000000,TechCorp_251,Starter Subscription,Emp_4 SaaS_4,1,50.0,0.0
2024-08-13 15:00:00.000000,TechCorp_281,Pro Subscription,Emp_4 SaaS_4,1,200.0,0.0
2024-08-13 16:00:00.000000,TechCorp_291,Starter Subscription,Emp_3 SaaS_3,1,50.0,0.0
2024-08-13 09:00:00.000000,TechCorp_296,Pro Subscription,Emp_21 SaaS_21,1,200.0,0.0
2024-08-14 18:00:00.000000,TechCorp_3,Pro Subscription,Emp_4 SaaS_4,1,200.0,0.0
2024-08-14 10:00:00.000000,TechCorp_50,Starter Subscription,Emp_0 SaaS_0,1,50.0,0.0
2024-08-14 16:00:00.000000,TechCorp_74,Pro Subscription,Emp_25 SaaS_25,1,200.0,0.0
2024-08-14 13:00:00.000000,TechCorp_75,Starter Subscription,Emp_0 SaaS_0,1,50.0,0.0
2024-08-14 10:00:00.000000,TechCorp_131,Starter Subscription,Emp_29 SaaS_29,1,50.0,0.0
2024-08-14 16:00:00.000000,TechCorp_143,Starter Subscription,Emp_3 SaaS_3,1,50.0,0.0
2024-08-15 11:00:00.000000,TechCorp_41,Pro Subscription,Emp_25 SaaS_25,1,200.0,0.0
2024-08-15 14:00:00.000000,TechCorp_48,Pro Subscription,Emp_2 SaaS_2,1,200.0,0.0
2024-08-15 10:00:00.000000,TechCorp_58,Starter Subscription,Emp_6 SaaS_6,1,50.0,0.0
2024-08-15 13:00:00.000000,TechCorp_82,Starter Subscription,Emp_13 SaaS_13,1,50.0,0.0
2024-08-15 09:00:00.000000,TechCorp_100,Starter Subscription,Emp_4 SaaS_4,1,50.0,0.0
2024-08-15 09:00:00.000000,TechCorp_110,Starter Subscription,Emp_25 SaaS_25,1,50.0,0.0
2024-08-15 10:00:00.000000,TechCorp_111,Pro Subscription,Emp_6 SaaS_6,1,200.0,0.0
2024-08-15 14:00:00.000000,TechCorp_130,Pro Subscription,Emp_4 SaaS_4,1,200.0,0.0
2024-08-15 09:00:00.000000,TechCorp_152,Pro Subscription,Emp_25 SaaS_25,1,200.0,0.0
2024-08-15 18:00:00.000000,TechCorp_177,Starter Subscription,Emp_29 SaaS_29,1,50.0,0.0
2024-08-15 11:00:00.000000,TechCorp_201,Starter Subscription,Emp_3 SaaS_3,1,50.0,0.0
2024-08-15 15:00:00.000000,TechCorp_210,Pro Subscription,Emp_29 SaaS_29,1,200.0,0.0
2024-08-15 14:00:00.000000,TechCorp_211,Starter Subscription,Emp_0 SaaS_0,1,50.0,0.0
2024-08-15 16:00:00.000000,TechCorp_253,Enterprise License,Emp_4 SaaS_4,5,10000.0,0.0
2024-08-15 14:00:00.000000,TechCorp_257,Pro Subscription,Emp_4 SaaS_4,1,200.0,0.0
2024-08-15 15:00:00.000000,TechCorp_291,Starter Subscription,Emp_3 SaaS_3,1,50.0,0.0
2024-08-15 12:00:00.000000,TechCorp_292,Starter Subscription,Emp_6 SaaS_6,1,50.0,0.0
2024-08-15 08:00:00.000000,TechCorp_293,Pro Subscription,Emp_3 SaaS_3,1,200.0,0.0
2024-08-16 15:00:00.000000,TechCorp_0,Pro Subscription,Emp_29 SaaS_29,1,200.0,0.0
2024-08-16 08:00:00.000000,TechCorp_8,Starter Subscription,Emp_31 SaaS_31,1,50.0,0.0
2024-08-16 12:00:00.000000,TechCorp_16,Enterprise License,Emp_6 SaaS_6,3,6000.0,0.0
2024-08-16 08:00:00.000000,TechCorp_80,Enterprise License,Emp_0 SaaS_0,6,12000.0,0.0
2024-08-16 16:00:00.000000,TechCorp_91,Starter Subscription,Emp_6 SaaS_6,1,50.0,0.0
2024-08-16 15:00:00.000000,TechCorp_104,Starter Subscription,Emp_2 SaaS_2,1,50.0,0.0
2024-08-16 12:00:00.000000,TechCorp_123,Starter Subscription,Emp_3 SaaS_3,1,50.0,0.0
2024-08-16 12:00:00.000000,TechCorp_180,Starter Subscription,Emp_19 SaaS_19,1,50.0,0.0
2024-08-16 16:00:00.000000,TechCorp_200,Pro Subscription,Emp_13 SaaS_13,1,200.0,0.0
2024-08-16 10:00:00.000000,TechCorp_202,Pro Subscription,Emp_13 SaaS_13,1,200.0,0.0
2024-08-16 16:00:00.000000,TechCorp_241,Pro Subscription,Emp_13 SaaS_13,1,200.0,0.0
2024-08-16 16:00:00.000000,TechCorp_280,Pro Subscription,Emp_12 SaaS_12,1,200.0,0.0
2024-08-16 08:00:00.000000,TechCorp_295,Starter Subscription,Emp_6 SaaS_6,1,50.0,0.0
2024-08-17 12:00:00.000000,TechCorp_16,Enterprise License,Emp_2 SaaS_2,2,4000.0,0.0
2024-08-17 17:00:00.000000,TechCorp_26,Starter Subscription,Emp_0 SaaS_0,1,50.0,0.0
2024-08-17 16:00:00.000000,TechCorp_64,Pro Subscription,Emp_31 SaaS_31,1,200.0,0.0
2024-08-17 10:00:00.000000,TechCorp_66,Pro Subscription,Emp_13 SaaS_13,1,200.0,0.0
2024-08-17 16:00:00.000000,TechCorp_69,Pro Subscription,Emp_0 SaaS_0,1,200.0,0.0
2024-08-17 16:00:00.000000,TechCorp_93,Pro Subscription,Emp_3 SaaS_3,1,200.0,0.0
2024-08-17 11:00:00.000000,TechCorp_98,Starter Subscription,Emp_13 SaaS_13,1,50.0,0.0
2024-08-17 15:00:00.000000,TechCorp_112,Starter Subscription,Emp_19 SaaS_19,1,50.0,0.0
2024-08-17 18:00:00.000000,TechCorp_113,Pro Subscription,Emp_25 SaaS_25,1,200.0,0.0
2024-08-17 10:00:00.000000,TechCorp_126,Enterprise License,Emp_29 SaaS_29,1,2000.0,0.0
2024-08-17 08:00:00.000000,TechCorp_135,Pro Subscription,Emp_29 SaaS_29,1,200.0,0.0
2024-08-17 17:00:00.000000,TechCorp_176,Starter Subscription,Emp_6 SaaS_6,1,50.0,0.0
2024-08-17 11:00:00.000000,TechCorp_204,Pro Subscription,Emp_13 SaaS_13,1,200.0,0.0
2024-08-18 16:00:00.000000,TechCorp_7,Pro Subscription,Emp_21 SaaS_21,1,200.0,0.0
2024-08-18 17:00:00.000000,TechCorp_28,Starter Subscription,Emp_31 SaaS_31,1,50.0,0.0
2024-08-18 17:00:00.000000,TechCorp_59,Pro Subscription,Emp_13 SaaS_13,1,200.0,0.0
2024-08-18 11:00:00.000000,TechCorp_95,Starter Subscription,Emp_19 SaaS_19,1,50.0,0.0
2024-08-18 15:00:00.000000,TechCorp_102,Pro Subscription,Emp_25 SaaS_25,1,200.0,0.0
2024-08-18 10:00:00.000000,TechCorp_222,Pro Subscription,Emp_12 SaaS_12,1,200.0,0.0
2024-08-18 09:00:00.000000,TechCorp_240,Pro Subscription,Emp_31 SaaS_31,1,200.0,0.0
2024-08-18 16:00:00.000000,TechCorp_250,Starter Subscription,Emp_6 SaaS_6,1,50.0,0.0
2024-08-18 11:00:00.000000,TechCorp_281,Pro Subscription,Emp_4 SaaS_4,1,200.0,0.0
2024-08-19 15:00:00.000000,TechCorp_3,Pro Subscription,Emp_21 SaaS_21,1,200.0,0.0
2024-08-19 09:00:00.000000,TechCorp_68,Pro Subscription,Emp_6 SaaS_6,1,200.0,0.0
2024-08-19 10:00:00.000000,TechCorp_78,Starter Subscription,Emp_31 SaaS_31,1,50.0,0.0
2024-08-19 15:00:00.000000,TechCorp_90,Pro Subscription,Emp_19 SaaS_19,1,200.0,0.0
2024-08-19 17:00:00.000000,TechCorp_94,Starter Subscription,Emp_4 SaaS_4,1,50.0,0.0
2024-08-19 08:00:00.000000,TechCorp_119,Starter Subscription,Emp_2 SaaS_2,1,50.0,0.0
2024-08-19 11:00:00.000000,TechCorp_121,Pro Subscription,Emp_4 SaaS_4,1,200.0,0.0
2024-08-19 13:00:00.000000,TechCorp_128,Starter Subscription,Emp_2 SaaS_2,1,50.0,0.0
2024-08-19 16:00:00.000000,TechCorp_151,Starter Subscription,Emp_6 SaaS_6,1,50.0,0.0
2024-08-19 14:00:00.000000,TechCorp_152,Pro Subscription,Emp_13 SaaS_13,1,200.0,0.0
2024-08-19 15:00:00.000000,TechCorp_177,Starter Subscription,Emp_25 SaaS_25,1,50.0,0.0
2024-08-19 18:00:00.000000,TechCorp_182,Starter Subscription,Emp_0 SaaS_0,1,50.0,0.0
2024-08-19 18:00:00.000000,TechCorp_193,Enterprise License,Emp_25 SaaS_25,7,14000.0,0.0
2024-08-19 13:00:00.000000,TechCorp_215,Starter Subscription,Emp_6 SaaS_6,1,50.0,0.0
2024-08-19 09:00:00.000000,TechCorp_217,Starter Subscription,Emp_31 SaaS_31,1,50.0,0.0
2024-08-20 16:00:00.000000,TechCorp_2,Pro Subscription,Emp_2 SaaS_2,1,200.0,0.0
2024-08-20 10:00:00.000000,TechCorp_8,Starter Subscription,Emp_3 SaaS_3,1,50.0,0.0
2024-08-20 17:00:00.000000,TechCorp_9,Starter Subscription,Emp_31 SaaS_31,1,50.0,0.0
2024-08-20 08:00:00.000000,TechCorp_33,Enterprise License,Emp_31 SaaS_31,3,6000.0,0.0
2024-08-20 08:00:00.000000,TechCorp_76,Starter Subscription,Emp_4 SaaS_4,1,50.0,0.0
2024-08-20 15:00:00.000000,TechCorp_83,Starter Subscription,Emp_12 SaaS_12,1,50.0,0.0
2024-08-20 08:00:00.000000,TechCorp_88,Pro Subscription,Emp_4 SaaS_4,1,200.0,0.0
2024-08-20 12:00:00.000000,TechCorp_175,Starter Subscription,Emp_4 SaaS_4,1,50.0,0.0
2024-08-20 10:00:00.000000,TechCorp_176,Starter Subscription,Emp_29 SaaS_29,1,50.0,0.0
2024-08-20 10:00:00.000000,TechCorp_234,Starter Subscription,Emp_6 SaaS_6,1,50.0,0.0
2024-08-20 18:00:00.000000,TechCorp_236,Pro Subscription,Emp_4 SaaS_4,1,200.0,0.0
2024-08-20 18:00:00.000000,TechCorp_238,Pro Subscription,Emp_3 SaaS_3,1,200.0,0.0
2024-08-20 10:00:00.000000,TechCorp_247,Pro Subscription,Emp_3 SaaS_3,1,200.0,0.0
2024-08-20 15:00:00.000000,TechCorp_255,Starter Subscription,Emp_6 SaaS_6,1,50.0,0.0
2024-08-20 12:00:00.000000,TechCorp_259,Starter Subscription,Emp_6 SaaS_6,1,50.0,0.0
2024-08-20 11:00:00.000000,TechCorp_262,Starter Subscription,Emp_19 SaaS_19,1,50.0,0.0
2024-08-20 12:00:00.000000,TechCorp_293,Pro Subscription,Emp_4 SaaS_4,1,200.0,0.0
2024-08-21 08:00:00.000000,TechCorp_66,Pro Subscription,Emp_29 SaaS_29,1,200.0,0.0
2024-08-21 12:00:00.000000,TechCorp_112,Starter Subscription,Emp_0 SaaS_0,1,50.0,0.0
2024-08-21 12:00:00.000000,TechCorp_137,Pro Subscription,Emp_12 SaaS_12,1,200.0,0.0
2024-08-21 18:00:00.000000,TechCorp_156,Starter Subscription,Emp_29 SaaS_29,1,50.0,0.0
2024-08-21 17:00:00.000000,TechCorp_180,Starter Subscription,Emp_13 SaaS_13,1,50.0,0.0
2024-08-21 16:00:00.000000,TechCorp_194,Starter Subscription,Emp_3 SaaS_3,1,50.0,0.0
2024-08-21 12:00:00.000000,TechCorp_260,Starter Subscription,Emp_12 SaaS_12,1,50.0,0.0
2024-08-21 11:00:00.000000,TechCorp_268,Starter Subscription,Emp_6 SaaS_6,1,50.0,0.0
2024-08-21 09:00:00.000000,TechCorp_272,Starter Subscription,Emp_29 SaaS_29,1,50.0,0.0
2024-08-22 18:00:00.000000,TechCorp_30,Pro Subscription,Emp_0 SaaS_0,1,200.0,0.0
2024-08-22 14:00:00.000000,TechCorp_35,Enterprise License,Emp_21 SaaS_21,4,8000.0,0.0
2024-08-22 08:00:00.000000,TechCorp_62,Starter Subscription,Emp_12 SaaS_12,1,50.0,0.0
2024-08-22 15:00:00.000000,TechCorp_82,Starter Subscription,Emp_19 SaaS_19,1,50.0,0.0
2024-08-22 15:00:00.000000,TechCorp_83,Starter Subscription,Emp_19 SaaS_19,1,50.0,0.0
2024-08-22 12:00:00.000000,TechCorp_121,Pro Subscription,Emp_31 SaaS_31,1,200.0,0.0
2024-08-22 09:00:00.000000,TechCorp_132,Pro Subscription,Emp_12 SaaS_12,1,200.0,0.0
2024-08-22 18:00:00.000000,TechCorp_163,Pro Subscription,Emp_6 SaaS_6,1,200.0,0.0
2024-08-22 14:00:00.000000,TechCorp_193,Enterprise License,Emp_29 SaaS_29,10,20000.0,0.0
2024-08-22 13:00:00.000000,TechCorp_203,Starter Subscription,Emp_4 SaaS_4,1,50.0,0.0
2024-08-22 13:00:00.000000,TechCorp_207,Starter Subscription,Emp_21 SaaS_21,1,50.0,0.0
2024-08-22 16:00:00.000000,TechCorp_215,Starter Subscription,Emp_4 SaaS_4,1,50.0,0.0
2024-08-22 18:00:00.000000,TechCorp_216,Starter Subscription,Emp_6 SaaS_6,1,50.0,0.0
2024-08-22 16:00:00.000000,TechCorp_258,Enterprise License,Emp_0 SaaS_0,4,8000.0,0.0
2024-08-22 09:00:00.000000,TechCorp_272,Starter Subscription,Emp_29 SaaS_29,1,50.0,0.0
2024-08-22 10:00:00.000000,TechCorp_273,Pro Subscription,Emp_13 SaaS_13,1,200.0,0.0
2024-08-22 15:00:00.000000,TechCorp_292,Starter Subscription,Emp_6 SaaS_6,1,50.0,0.0
2024-08-22 14:00:00.000000,TechCorp_294,Pro Subscription,Emp_3 SaaS_3,1,200.0,0.0
2024-08-23 13:00:00.000000,TechCorp_7,Pro Subscription,Emp_21 SaaS_21,1,200.0,0.0
2024-08-23 09:00:00.000000,TechCorp_10,Pro Subscription,Emp_6 SaaS_6,1,200.0,0.0
2024-08-23 17:00:00.000000,TechCorp_12,Pro Subscription,Emp_2 SaaS_2,1,200.0,0.0
2024-08-23 15:00:00.000000,TechCorp_15,Pro Subscription,Emp_12 SaaS_12,1,200.0,0.0
2024-08-23 12:00:00.000000,TechCorp_50,Starter Subscription,Emp_25 SaaS_25,1,50.0,0.0
2024-08-23 17:00:00.000000,TechCorp_85,Starter Subscription,Emp_4 SaaS_4,1,50.0,0.0
2024-08-23 11:00:00.000000,TechCorp_95,Starter Subscription,Emp_21 SaaS_21,1,50.0,0.0
2024-08-23 08:00:00.000000,TechCorp_118,Pro Subscription,Emp_29 SaaS_29,1,200.0,0.0
2024-08-23 08:00:00.000000,TechCorp_123,Starter Subscription,Emp_25 SaaS_25,1,50.0,0.0
2024-08-23 09:00:00.000000,TechCorp_128,Starter Subscription,Emp_31 SaaS_31,1,50.0,0.0
2024-08-23 15:00:00.000000,TechCorp_144,Starter Subscription,Emp_3 SaaS_3,1,50.0,0.0
2024-08-23 17:00:00.000000,TechCorp_157,Starter Subscription,Emp_0 SaaS_0,1,50.0,0.0
2024-08-23 17:00:00.000000,TechCorp_206,Enterprise License,Emp_12 SaaS_12,10,20000.0,0.0
2024-08-23 18:00:00.000000,TechCorp_211,Starter Subscription,Emp_4 SaaS_4,1,50.0,0.0
2024-08-23 11:00:00.000000,TechCorp_270,Pro Subscription,Emp_3 SaaS_3,1,200.0,0.0
2024-08-23 14:00:00.000000,TechCorp_271,Pro Subscription,Emp_12 SaaS_12,1,200.0,0.0
2024-08-23 10:00:00.000000,TechCorp_273,Pro Subscription,Emp_19 SaaS_19,1,200.0,0.0
2024-08-23 18:00:00.000000,TechCorp_287,Pro Subscription,Emp_21 SaaS_21,1,200.0,0.0
2024-08-23 14:00:00.000000,TechCorp_297,Starter Subscription,Emp_3 SaaS_3,1,50.0,0.0
2024-08-24 08:00:00.000000,TechCorp_4,Starter Subscription,Emp_2 SaaS_2,1,50.0,0.0
2024-08-24 09:00:00.000000,TechCorp_9,Starter Subscription,Emp_31 SaaS_31,1,50.0,0.0
2024-08-24 14:00:00.000000,TechCorp_35,Enterprise License,Emp_6 SaaS_6,6,12000.0,0.0
2024-08-24 14:00:00.000000,TechCorp_39,Starter Subscription,Emp_12 SaaS_12,1,50.0,0.0
2024-08-24 09:00:00.000000,TechCorp_45,Pro Subscription,Emp_3 SaaS_3,1,200.0,0.0
2024-08-24 15:00:00.000000,TechCorp_59,Pro Subscription,Emp_29 SaaS_29,1,200.0,0.0
2024-08-24 10:00:00.000000,TechCorp_62,Starter Subscription,Emp_21 SaaS_21,1,50.0,0.0
2024-08-24 11:00:00.000000,TechCorp_77,Pro Subscription,Emp_3 SaaS_3,1,200.0,0.0
2024-08-24 14:00:00.000000,TechCorp_130,Pro Subscription,Emp_2 SaaS_2,1,200.0,0.0
2024-08-24 11:00:00.000000,TechCorp_157,Starter Subscription,Emp_21 SaaS_21,1,50.0,0.0
2024-08-24 17:00:00.000000,TechCorp_160,Starter Subscription,Emp_21 SaaS_21,1,50.0,0.0
2024-08-24 17:00:00.000000,TechCorp_194,Starter Subscription,Emp_2 SaaS_2,1,50.0,0.0
2024-08-24 10:00:00.000000,TechCorp_268,Starter Subscription,Emp_12 SaaS_12,1,50.0,0.0
2024-08-24 13:00:00.000000,TechCorp_278,Starter Subscription,Emp_12 SaaS_12,1,50.0,0.0
2024-08-24 16:00:00.000000,TechCorp_288,Pro Subscription,Emp_21 SaaS_21,1,200.0,0.0
2024-08-25 13:00:00.000000,TechCorp_35,Enterprise License,Emp_31 SaaS_31,7,14000.0,0.0
2024-08-25 17:00:00.000000,TechCorp_39,Starter Subscription,Emp_21 SaaS_21,1,50.0,0.0
2024-08-25 08:00:00.000000,TechCorp_44,Starter Subscription,Emp_0 SaaS_0,1,50.0,0.0
2024-08-25 10:00:00.000000,TechCorp_45,Pro Subscription,Emp_4 SaaS_4,1,200.0,0.0
2024-08-25 08:00:00.000000,TechCorp_141,Starter Subscription,Emp_25 SaaS_25,1,50.0,0.0
2024-08-25 08:00:00.000000,TechCorp_146,Starter Subscription,Emp_13 SaaS_13,1,50.0,0.0
2024-08-25 08:00:00.000000,TechCorp_152,Pro Subscription,Emp_19 SaaS_19,1,200.0,0.0
2024-08-25 17:00:00.000000,TechCorp_191,Pro Subscription,Emp_21 SaaS_21,1,200.0,0.0
2024-08-25 13:00:00.000000,TechCorp_258,Enterprise License,Emp_6 SaaS_6,2,4000.0,0.0
2024-08-25 10:00:00.000000,TechCorp_262,Starter Subscription,Emp_6 SaaS_6,1,50.0,0.0
2024-08-26 16:00:00.000000,TechCorp_4,Starter Subscription,Emp_19 SaaS_19,1,50.0,0.0
2024-08-26 14:00:00.000000,TechCorp_10,Pro Subscription,Emp_25 SaaS_25,1,200.0,0.0
2024-08-26 14:00:00.000000,TechCorp_22,Enterprise License,Emp_21 SaaS_21,8,16000.0,0.0
2024-08-26 18:00:00.000000,TechCorp_84,Pro Subscription,Emp_19 SaaS_19,1,200.0,0.0
2024-08-26 13:00:00.000000,TechCorp_90,Pro Subscription,Emp_3 SaaS_3,1,200.0,0.0
2024-08-26 14:00:00.000000,TechCorp_100,Starter Subscription,Emp_3 SaaS_3,1,50.0,0.0
2024-08-26 08:00:00.000000,TechCorp_109,Pro Subscription,Emp_6 SaaS_6,1,200.0,0.0
2024-08-26 11:00:00.000000,TechCorp_137,Pro Subscription,Emp_29 SaaS_29,1,200.0,0.0
2024-08-26 15:00:00.000000,TechCorp_192,Starter Subscription,Emp_12 SaaS_12,1,50.0,0.0
2024-08-26 12:00:00.000000,TechCorp_236,Pro Subscription,Emp_19 SaaS_19,1,200.0,0.0
2024-08-26 15:00:00.000000,TechCorp_241,Pro Subscription,Emp_3 SaaS_3,1,200.0,0.0
2024-08-27 17:00:00.000000,TechCorp_0,Pro Subscription,Emp_31 SaaS_31,1,200.0,0.0
2024-08-27 10:00:00.000000,TechCorp_11,Pro Subscription,Emp_21 SaaS_21,1,200.0,0.0
2024-08-27 14:00:00.000000,TechCorp_17,Starter Subscription,Emp_25 SaaS_25,1,50.0,0.0
2024-08-27 11:00:00.000000,TechCorp_26,Starter Subscription,Emp_25 SaaS_25,1,50.0,0.0
2024-08-27 08:00:00.000000,TechCorp_29,Pro Subscription,Emp_3 SaaS_3,1,200.0,0.0
2024-08-27 15:00:00.000000,TechCorp_36,Starter Subscription,Emp_29 SaaS_29,1,50.0,0.0
2024-08-27 15:00:00.000000,TechCorp_57,Pro Subscription,Emp_2 SaaS_2,1,200.0,0.0
2024-08-27 11:00:00.000000,TechCorp_69,Pro Subscription,Emp_19 SaaS_19,1,200.0,0.0
2024-08-27 17:00:00.000000,TechCorp_81,Pro Subscription,Emp_6 SaaS_6,1,200.0,0.0
2024-08-27 18:00:00.000000,TechCorp_96,Starter Subscription,Emp_25 SaaS_25,1,50.0,0.0
2024-08-27 15:00:00.000000,TechCorp_133,Pro Subscription,Emp_31 SaaS_31,1,200.0,0.0
2024-08-27 09:00:00.000000,TechCorp_135,Pro Subscription,Emp_2 SaaS_2,1,200.0,0.0
2024-08-27 15:00:00.000000,TechCorp_138,Starter Subscription,Emp_21 SaaS_21,1,50.0,0.0
2024-08-27 12:00:00.000000,TechCorp_163,Pro Subscription,Emp_6 SaaS_6,1,200.0,0.0
2024-08-27 08:00:00.000000,TechCorp_198,Pro Subscription,Emp_0 SaaS_0,1,200.0,0.0
2024-08-27 17:00:00.000000,TechCorp_224,Pro Subscription,Emp_21 SaaS_21,1,200.0,0.0
2024-08-27 12:00:00.000000,TechCorp_236,Pro Subscription,Emp_4 SaaS_4,1,200.0,0.0
2024-08-27 12:00:00.000000,TechCorp_262,Starter Subscription,Emp_12 SaaS_12,1,50.0,0.0
2024-08-27 18:00:00.000000,TechCorp_283,Starter Subscription,Emp_3 SaaS_3,1,50.0,0.0
2024-08-27 14:00:00.000000,TechCorp_289,Starter Subscription,Emp_6 SaaS_6,1,50.0,0.0
2024-08-27 08:00:00.000000,TechCorp_293,Pro Subscription,Emp_19 SaaS_19,1,200.0,0.0
2024-08-28 17:00:00.000000,TechCorp_12,Pro Subscription,Emp_0 SaaS_0,1,200.0,0.0
2024-08-28 14:00:00.000000,TechCorp_27,Pro Subscription,Emp_6 SaaS_6,1,200.0,0.0
2024-08-28 18:00:00.000000,TechCorp_29,Pro Subscription,Emp_2 SaaS_2,1,200.0,0.0
2024-08-28 14:00:00.000000,TechCorp_51,Pro Subscription,Emp_4 SaaS_4,1,200.0,0.0
2024-08-28 12:00:00.000000,TechCorp_52,Starter Subscription,Emp_2 SaaS_2,1,50.0,0.0
2024-08-28 16:00:00.000000,TechCorp_82,Starter Subscription,Emp_13 SaaS_13,1,50.0,0.0
2024-08-28 10:00:00.000000,TechCorp_85,Starter Subscription,Emp_25 SaaS_25,1,50.0,0.0
2024-08-28 17:00:00.000000,TechCorp_97,Enterprise License,Emp_29 SaaS_29,3,6000.0,0.0
2024-08-28 17:00:00.000000,TechCorp_99,Starter Subscription,Emp_19 SaaS_19,1,50.0,0.0
2024-08-28 08:00:00.000000,TechCorp_130,Pro Subscription,Emp_13 SaaS_13,1,200.0,0.0
2024-08-28 10:00:00.000000,TechCorp_136,Pro Subscription,Emp_29 SaaS_29,1,200.0,0.0
2024-08-28 15:00:00.000000,TechCorp_157,Starter Subscription,Emp_31 SaaS_31,1,50.0,0.0
2024-08-28 08:00:00.000000,TechCorp_194,Starter Subscription,Emp_0 SaaS_0,1,50.0,0.0
2024-08-28 11:00:00.000000,TechCorp_203,Starter Subscription,Emp_0 SaaS_0,1,50.0,0.0
2024-08-28 09:00:00.000000,TechCorp_247,Pro Subscription,Emp_12 SaaS_12,1,200.0,0.0
2024-08-28 13:00:00.000000,TechCorp_293,Pro Subscription,Emp_19 SaaS_19,1,200.0,0.0
2024-08-28 17:00:00.000000,TechCorp_296,Pro Subscription,Emp_31 SaaS_31,1,200.0,0.0
2024-08-28 18:00:00.000000,TechCorp_297,Starter Subscription,Emp_25 SaaS_25,1,50.0,0.0
2024-08-29 18:00:00.000000,TechCorp_0,Pro Subscription,Emp_19 SaaS_19,1,200.0,0.0
2024-08-29 08:00:00.000000,TechCorp_64,Pro Subscription,Emp_31 SaaS_31,1,200.0,0.0
2024-08-29 09:00:00.000000,TechCorp_150,Starter Subscription,Emp_19 SaaS_19,1,50.0,0.0
2024-08-29 17:00:00.000000,TechCorp_191,Pro Subscription,Emp_0 SaaS_0,1,200.0,0.0
2024-08-29 08:00:00.000000,TechCorp_194,Starter Subscription,Emp_21 SaaS_21,1,50.0,0.0
2024-08-29 17:00:00.000000,TechCorp_199,Starter Subscription,Emp_0 SaaS_0,1,50.0,0.0
2024-08-29 15:00:00.000000,TechCorp_276,Pro Subscription,Emp_19 SaaS_19,1,200.0,0.0
2024-08-30 12:00:00.000000,TechCorp_36,Starter Subscription,Emp_29 SaaS_29,1,50.0,0.0
2024-08-30 13:00:00.000000,TechCorp_74,Pro Subscription,Emp_29 SaaS_29,1,200.0,0.0
2024-08-30 18:00:00.000000,TechCorp_83,Starter Subscription,Emp_25 SaaS_25,1,50.0,0.0
2024-08-30 18:00:00.000000,TechCorp_125,Pro Subscription,Emp_25 SaaS_25,1,200.0,0.0
2024-08-30 18:00:00.000000,TechCorp_138,Starter Subscription,Emp_0 SaaS_0,1,50.0,0.0
2024-08-30 08:00:00.000000,TechCorp_144,Starter Subscription,Emp_12 SaaS_12,1,50.0,0.0
2024-08-30 12:00:00.000000,TechCorp_175,Starter Subscription,Emp_0 SaaS_0,1,50.0,0.0
2024-08-30 13:00:00.000000,TechCorp_203,Starter Subscription,Emp_25 SaaS_25,1,50.0,0.0
2024-08-30 11:00:00.000000,TechCorp_264,Pro Subscription,Emp_13 SaaS_13,1,200.0,0.0
2024-08-30 16:00:00.000000,TechCorp_270,Pro Subscription,Emp_12 SaaS_12,1,200.0,0.0
2024-08-31 13:00:00.000000,TechCorp_9,Starter Subscription,Emp_4 SaaS_4,1,50.0,0.0
2024-08-31 10:00:00.000000,TechCorp_30,Pro Subscription,Emp_3 SaaS_3,1,200.0,0.0
2024-08-31 09:00:00.000000,TechCorp_106,Starter Subscription,Emp_4 SaaS_4,1,50.0,0.0
2024-08-31 18:00:00.000000,TechCorp_124,Starter Subscription,Emp_31 SaaS_31,1,50.0,0.0
2024-08-31 16:00:00.000000,TechCorp_157,Starter Subscription,Emp_31 SaaS_31,1,50.0,0.0
2024-08-31 08:00:00.000000,TechCorp_162,Enterprise License,Emp_4 SaaS_4,4,8000.0,0.0
2024-08-31 16:00:00.000000,TechCorp_184,Enterprise License,Emp_6 SaaS_6,9,18000.0,0.0
2024-08-31 13:00:00.000000,TechCorp_192,Starter Subscription,Emp_0 SaaS_0,1,50.0,0.0
2024-08-31 14:00:00.000000,TechCorp_193,Enterprise License,Emp_31 SaaS_31,9,18000.0,0.0
2024-08-31 15:00:00.000000,TechCorp_220,Enterprise License,Emp_25 SaaS_25,7,14000.0,0.0
2024-08-31 11:00:00.000000,TechCorp_259,Starter Subscription,Emp_0 SaaS_0,1,50.0,0.0
2024-08-31 16:00:00.000000,TechCorp_276,Pro Subscription,Emp_4 SaaS_4,1,200.0,0.0
2024-08-31 14:00:00.000000,TechCorp_277,Enterprise License,Emp_12 SaaS_12,7,14000.0,0.0
2024-09-01 08:00:00.000000,TechCorp_13,Enterprise License,Emp_19 SaaS_19,1,2000.0,0.0
2024-09-01 15:00:00.000000,TechCorp_17,Starter Subscription,Emp_6 SaaS_6,1,50.0,0.0
2024-09-01 12:00:00.000000,TechCorp_97,Enterprise License,Emp_25 SaaS_25,5,10000.0,0.0
2024-09-01 15:00:00.000000,TechCorp_113,Pro Subscription,Emp_3 SaaS_3,1,200.0,0.0
2024-09-01 13:00:00.000000,TechCorp_171,Pro Subscription,Emp_6 SaaS_6,1,200.0,0.0
2024-09-01 13:00:00.000000,TechCorp_173,Pro Subscription,Emp_3 SaaS_3,1,200.0,0.0
2024-09-01 10:00:00.000000,TechCorp_216,Starter Subscription,Emp_21 SaaS_21,1,50.0,0.0
2024-09-01 18:00:00.000000,TechCorp_272,Starter Subscription,Emp_29 SaaS_29,1,50.0,0.0
2024-09-01 15:00:00.000000,TechCorp_276,Pro Subscription,Emp_19 SaaS_19,1,200.0,0.0
2024-09-01 16:00:00.000000,TechCorp_287,Pro Subscription,Emp_2 SaaS_2,1,200.0,0.0
2024-09-01 08:00:00.000000,TechCorp_294,Pro Subscription,Emp_6 SaaS_6,1,200.0,0.0
2024-09-02 17:00:00.000000,TechCorp_2,Pro Subscription,Emp_0 SaaS_0,1,200.0,0.0
2024-09-02 14:00:00.000000,TechCorp_10,Pro Subscription,Emp_4 SaaS_4,1,200.0,0.0
2024-09-02 10:00:00.000000,TechCorp_37,Starter Subscription,Emp_12 SaaS_12,1,50.0,0.0
2024-09-02 09:00:00.000000,TechCorp_86,Starter Subscription,Emp_25 SaaS_25,1,50.0,0.0
2024-09-02 08:00:00.000000,TechCorp_158,Starter Subscription,Emp_25 SaaS_25,1,50.0,0.0
2024-09-02 18:00:00.000000,TechCorp_180,Starter Subscription,Emp_12 SaaS_12,1,50.0,0.0
2024-09-02 08:00:00.000000,TechCorp_181,Starter Subscription,Emp_3 SaaS_3,1,50.0,0.0
2024-09-02 15:00:00.000000,TechCorp_193,Enterprise License,Emp_31 SaaS_31,9,18000.0,0.0
2024-09-02 09:00:00.000000,TechCorp_203,Starter Subscription,Emp_19 SaaS_19,1,50.0,0.0
2024-09-02 15:00:00.000000,TechCorp_204,Pro Subscription,Emp_29 SaaS_29,1,200.0,0.0
2024-09-02 17:00:00.000000,TechCorp_255,Starter Subscription,Emp_31 SaaS_31,1,50.0,0.0
2024-09-03 08:00:00.000000,TechCorp_2,Pro Subscription,Emp_0 SaaS_0,1,200.0,0.0
2024-09-03 17:00:00.000000,TechCorp_9,Starter Subscription,Emp_29 SaaS_29,1,50.0,0.0
2024-09-03 10:00:00.000000,TechCorp_12,Pro Subscription,Emp_25 SaaS_25,1,200.0,0.0
2024-09-03 09:00:00.000000,TechCorp_30,Pro Subscription,Emp_4 SaaS_4,1,200.0,0.0
2024-09-03 17:00:00.000000,TechCorp_53,Starter Subscription,Emp_13 SaaS_13,1,50.0,0.0
2024-09-03 18:00:00.000000,TechCorp_103,Starter Subscription,Emp_31 SaaS_31,1,50.0,0.0
2024-09-03 15:00:00.000000,TechCorp_128,Starter Subscription,Emp_21 SaaS_21,1,50.0,0.0
2024-09-03 11:00:00.000000,TechCorp_146,Starter Subscription,Emp_2 SaaS_2,1,50.0,0.0
2024-09-03 13:00:00.000000,TechCorp_162,Enterprise License,Emp_25 SaaS_25,2,4000.0,0.0
2024-09-03 15:00:00.000000,TechCorp_178,Enterprise License,Emp_19 SaaS_19,10,20000.0,0.0
2024-09-03 18:00:00.000000,TechCorp_184,Enterprise License,Emp_13 SaaS_13,7,14000.0,0.0
2024-09-03 15:00:00.000000,TechCorp_209,Pro Subscription,Emp_19 SaaS_19,1,200.0,0.0
2024-09-03 16:00:00.000000,TechCorp_281,Pro Subscription,Emp_3 SaaS_3,1,200.0,0.0
2024-09-04 09:00:00.000000,TechCorp_8,Starter Subscription,Emp_13 SaaS_13,1,50.0,0.0
2024-09-04 14:00:00.000000,TechCorp_10,Pro Subscription,Emp_2 SaaS_2,1,200.0,0.0
2024-09-04 17:00:00.000000,TechCorp_33,Enterprise License,Emp_12 SaaS_12,6,12000.0,0.0
2024-09-04 14:00:00.000000,TechCorp_35,Enterprise License,Emp_12 SaaS_12,8,16000.0,0.0
2024-09-04 11:00:00.000000,TechCorp_132,Pro Subscription,Emp_4 SaaS_4,1,200.0,0.0
2024-09-04 17:00:00.000000,TechCorp_147,Pro Subscription,Emp_3 SaaS_3,1,200.0,0.0
2024-09-04 12:00:00.000000,TechCorp_154,Starter Subscription,Emp_12 SaaS_12,1,50.0,0.0
2024-09-04 08:00:00.000000,TechCorp_190,Pro Subscription,Emp_13 SaaS_13,1,200.0,0.0
2024-09-04 11:00:00.000000,TechCorp_205,Starter Subscription,Emp_19 SaaS_19,1,50.0,0.0
2024-09-04 12:00:00.000000,TechCorp_209,Pro Subscription,Emp_3 SaaS_3,1,200.0,0.0
2024-09-04 13:00:00.000000,TechCorp_223,Enterprise License,Emp_3 SaaS_3,2,4000.0,0.0
2024-09-04 08:00:00.000000,TechCorp_225,Enterprise License,Emp_6 SaaS_6,6,12000.0,0.0
2024-09-04 13:00:00.000000,TechCorp_232,Starter Subscription,Emp_0 SaaS_0,1,50.0,0.0
2024-09-04 17:00:00.000000,TechCorp_248,Starter Subscription,Emp_0 SaaS_0,1,50.0,0.0
2024-09-05 14:00:00.000000,TechCorp_44,Starter Subscription,Emp_0 SaaS_0,1,50.0,0.0
2024-09-05 13:00:00.000000,TechCorp_66,Pro Subscription,Emp_12 SaaS_12,1,200.0,0.0
2024-09-05 08:00:00.000000,TechCorp_81,Pro Subscription,Emp_13 SaaS_13,1,200.0,0.0
2024-09-05 17:00:00.000000,TechCorp_93,Pro Subscription,Emp_12 SaaS_12,1,200.0,0.0
2024-09-05 09:00:00.000000,TechCorp_101,Starter Subscription,Emp_4 SaaS_4,1,50.0,0.0
2024-09-05 16:00:00.000000,TechCorp_119,Starter Subscription,Emp_12 SaaS_12,1,50.0,0.0
2024-09-05 11:00:00.000000,TechCorp_143,Starter Subscription,Emp_13 SaaS_13,1,50.0,0.0
2024-09-05 09:00:00.000000,TechCorp_178,Enterprise License,Emp_12 SaaS_12,4,8000.0,0.0
2024-09-05 09:00:00.000000,TechCorp_179,Enterprise License,Emp_21 SaaS_21,7,14000.0,0.0
2024-09-05 18:00:00.000000,TechCorp_214,Starter Subscription,Emp_0 SaaS_0,1,50.0,0.0
2024-09-05 18:00:00.000000,TechCorp_294,Pro Subscription,Emp_13 SaaS_13,1,200.0,0.0
2024-09-06 14:00:00.000000,TechCorp_2,Pro Subscription,Emp_12 SaaS_12,1,200.0,0.0
2024-09-06 09:00:00.000000,TechCorp_49,Starter Subscription,Emp_2 SaaS_2,1,50.0,0.0
2024-09-06 18:00:00.000000,TechCorp_108,Pro Subscription,Emp_19 SaaS_19,1,200.0,0.0
2024-09-06 09:00:00.000000,TechCorp_159,Starter Subscription,Emp_25 SaaS_25,1,50.0,0.0
2024-09-06 09:00:00.000000,TechCorp_190,Pro Subscription,Emp_29 SaaS_29,1,200.0,0.0
2024-09-06 15:00:00.000000,TechCorp_193,Enterprise License,Emp_31 SaaS_31,4,8000.0,0.0
2024-09-06 18:00:00.000000,TechCorp_247,Pro Subscription,Emp_3 SaaS_3,1,200.0,0.0
2024-09-07 18:00:00.000000,TechCorp_11,Pro Subscription,Emp_19 SaaS_19,1,200.0,0.0
2024-09-07 09:00:00.000000,TechCorp_16,Enterprise License,Emp_4 SaaS_4,4,8000.0,0.0
2024-09-07 12:00:00.000000,TechCorp_33,Enterprise License,Emp_21 SaaS_21,5,10000.0,0.0
2024-09-07 12:00:00.000000,TechCorp_51,Pro Subscription,Emp_21 SaaS_21,1,200.0,0.0
2024-09-07 16:00:00.000000,TechCorp_55,Pro Subscription,Emp_13 SaaS_13,1,200.0,0.0
2024-09-07 18:00:00.000000,TechCorp_102,Pro Subscription,Emp_13 SaaS_13,1,200.0,0.0
2024-09-07 09:00:00.000000,TechCorp_137,Pro Subscription,Emp_31 SaaS_31,1,200.0,0.0
2024-09-07 12:00:00.000000,TechCorp_146,Starter Subscription,Emp_4 SaaS_4,1,50.0,0.0
2024-09-07 11:00:00.000000,TechCorp_217,Starter Subscription,Emp_6 SaaS_6,1,50.0,0.0
2024-09-07 08:00:00.000000,TechCorp_225,Enterprise License,Emp_13 SaaS_13,5,10000.0,0.0
2024-09-07 14:00:00.000000,TechCorp_250,Starter Subscription,Emp_4 SaaS_4,1,50.0,0.0
2024-09-07 12:00:00.000000,TechCorp_256,Starter Subscription,Emp_2 SaaS_2,1,50.0,0.0
2024-09-08 13:00:00.000000,TechCorp_15,Pro Subscription,Emp_19 SaaS_19,1,200.0,0.0
2024-09-08 08:00:00.000000,TechCorp_23,Pro Subscription,Emp_12 SaaS_12,1,200.0,0.0
2024-09-08 14:00:00.000000,TechCorp_62,Starter Subscription,Emp_12 SaaS_12,1,50.0,0.0
2024-09-08 17:00:00.000000,TechCorp_190,Pro Subscription,Emp_0 SaaS_0,1,200.0,0.0
2024-09-08 14:00:00.000000,TechCorp_194,Starter Subscription,Emp_12 SaaS_12,1,50.0,0.0
2024-09-08 12:00:00.000000,TechCorp_211,Starter Subscription,Emp_0 SaaS_0,1,50.0,0.0
2024-09-08 09:00:00.000000,TechCorp_247,Pro Subscription,Emp_0 SaaS_0,1,200.0,0.0
2024-09-08 09:00:00.000000,TechCorp_297,Starter Subscription,Emp_3 SaaS_3,1,50.0,0.0
2024-09-09 14:00:00.000000,TechCorp_36,Starter Subscription,Emp_6 SaaS_6,1,50.0,0.0
2024-09-09 12:00:00.000000,TechCorp_53,Starter Subscription,Emp_25 SaaS_25,1,50.0,0.0
2024-09-09 12:00:00.000000,TechCorp_82,Starter Subscription,Emp_29 SaaS_29,1,50.0,0.0
2024-09-09 17:00:00.000000,TechCorp_94,Starter Subscription,Emp_21 SaaS_21,1,50.0,0.0
2024-09-09 15:00:00.000000,TechCorp_99,Starter Subscription,Emp_21 SaaS_21,1,50.0,0.0
2024-09-09 13:00:00.000000,TechCorp_149,Starter Subscription,Emp_13 SaaS_13,1,50.0,0.0
2024-09-09 15:00:00.000000,TechCorp_201,Starter Subscription,Emp_6 SaaS_6,1,50.0,0.0
2024-09-09 18:00:00.000000,TechCorp_219,Starter Subscription,Emp_0 SaaS_0,1,50.0,0.0
2024-09-09 15:00:00.000000,TechCorp_274,Starter Subscription,Emp_2 SaaS_2,1,50.0,0.0
2024-09-09 13:00:00.000000,TechCorp_291,Starter Subscription,Emp_4 SaaS_4,1,50.0,0.0
2024-09-10 09:00:00.000000,TechCorp_6,Starter Subscription,Emp_2 SaaS_2,1,50.0,0.0
2024-09-10 10:00:00.000000,TechCorp_15,Pro Subscription,Emp_6 SaaS_6,1,200.0,0.0
2024-09-10 17:00:00.000000,TechCorp_30,Pro Subscription,Emp_2 SaaS_2,1,200.0,0.0
2024-09-10 12:00:00.000000,TechCorp_44,Starter Subscription,Emp_12 SaaS_12,1,50.0,0.0
2024-09-10 13:00:00.000000,TechCorp_74,Pro Subscription,Emp_25 SaaS_25,1,200.0,0.0
2024-09-10 17:00:00.000000,TechCorp_95,Starter Subscription,Emp_31 SaaS_31,1,50.0,0.0
2024-09-10 10:00:00.000000,TechCorp_131,Starter Subscription,Emp_4 SaaS_4,1,50.0,0.0
2024-09-10 12:00:00.000000,TechCorp_143,Starter Subscription,Emp_31 SaaS_31,1,50.0,0.0
2024-09-10 13:00:00.000000,TechCorp_151,Starter Subscription,Emp_25 SaaS_25,1,50.0,0.0
2024-09-10 14:00:00.000000,TechCorp_182,Starter Subscription,Emp_4 SaaS_4,1,50.0,0.0
2024-09-10 08:00:00.000000,TechCorp_190,Pro Subscription,Emp_13 SaaS_13,1,200.0,0.0
2024-09-10 12:00:00.000000,TechCorp_206,Enterprise License,Emp_19 SaaS_19,8,16000.0,0.0
2024-09-10 09:00:00.000000,TechCorp_236,Pro Subscription,Emp_6 SaaS_6,1,200.0,0.0
2024-09-10 10:00:00.000000,TechCorp_243,Pro Subscription,Emp_13 SaaS_13,1,200.0,0.0
2024-09-10 15:00:00.000000,TechCorp_268,Starter Subscription,Emp_19 SaaS_19,1,50.0,0.0
2024-09-10 10:00:00.000000,TechCorp_279,Pro Subscription,Emp_4 SaaS_4,1,200.0,0.0
2024-09-10 08:00:00.000000,TechCorp_280,Pro Subscription,Emp_19 SaaS_19,1,200.0,0.0
2024-09-11 17:00:00.000000,TechCorp_15,Pro Subscription,Emp_29 SaaS_29,1,200.0,0.0
2024-09-11 12:00:00.000000,TechCorp_17,Starter Subscription,Emp_4 SaaS_4,1,50.0,0.0
2024-09-11 13:00:00.000000,TechCorp_65,Starter Subscription,Emp_3 SaaS_3,1,50.0,0.0
2024-09-11 18:00:00.000000,TechCorp_71,Pro Subscription,Emp_6 SaaS_6,1,200.0,0.0
2024-09-11 15:00:00.000000,TechCorp_79,Pro Subscription,Emp_0 SaaS_0,1,200.0,0.0
2024-09-11 09:00:00.000000,TechCorp_83,Starter Subscription,Emp_31 SaaS_31,1,50.0,0.0
2024-09-11 09:00:00.000000,TechCorp_92,Pro Subscription,Emp_4 SaaS_4,1,200.0,0.0
2024-09-11 18:00:00.000000,TechCorp_109,Pro Subscription,Emp_25 SaaS_25,1,200.0,0.0
2024-09-11 17:00:00.000000,TechCorp_163,Pro Subscription,Emp_6 SaaS_6,1,200.0,0.0
2024-09-11 12:00:00.000000,TechCorp_242,Starter Subscription,Emp_0 SaaS_0,1,50.0,0.0
2024-09-11 13:00:00.000000,TechCorp_282,Starter Subscription,Emp_3 SaaS_3,1,50.0,0.0
2024-09-11 16:00:00.000000,TechCorp_295,Starter Subscription,Emp_12 SaaS_12,1,50.0,0.0
2024-09-12 12:00:00.000000,TechCorp_7,Pro Subscription,Emp_13 SaaS_13,1,200.0,0.0
2024-09-12 14:00:00.000000,TechCorp_77,Pro Subscription,Emp_21 SaaS_21,1,200.0,0.0
2024-09-12 17:00:00.000000,TechCorp_79,Pro Subscription,Emp_13 SaaS_13,1,200.0,0.0
2024-09-12 14:00:00.000000,TechCorp_87,Pro Subscription,Emp_12 SaaS_12,1,200.0,0.0
2024-09-12 13:00:00.000000,TechCorp_93,Pro Subscription,Emp_29 SaaS_29,1,200.0,0.0
2024-09-12 09:00:00.000000,TechCorp_113,Pro Subscription,Emp_19 SaaS_19,1,200.0,0.0
2024-09-12 10:00:00.000000,TechCorp_119,Starter Subscription,Emp_21 SaaS_21,1,50.0,0.0
2024-09-12 14:00:00.000000,TechCorp_175,Starter Subscription,Emp_0 SaaS_0,1,50.0,0.0
2024-09-12 08:00:00.000000,TechCorp_176,Starter Subscription,Emp_0 SaaS_0,1,50.0,0.0
2024-09-12 14:00:00.000000,TechCorp_189,Pro Subscription,Emp_12 SaaS_12,1,200.0,0.0
2024-09-12 11:00:00.000000,TechCorp_235,Enterprise License,Emp_13 SaaS_13,9,18000.0,0.0
2024-09-12 15:00:00.000000,TechCorp_259,Starter Subscription,Emp_4 SaaS_4,1,50.0,0.0
2024-09-12 15:00:00.000000,TechCorp_265,Pro Subscription,Emp_2 SaaS_2,1,200.0,0.0
2024-09-12 15:00:00.000000,TechCorp_275,Starter Subscription,Emp_2 SaaS_2,1,50.0,0.0
2024-09-13 10:00:00.000000,TechCorp_3,Pro Subscription,Emp_21 SaaS_21,1,200.0,0.0
2024-09-13 09:00:00.000000,TechCorp_8,Starter Subscription,Emp_6 SaaS_6,1,50.0,0.0
2024-09-13 18:00:00.000000,TechCorp_33,Enterprise License,Emp_12 SaaS_12,4,8000.0,0.0
2024-09-13 11:00:00.000000,TechCorp_59,Pro Subscription,Emp_0 SaaS_0,1,200.0,0.0
2024-09-13 08:00:00.000000,TechCorp_81,Pro Subscription,Emp_13 SaaS_13,1,200.0,0.0
2024-09-13 08:00:00.000000,TechCorp_97,Enterprise License,Emp_6 SaaS_6,7,14000.0,0.0
2024-09-13 08:00:00.000000,TechCorp_134,Starter Subscription,Emp_6 SaaS_6,1,50.0,0.0
2024-09-13 15:00:00.000000,TechCorp_189,Pro Subscription,Emp_12 SaaS_12,1,200.0,0.0
2024-09-13 13:00:00.000000,TechCorp_197,Pro Subscription,Emp_12 SaaS_12,1,200.0,0.0
2024-09-13 13:00:00.000000,TechCorp_220,Enterprise License,Emp_4 SaaS_4,4,8000.0,0.0
2024-09-13 08:00:00.000000,TechCorp_221,Starter Subscription,Emp_31 SaaS_31,1,50.0,0.0
2024-09-13 12:00:00.000000,TechCorp_225,Enterprise License,Emp_13 SaaS_13,10,20000.0,0.0
2024-09-13 10:00:00.000000,TechCorp_235,Enterprise License,Emp_12 SaaS_12,9,18000.0,0.0
2024-09-13 13:00:00.000000,TechCorp_236,Pro Subscription,Emp_29 SaaS_29,1,200.0,0.0
2024-09-13 08:00:00.000000,TechCorp_298,Starter Subscription,Emp_3 SaaS_3,1,50.0,0.0
2024-09-14 18:00:00.000000,TechCorp_10,Pro Subscription,Emp_21 SaaS_21,1,200.0,0.0
2024-09-14 18:00:00.000000,TechCorp_55,Pro Subscription,Emp_2 SaaS_2,1,200.0,0.0
2024-09-14 14:00:00.000000,TechCorp_98,Starter Subscription,Emp_25 SaaS_25,1,50.0,0.0
2024-09-14 09:00:00.000000,TechCorp_114,Starter Subscription,Emp_12 SaaS_12,1,50.0,0.0
2024-09-14 08:00:00.000000,TechCorp_119,Starter Subscription,Emp_31 SaaS_31,1,50.0,0.0
2024-09-14 13:00:00.000000,TechCorp_144,Starter Subscription,Emp_3 SaaS_3,1,50.0,0.0
2024-09-14 08:00:00.000000,TechCorp_145,Starter Subscription,Emp_4 SaaS_4,1,50.0,0.0
2024-09-14 18:00:00.000000,TechCorp_147,Pro Subscription,Emp_12 SaaS_12,1,200.0,0.0
2024-09-14 11:00:00.000000,TechCorp_151,Starter Subscription,Emp_31 SaaS_31,1,50.0,0.0
2024-09-14 09:00:00.000000,TechCorp_232,Starter Subscription,Emp_0 SaaS_0,1,50.0,0.0
2024-09-14 16:00:00.000000,TechCorp_285,Starter Subscription,Emp_2 SaaS_2,1,50.0,0.0
2024-09-14 13:00:00.000000,TechCorp_289,Starter Subscription,Emp_19 SaaS_19,1,50.0,0.0
2024-09-14 18:00:00.000000,TechCorp_296,Pro Subscription,Emp_4 SaaS_4,1,200.0,0.0
2024-09-15 09:00:00.000000,TechCorp_45,Pro Subscription,Emp_6 SaaS_6,1,200.0,0.0
2024-09-15 15:00:00.000000,TechCorp_48,Pro Subscription,Emp_6 SaaS_6,1,200.0,0.0
2024-09-15 17:00:00.000000,TechCorp_63,Pro Subscription,Emp_13 SaaS_13,1,200.0,0.0
2024-09-15 17:00:00.000000,TechCorp_67,Starter Subscription,Emp_25 SaaS_25,1,50.0,0.0
2024-09-15 16:00:00.000000,TechCorp_101,Starter Subscription,Emp_3 SaaS_3,1,50.0,0.0
2024-09-15 13:00:00.000000,TechCorp_106,Starter Subscription,Emp_31 SaaS_31,1,50.0,0.0
2024-09-15 16:00:00.000000,TechCorp_132,Pro Subscription,Emp_19 SaaS_19,1,200.0,0.0
2024-09-15 09:00:00.000000,TechCorp_139,Starter Subscription,Emp_12 SaaS_12,1,50.0,0.0
2024-09-15 18:00:00.000000,TechCorp_159,Starter Subscription,Emp_6 SaaS_6,1,50.0,0.0
2024-09-15 09:00:00.000000,TechCorp_187,Starter Subscription,Emp_4 SaaS_4,1,50.0,0.0
2024-09-15 11:00:00.000000,TechCorp_234,Starter Subscription,Emp_13 SaaS_13,1,50.0,0.0
2024-09-15 16:00:00.000000,TechCorp_235,Enterprise License,Emp_4 SaaS_4,7,14000.0,0.0
2024-09-15 17:00:00.000000,TechCorp_251,Starter Subscription,Emp_31 SaaS_31,1,50.0,0.0
2024-09-15 14:00:00.000000,TechCorp_270,Pro Subscription,Emp_21 SaaS_21,1,200.0,0.0
2024-09-16 17:00:00.000000,TechCorp_23,Pro Subscription,Emp_4 SaaS_4,1,200.0,0.0
2024-09-16 14:00:00.000000,TechCorp_43,Pro Subscription,Emp_2 SaaS_2,1,200.0,0.0
2024-09-16 09:00:00.000000,TechCorp_67,Starter Subscription,Emp_29 SaaS_29,1,50.0,0.0
2024-09-16 17:00:00.000000,TechCorp_74,Pro Subscription,Emp_29 SaaS_29,1,200.0,0.0
2024-09-16 18:00:00.000000,TechCorp_79,Pro Subscription,Emp_0 SaaS_0,1,200.0,0.0
2024-09-16 17:00:00.000000,TechCorp_86,Starter Subscription,Emp_31 SaaS_31,1,50.0,0.0
2024-09-16 13:00:00.000000,TechCorp_112,Starter Subscription,Emp_0 SaaS_0,1,50.0,0.0
2024-09-16 16:00:00.000000,TechCorp_139,Starter Subscription,Emp_29 SaaS_29,1,50.0,0.0
2024-09-16 09:00:00.000000,TechCorp_217,Starter Subscription,Emp_6 SaaS_6,1,50.0,0.0
2024-09-16 11:00:00.000000,TechCorp_231,Pro Subscription,Emp_4 SaaS_4,1,200.0,0.0
2024-09-16 15:00:00.000000,TechCorp_256,Starter Subscription,Emp_4 SaaS_4,1,50.0,0.0
2024-09-16 10:00:00.000000,TechCorp_269,Starter Subscription,Emp_25 SaaS_25,1,50.0,0.0
2024-09-16 14:00:00.000000,TechCorp_297,Starter Subscription,Emp_3 SaaS_3,1,50.0,0.0
2024-09-17 14:00:00.000000,TechCorp_4,Starter Subscription,Emp_6 SaaS_6,1,50.0,0.0
2024-09-17 14:00:00.000000,TechCorp_63,Pro Subscription,Emp_6 SaaS_6,1,200.0,0.0
2024-09-17 08:00:00.000000,TechCorp_78,Starter Subscription,Emp_6 SaaS_6,1,50.0,0.0
2024-09-17 08:00:00.000000,TechCorp_100,Starter Subscription,Emp_25 SaaS_25,1,50.0,0.0
2024-09-17 16:00:00.000000,TechCorp_101,Starter Subscription,Emp_25 SaaS_25,1,50.0,0.0
2024-09-17 13:00:00.000000,TechCorp_128,Starter Subscription,Emp_31 SaaS_31,1,50.0,0.0
2024-09-17 12:00:00.000000,TechCorp_129,Starter Subscription,Emp_4 SaaS_4,1,50.0,0.0
2024-09-17 15:00:00.000000,TechCorp_131,Starter Subscription,Emp_19 SaaS_19,1,50.0,0.0
2024-09-17 17:00:00.000000,TechCorp_147,Pro Subscription,Emp_2 SaaS_2,1,200.0,0.0
2024-09-17 13:00:00.000000,TechCorp_164,Pro Subscription,Emp_13 SaaS_13,1,200.0,0.0
2024-09-17 11:00:00.000000,TechCorp_222,Pro Subscription,Emp_2 SaaS_2,1,200.0,0.0
2024-09-17 18:00:00.000000,TechCorp_224,Pro Subscription,Emp_29 SaaS_29,1,200.0,0.0
2024-09-17 11:00:00.000000,TechCorp_280,Pro Subscription,Emp_31 SaaS_31,1,200.0,0.0
2024-09-17 08:00:00.000000,TechCorp_288,Pro Subscription,Emp_19 SaaS_19,1,200.0,0.0
2024-09-17 18:00:00.000000,TechCorp_296,Pro Subscription,Emp_13 SaaS_13,1,200.0,0.0
2024-09-18 15:00:00.000000,TechCorp_27,Pro Subscription,Emp_4 SaaS_4,1,200.0,0.0
2024-09-18 17:00:00.000000,TechCorp_40,Pro Subscription,Emp_6 SaaS_6,1,200.0,0.0
2024-09-18 17:00:00.000000,TechCorp_91,Starter Subscription,Emp_31 SaaS_31,1,50.0,0.0
2024-09-18 18:00:00.000000,TechCorp_141,Starter Subscription,Emp_29 SaaS_29,1,50.0,0.0
2024-09-18 09:00:00.000000,TechCorp_150,Starter Subscription,Emp_31 SaaS_31,1,50.0,0.0
2024-09-18 13:00:00.000000,TechCorp_193,Enterprise License,Emp_6 SaaS_6,4,8000.0,0.0
2024-09-18 08:00:00.000000,TechCorp_224,Pro Subscription,Emp_0 SaaS_0,1,200.0,0.0
2024-09-18 11:00:00.000000,TechCorp_234,Starter Subscription,Emp_3 SaaS_3,1,50.0,0.0
2024-09-19 16:00:00.000000,TechCorp_6,Starter Subscription,Emp_19 SaaS_19,1,50.0,0.0
2024-09-19 13:00:00.000000,TechCorp_43,Pro Subscription,Emp_6 SaaS_6,1,200.0,0.0
2024-09-19 13:00:00.000000,TechCorp_128,Starter Subscription,Emp_19 SaaS_19,1,50.0,0.0
2024-09-19 10:00:00.000000,TechCorp_129,Starter Subscription,Emp_29 SaaS_29,1,50.0,0.0
2024-09-19 10:00:00.000000,TechCorp_147,Pro Subscription,Emp_3 SaaS_3,1,200.0,0.0
2024-09-19 11:00:00.000000,TechCorp_160,Starter Subscription,Emp_12 SaaS_12,1,50.0,0.0
2024-09-19 16:00:00.000000,TechCorp_202,Pro Subscription,Emp_0 SaaS_0,1,200.0,0.0
2024-09-19 11:00:00.000000,TechCorp_205,Starter Subscription,Emp_12 SaaS_12,1,50.0,0.0
2024-09-19 15:00:00.000000,TechCorp_209,Pro Subscription,Emp_19 SaaS_19,1,200.0,0.0
2024-09-19 09:00:00.000000,TechCorp_238,Pro Subscription,Emp_25 SaaS_25,1,200.0,0.0
2024-09-20 17:00:00.000000,TechCorp_21,Pro Subscription,Emp_29 SaaS_29,1,200.0,0.0
2024-09-20 14:00:00.000000,TechCorp_35,Enterprise License,Emp_3 SaaS_3,7,14000.0,0.0
2024-09-20 11:00:00.000000,TechCorp_39,Starter Subscription,Emp_4 SaaS_4,1,50.0,0.0
2024-09-20 09:00:00.000000,TechCorp_45,Pro Subscription,Emp_21 SaaS_21,1,200.0,0.0
2024-09-20 13:00:00.000000,TechCorp_77,Pro Subscription,Emp_29 SaaS_29,1,200.0,0.0
2024-09-20 15:00:00.000000,TechCorp_93,Pro Subscription,Emp_2 SaaS_2,1,200.0,0.0
2024-09-20 17:00:00.000000,TechCorp_111,Pro Subscription,Emp_25 SaaS_25,1,200.0,0.0
2024-09-20 18:00:00.000000,TechCorp_141,Starter Subscription,Emp_2 SaaS_2,1,50.0,0.0
2024-09-20 10:00:00.000000,TechCorp_209,Pro Subscription,Emp_0 SaaS_0,1,200.0,0.0
2024-09-20 13:00:00.000000,TechCorp_218,Starter Subscription,Emp_4 SaaS_4,1,50.0,0.0
2024-09-20 12:00:00.000000,TechCorp_254,Pro Subscription,Emp_0 SaaS_0,1,200.0,0.0
2024-09-21 14:00:00.000000,TechCorp_33,Enterprise License,Emp_29 SaaS_29,8,16000.0,0.0
2024-09-21 12:00:00.000000,TechCorp_55,Pro Subscription,Emp_31 SaaS_31,1,200.0,0.0
2024-09-21 15:00:00.000000,TechCorp_108,Pro Subscription,Emp_31 SaaS_31,1,200.0,0.0
2024-09-21 13:00:00.000000,TechCorp_135,Pro Subscription,Emp_2 SaaS_2,1,200.0,0.0
2024-09-21 08:00:00.000000,TechCorp_222,Pro Subscription,Emp_21 SaaS_21,1,200.0,0.0
2024-09-21 14:00:00.000000,TechCorp_278,Starter Subscription,Emp_12 SaaS_12,1,50.0,0.0
2024-09-21 16:00:00.000000,TechCorp_296,Pro Subscription,Emp_2 SaaS_2,1,200.0,0.0
2024-09-22 08:00:00.000000,TechCorp_6,Starter Subscription,Emp_21 SaaS_21,1,50.0,0.0
2024-09-22 15:00:00.000000,TechCorp_15,Pro Subscription,Emp_3 SaaS_3,1,200.0,0.0
2024-09-22 08:00:00.000000,TechCorp_50,Starter Subscription,Emp_13 SaaS_13,1,50.0,0.0
2024-09-22 17:00:00.000000,TechCorp_55,Pro Subscription,Emp_2 SaaS_2,1,200.0,0.0
2024-09-22 17:00:00.000000,TechCorp_103,Starter Subscription,Emp_2 SaaS_2,1,50.0,0.0
2024-09-22 14:00:00.000000,TechCorp_128,Starter Subscription,Emp_29 SaaS_29,1,50.0,0.0
2024-09-22 14:00:00.000000,TechCorp_129,Starter Subscription,Emp_6 SaaS_6,1,50.0,0.0
2024-09-22 16:00:00.000000,TechCorp_138,Starter Subscription,Emp_29 SaaS_29,1,50.0,0.0
2024-09-22 13:00:00.000000,TechCorp_152,Pro Subscription,Emp_13 SaaS_13,1,200.0,0.0
2024-09-22 09:00:00.000000,TechCorp_170,Starter Subscription,Emp_29 SaaS_29,1,50.0,0.0
2024-09-22 18:00:00.000000,TechCorp_177,Starter Subscription,Emp_4 SaaS_4,1,50.0,0.0
2024-09-22 15:00:00.000000,TechCorp_181,Starter Subscription,Emp_13 SaaS_13,1,50.0,0.0
2024-09-22 18:00:00.000000,TechCorp_271,Pro Subscription,Emp_6 SaaS_6,1,200.0,0.0
2024-09-22 08:00:00.000000,TechCorp_282,Starter Subscription,Emp_0 SaaS_0,1,50.0,0.0
2024-09-22 12:00:00.000000,TechCorp_285,Starter Subscription,Emp_29 SaaS_29,1,50.0,0.0
2024-09-23 08:00:00.000000,TechCorp_10,Pro Subscription,Emp_12 SaaS_12,1,200.0,0.0
2024-09-23 14:00:00.000000,TechCorp_19,Starter Subscription,Emp_6 SaaS_6,1,50.0,0.0
2024-09-23 12:00:00.000000,TechCorp_29,Pro Subscription,Emp_2 SaaS_2,1,200.0,0.0
2024-09-23 17:00:00.000000,TechCorp_77,Pro Subscription,Emp_3 SaaS_3,1,200.0,0.0
2024-09-23 09:00:00.000000,TechCorp_143,Starter Subscription,Emp_29 SaaS_29,1,50.0,0.0
2024-09-23 11:00:00.000000,TechCorp_148,Starter Subscription,Emp_2 SaaS_2,1,50.0,0.0
2024-09-23 16:00:00.000000,TechCorp_171,Pro Subscription,Emp_21 SaaS_21,1,200.0,0.0
2024-09-23 10:00:00.000000,TechCorp_180,Starter Subscription,Emp_29 SaaS_29,1,50.0,0.0
2024-09-23 17:00:00.000000,TechCorp_184,Enterprise License,Emp_21 SaaS_21,5,10000.0,0.0
2024-09-23 17:00:00.000000,TechCorp_207,Starter Subscription,Emp_2 SaaS_2,1,50.0,0.0
2024-09-23 17:00:00.000000,TechCorp_224,Pro Subscription,Emp_19 SaaS_19,1,200.0,0.0
2024-09-23 17:00:00.000000,TechCorp_262,Starter Subscription,Emp_25 SaaS_25,1,50.0,0.0
2024-09-23 10:00:00.000000,TechCorp_268,Starter Subscription,Emp_29 SaaS_29,1,50.0,0.0
2024-09-24 16:00:00.000000,TechCorp_29,Pro Subscription,Emp_0 SaaS_0,1,200.0,0.0
2024-09-24 14:00:00.000000,TechCorp_44,Starter Subscription,Emp_19 SaaS_19,1,50.0,0.0
2024-09-24 08:00:00.000000,TechCorp_57,Pro Subscription,Emp_13 SaaS_13,1,200.0,0.0
2024-09-24 10:00:00.000000,TechCorp_65,Starter Subscription,Emp_29 SaaS_29,1,50.0,0.0
2024-09-24 15:00:00.000000,TechCorp_69,Pro Subscription,Emp_13 SaaS_13,1,200.0,0.0
2024-09-24 17:00:00.000000,TechCorp_76,Starter Subscription,Emp_0 SaaS_0,1,50.0,0.0
2024-09-24 18:00:00.000000,TechCorp_123,Starter Subscription,Emp_29 SaaS_29,1,50.0,0.0
2024-09-24 09:00:00.000000,TechCorp_141,Starter Subscription,Emp_0 SaaS_0,1,50.0,0.0
2024-09-24 15:00:00.000000,TechCorp_192,Starter Subscription,Emp_6 SaaS_6,1,50.0,0.0
2024-09-24 09:00:00.000000,TechCorp_263,Starter Subscription,Emp_19 SaaS_19,1,50.0,0.0
2024-09-24 10:00:00.000000,TechCorp_265,Pro Subscription,Emp_21 SaaS_21,1,200.0,0.0
2024-09-24 13:00:00.000000,TechCorp_287,Pro Subscription,Emp_19 SaaS_19,1,200.0,0.0
2024-09-24 11:00:00.000000,TechCorp_288,Pro Subscription,Emp_19 SaaS_19,1,200.0,0.0
2024-09-24 16:00:00.000000,TechCorp_293,Pro Subscription,Emp_12 SaaS_12,1,200.0,0.0
2024-09-25 15:00:00.000000,TechCorp_26,Starter Subscription,Emp_3 SaaS_3,1,50.0,0.0
2024-09-25 08:00:00.000000,TechCorp_77,Pro Subscription,Emp_6 SaaS_6,1,200.0,0.0
2024-09-25 16:00:00.000000,TechCorp_83,Starter Subscription,Emp_2 SaaS_2,1,50.0,0.0
2024-09-25 15:00:00.000000,TechCorp_86,Starter Subscription,Emp_6 SaaS_6,1,50.0,0.0
2024-09-25 18:00:00.000000,TechCorp_92,Pro Subscription,Emp_31 SaaS_31,1,200.0,0.0
2024-09-25 11:00:00.000000,TechCorp_105,Starter Subscription,Emp_6 SaaS_6,1,50.0,0.0
2024-09-25 15:00:00.000000,TechCorp_112,Starter Subscription,Emp_4 SaaS_4,1,50.0,0.0
2024-09-25 08:00:00.000000,TechCorp_125,Pro Subscription,Emp_0 SaaS_0,1,200.0,0.0
2024-09-25 17:00:00.000000,TechCorp_131,Starter Subscription,Emp_29 SaaS_29,1,50.0,0.0
2024-09-25 08:00:00.000000,TechCorp_169,Starter Subscription,Emp_2 SaaS_2,1,50.0,0.0
2024-09-25 15:00:00.000000,TechCorp_179,Enterprise License,Emp_21 SaaS_21,4,8000.0,0.0
2024-09-25 16:00:00.000000,TechCorp_198,Pro Subscription,Emp_21 SaaS_21,1,200.0,0.0
2024-09-25 10:00:00.000000,TechCorp_200,Pro Subscription,Emp_2 SaaS_2,1,200.0,0.0
2024-09-25 12:00:00.000000,TechCorp_228,Starter Subscription,Emp_31 SaaS_31,1,50.0,0.0
2024-09-25 09:00:00.000000,TechCorp_243,Pro Subscription,Emp_3 SaaS_3,1,200.0,0.0
2024-09-25 18:00:00.000000,TechCorp_251,Starter Subscription,Emp_2 SaaS_2,1,50.0,0.0
2024-09-25 11:00:00.000000,TechCorp_292,Starter Subscription,Emp_21 SaaS_21,1,50.0,0.0
2024-09-26 10:00:00.000000,TechCorp_4,Starter Subscription,Emp_19 SaaS_19,1,50.0,0.0
2024-09-26 09:00:00.000000,TechCorp_39,Starter Subscription,Emp_19 SaaS_19,1,50.0,0.0
2024-09-26 18:00:00.000000,TechCorp_64,Pro Subscription,Emp_3 SaaS_3,1,200.0,0.0
2024-09-26 08:00:00.000000,TechCorp_118,Pro Subscription,Emp_0 SaaS_0,1,200.0,0.0
2024-09-26 11:00:00.000000,TechCorp_134,Starter Subscription,Emp_3 SaaS_3,1,50.0,0.0
2024-09-26 13:00:00.000000,TechCorp_215,Starter Subscription,Emp_25 SaaS_25,1,50.0,0.0
2024-09-26 14:00:00.000000,TechCorp_220,Enterprise License,Emp_19 SaaS_19,5,10000.0,0.0
2024-09-26 14:00:00.000000,TechCorp_227,Starter Subscription,Emp_0 SaaS_0,1,50.0,0.0
2024-09-26 13:00:00.000000,TechCorp_247,Pro Subscription,Emp_29 SaaS_29,1,200.0,0.0
2024-09-26 15:00:00.000000,TechCorp_264,Pro Subscription,Emp_6 SaaS_6,1,200.0,0.0
2024-09-26 18:00:00.000000,TechCorp_274,Starter Subscription,Emp_13 SaaS_13,1,50.0,0.0
2024-09-26 08:00:00.000000,TechCorp_280,Pro Subscription,Emp_4 SaaS_4,1,200.0,0.0
2024-09-26 10:00:00.000000,TechCorp_291,Starter Subscription,Emp_25 SaaS_25,1,50.0,0.0
2024-09-26 15:00:00.000000,TechCorp_296,Pro Subscription,Emp_29 SaaS_29,1,200.0,0.0
2024-09-27 11:00:00.000000,TechCorp_26,Starter Subscription,Emp_4 SaaS_4,1,50.0,0.0
2024-09-27 18:00:00.000000,TechCorp_32,Starter Subscription,Emp_4 SaaS_4,1,50.0,0.0
2024-09-27 18:00:00.000000,TechCorp_37,Starter Subscription,Emp_13 SaaS_13,1,50.0,0.0
2024-09-27 17:00:00.000000,TechCorp_40,Pro Subscription,Emp_13 SaaS_13,1,200.0,0.0
2024-09-27 09:00:00.000000,TechCorp_68,Pro Subscription,Emp_21 SaaS_21,1,200.0,0.0
2024-09-27 10:00:00.000000,TechCorp_84,Pro Subscription,Emp_6 SaaS_6,1,200.0,0.0
2024-09-27 11:00:00.000000,TechCorp_86,Starter Subscription,Emp_4 SaaS_4,1,50.0,0.0
2024-09-27 08:00:00.000000,TechCorp_121,Pro Subscription,Emp_4 SaaS_4,1,200.0,0.0
2024-09-27 12:00:00.000000,TechCorp_156,Starter Subscription,Emp_6 SaaS_6,1,50.0,0.0
2024-09-27 12:00:00.000000,TechCorp_224,Pro Subscription,Emp_13 SaaS_13,1,200.0,0.0
2024-09-27 17:00:00.000000,TechCorp_243,Pro Subscription,Emp_25 SaaS_25,1,200.0,0.0
2024-09-27 18:00:00.000000,TechCorp_259,Starter Subscription,Emp_2 SaaS_2,1,50.0,0.0
2024-09-28 13:00:00.000000,TechCorp_35,Enterprise License,Emp_6 SaaS_6,6,12000.0,0.0
2024-09-28 11:00:00.000000,TechCorp_49,Starter Subscription,Emp_25 SaaS_25,1,50.0,0.0
2024-09-28 13:00:00.000000,TechCorp_54,Starter Subscription,Emp_6 SaaS_6,1,50.0,0.0
2024-09-28 10:00:00.000000,TechCorp_66,Pro Subscription,Emp_6 SaaS_6,1,200.0,0.0
2024-09-28 08:00:00.000000,TechCorp_77,Pro Subscription,Emp_21 SaaS_21,1,200.0,0.0
2024-09-28 16:00:00.000000,TechCorp_86,Starter Subscription,Emp_0 SaaS_0,1,50.0,0.0
2024-09-28 14:00:00.000000,TechCorp_101,Starter Subscription,Emp_29 SaaS_29,1,50.0,0.0
2024-09-28 12:00:00.000000,TechCorp_105,Starter Subscription,Emp_2 SaaS_2,1,50.0,0.0
2024-09-28 17:00:00.000000,TechCorp_106,Starter Subscription,Emp_3 SaaS_3,1,50.0,0.0
2024-09-28 08:00:00.000000,TechCorp_110,Starter Subscription,Emp_13 SaaS_13,1,50.0,0.0
2024-09-28 17:00:00.000000,TechCorp_125,Pro Subscription,Emp_0 SaaS_0,1,200.0,0.0
2024-09-28 17:00:00.000000,TechCorp_140,Starter Subscription,Emp_21 SaaS_21,1,50.0,0.0
2024-09-28 09:00:00.000000,TechCorp_144,Starter Subscription,Emp_4 SaaS_4,1,50.0,0.0
2024-09-28 09:00:00.000000,TechCorp_147,Pro Subscription,Emp_31 SaaS_31,1,200.0,0.0
2024-09-28 12:00:00.000000,TechCorp_156,Starter Subscription,Emp_25 SaaS_25,1,50.0,0.0
2024-09-28 15:00:00.000000,TechCorp_169,Starter Subscription,Emp_25 SaaS_25,1,50.0,0.0
2024-09-28 10:00:00.000000,TechCorp_177,Starter Subscription,Emp_6 SaaS_6,1,50.0,0.0
2024-09-28 18:00:00.000000,TechCorp_241,Pro Subscription,Emp_6 SaaS_6,1,200.0,0.0
2024-09-28 18:00:00.000000,TechCorp_268,Starter Subscription,Emp_25 SaaS_25,1,50.0,0.0
2024-09-28 16:00:00.000000,TechCorp_274,Starter Subscription,Emp_12 SaaS_12,1,50.0,0.0
2024-09-29 11:00:00.000000,TechCorp_6,Starter Subscription,Emp_12 SaaS_12,1,50.0,0.0
2024-09-29 16:00:00.000000,TechCorp_8,Starter Subscription,Emp_13 SaaS_13,1,50.0,0.0
2024-09-29 13:00:00.000000,TechCorp_42,Pro Subscription,Emp_29 SaaS_29,1,200.0,0.0
2024-09-29 09:00:00.000000,TechCorp_66,Pro Subscription,Emp_31 SaaS_31,1,200.0,0.0
2024-09-29 18:00:00.000000,TechCorp_68,Pro Subscription,Emp_29 SaaS_29,1,200.0,0.0
2024-09-29 11:00:00.000000,TechCorp_91,Starter Subscription,Emp_2 SaaS_2,1,50.0,0.0
2024-09-29 15:00:00.000000,TechCorp_221,Starter Subscription,Emp_31 SaaS_31,1,50.0,0.0
2024-09-29 17:00:00.000000,TechCorp_234,Starter Subscription,Emp_25 SaaS_25,1,50.0,0.0
2024-09-29 12:00:00.000000,TechCorp_291,Starter Subscription,Emp_4 SaaS_4,1,50.0,0.0
2024-09-30 10:00:00.000000,TechCorp_25,Starter Subscription,Emp_13 SaaS_13,1,50.0,0.0
2024-09-30 15:00:00.000000,TechCorp_27,Pro Subscription,Emp_3 SaaS_3,1,200.0,0.0
2024-09-30 16:00:00.000000,TechCorp_43,Pro Subscription,Emp_3 SaaS_3,1,200.0,0.0
2024-09-30 15:00:00.000000,TechCorp_50,Starter Subscription,Emp_12 SaaS_12,1,50.0,0.0
2024-09-30 12:00:00.000000,TechCorp_51,Pro Subscription,Emp_0 SaaS_0,1,200.0,0.0
2024-09-30 18:00:00.000000,TechCorp_71,Pro Subscription,Emp_25 SaaS_25,1,200.0,0.0
2024-09-30 08:00:00.000000,TechCorp_74,Pro Subscription,Emp_0 SaaS_0,1,200.0,0.0
2024-09-30 18:00:00.000000,TechCorp_80,Enterprise License,Emp_21 SaaS_21,3,6000.0,0.0
2024-09-30 13:00:00.000000,TechCorp_116,Starter Subscription,Emp_12 SaaS_12,1,50.0,0.0
2024-09-30 14:00:00.000000,TechCorp_140,Starter Subscription,Emp_6 SaaS_6,1,50.0,0.0
2024-09-30 09:00:00.000000,TechCorp_273,Pro Subscription,Emp_25 SaaS_25,1,200.0,0.0
2024-09-30 16:00:00.000000,TechCorp_274,Starter Subscription,Emp_3 SaaS_3,1,50.0,0.0
2024-10-01 16:00:00.000000,TechCorp_49,Starter Subscription,Emp_3 SaaS_3,1,50.0,0.0
2024-10-01 13:00:00.000000,TechCorp_87,Pro Subscription,Emp_13 SaaS_13,1,200.0,0.0
2024-10-01 09:00:00.000000,TechCorp_100,Starter Subscription,Emp_3 SaaS_3,1,50.0,0.0
2024-10-01 08:00:00.000000,TechCorp_126,Enterprise License,Emp_12 SaaS_12,10,20000.0,0.0
2024-10-01 18:00:00.000000,TechCorp_134,Starter Subscription,Emp_0 SaaS_0,1,50.0,0.0
2024-10-01 18:00:00.000000,TechCorp_189,Pro Subscription,Emp_12 SaaS_12,1,200.0,0.0
2024-10-01 11:00:00.000000,TechCorp_205,Starter Subscription,Emp_12 SaaS_12,1,50.0,0.0
2024-10-01 11:00:00.000000,TechCorp_213,Starter Subscription,Emp_21 SaaS_21,1,50.0,0.0
2024-10-01 16:00:00.000000,TechCorp_216,Starter Subscription,Emp_4 SaaS_4,1,50.0,0.0
2024-10-01 15:00:00.000000,TechCorp_223,Enterprise License,Emp_21 SaaS_21,3,6000.0,0.0
2024-10-01 15:00:00.000000,TechCorp_252,Pro Subscription,Emp_31 SaaS_31,1,200.0,0.0
2024-10-01 10:00:00.000000,TechCorp_264,Pro Subscription,Emp_2 SaaS_2,1,200.0,0.0
2024-10-01 09:00:00.000000,TechCorp_279,Pro Subscription,Emp_3 SaaS_3,1,200.0,0.0
2024-10-01 11:00:00.000000,TechCorp_281,Pro Subscription,Emp_12 SaaS_12,1,200.0,0.0
2024-10-01 11:00:00.000000,TechCorp_291,Starter Subscription,Emp_25 SaaS_25,1,50.0,0.0
2024-10-01 12:00:00.000000,TechCorp_298,Starter Subscription,Emp_2 SaaS_2,1,50.0,0.0
2024-10-02 16:00:00.000000,TechCorp_42,Pro Subscription,Emp_0 SaaS_0,1,200.0,0.0
2024-10-02 08:00:00.000000,TechCorp_52,Starter Subscription,Emp_31 SaaS_31,1,50.0,0.0
2024-10-02 10:00:00.000000,TechCorp_78,Starter Subscription,Emp_3 SaaS_3,1,50.0,0.0
2024-10-02 14:00:00.000000,TechCorp_79,Pro Subscription,Emp_12 SaaS_12,1,200.0,0.0
2024-10-02 10:00:00.000000,TechCorp_123,Starter Subscription,Emp_29 SaaS_29,1,50.0,0.0
2024-10-02 11:00:00.000000,TechCorp_141,Starter Subscription,Emp_12 SaaS_12,1,50.0,0.0
2024-10-02 16:00:00.000000,TechCorp_157,Starter Subscription,Emp_12 SaaS_12,1,50.0,0.0
2024-10-02 13:00:00.000000,TechCorp_176,Starter Subscription,Emp_29 SaaS_29,1,50.0,0.0
2024-10-02 12:00:00.000000,TechCorp_182,Starter Subscription,Emp_4 SaaS_4,1,50.0,0.0
2024-10-02 15:00:00.000000,TechCorp_192,Starter Subscription,Emp_2 SaaS_2,1,50.0,0.0
2024-10-02 14:00:00.000000,TechCorp_223,Enterprise License,Emp_13 SaaS_13,7,14000.0,0.0
2024-10-02 18:00:00.000000,TechCorp_236,Pro Subscription,Emp_19 SaaS_19,1,200.0,0.0
2024-10-02 15:00:00.000000,TechCorp_253,Enterprise License,Emp_13 SaaS_13,9,18000.0,0.0
2024-10-03 18:00:00.000000,TechCorp_2,Pro Subscription,Emp_19 SaaS_19,1,200.0,0.0
2024-10-03 18:00:00.000000,TechCorp_125,Pro Subscription,Emp_21 SaaS_21,1,200.0,0.0
2024-10-03 15:00:00.000000,TechCorp_138,Starter Subscription,Emp_25 SaaS_25,1,50.0,0.0
2024-10-03 16:00:00.000000,TechCorp_173,Pro Subscription,Emp_3 SaaS_3,1,200.0,0.0
2024-10-03 09:00:00.000000,TechCorp_178,Enterprise License,Emp_19 SaaS_19,4,8000.0,0.0
2024-10-03 13:00:00.000000,TechCorp_198,Pro Subscription,Emp_13 SaaS_13,1,200.0,0.0
2024-10-03 15:00:00.000000,TechCorp_200,Pro Subscription,Emp_25 SaaS_25,1,200.0,0.0
2024-10-03 13:00:00.000000,TechCorp_255,Starter Subscription,Emp_6 SaaS_6,1,50.0,0.0
2024-10-03 12:00:00.000000,TechCorp_291,Starter Subscription,Emp_4 SaaS_4,1,50.0,0.0
2024-10-04 18:00:00.000000,TechCorp_0,Pro Subscription,Emp_31 SaaS_31,1,200.0,0.0
2024-10-04 12:00:00.000000,TechCorp_21,Pro Subscription,Emp_29 SaaS_29,1,200.0,0.0
2024-10-04 08:00:00.000000,TechCorp_55,Pro Subscription,Emp_25 SaaS_25,1,200.0,0.0
2024-10-04 11:00:00.000000,TechCorp_85,Starter Subscription,Emp_21 SaaS_21,1,50.0,0.0
2024-10-04 14:00:00.000000,TechCorp_110,Starter Subscription,Emp_29 SaaS_29,1,50.0,0.0
2024-10-04 09:00:00.000000,TechCorp_112,Starter Subscription,Emp_0 SaaS_0,1,50.0,0.0
2024-10-04 15:00:00.000000,TechCorp_148,Starter Subscription,Emp_12 SaaS_12,1,50.0,0.0
2024-10-04 09:00:00.000000,TechCorp_152,Pro Subscription,Emp_25 SaaS_25,1,200.0,0.0
2024-10-04 11:00:00.000000,TechCorp_162,Enterprise License,Emp_19 SaaS_19,8,16000.0,0.0
2024-10-04 17:00:00.000000,TechCorp_170,Starter Subscription,Emp_0 SaaS_0,1,50.0,0.0
2024-10-04 14:00:00.000000,TechCorp_179,Enterprise License,Emp_12 SaaS_12,5,10000.0,0.0
2024-10-04 18:00:00.000000,TechCorp_204,Pro Subscription,Emp_13 SaaS_13,1,200.0,0.0
2024-10-04 16:00:00.000000,TechCorp_239,Starter Subscription,Emp_31 SaaS_31,1,50.0,0.0
2024-10-04 11:00:00.000000,TechCorp_276,Pro Subscription,Emp_21 SaaS_21,1,200.0,0.0
2024-10-05 13:00:00.000000,TechCorp_3,Pro Subscription,Emp_6 SaaS_6,1,200.0,0.0
2024-10-05 18:00:00.000000,TechCorp_37,Starter Subscription,Emp_21 SaaS_21,1,50.0,0.0
2024-10-05 12:00:00.000000,TechCorp_43,Pro Subscription,Emp_25 SaaS_25,1,200.0,0.0
2024-10-05 10:00:00.000000,TechCorp_46,Enterprise License,Emp_12 SaaS_12,7,14000.0,0.0
2024-10-05 08:00:00.000000,TechCorp_55,Pro Subscription,Emp_29 SaaS_29,1,200.0,0.0
2024-10-05 16:00:00.000000,TechCorp_112,Starter Subscription,Emp_3 SaaS_3,1,50.0,0.0
2024-10-05 18:00:00.000000,TechCorp_163,Pro Subscription,Emp_31 SaaS_31,1,200.0,0.0
2024-10-05 11:00:00.000000,TechCorp_170,Starter Subscription,Emp_0 SaaS_0,1,50.0,0.0
2024-10-05 08:00:00.000000,TechCorp_250,Starter Subscription,Emp_6 SaaS_6,1,50.0,0.0
2024-10-05 15:00:00.000000,TechCorp_267,Pro Subscription,Emp_4 SaaS_4,1,200.0,0.0
2024-10-05 09:00:00.000000,TechCorp_282,Starter Subscription,Emp_12 SaaS_12,1,50.0,0.0
2024-10-06 10:00:00.000000,TechCorp_35,Enterprise License,Emp_4 SaaS_4,10,20000.0,0.0
2024-10-06 17:00:00.000000,TechCorp_50,Starter Subscription,Emp_29 SaaS_29,1,50.0,0.0
2024-10-06 14:00:00.000000,TechCorp_53,Starter Subscription,Emp_12 SaaS_12,1,50.0,0.0
2024-10-06 09:00:00.000000,TechCorp_90,Pro Subscription,Emp_4 SaaS_4,1,200.0,0.0
2024-10-06 12:00:00.000000,TechCorp_95,Starter Subscription,Emp_21 SaaS_21,1,50.0,0.0
2024-10-06 11:00:00.000000,TechCorp_110,Starter Subscription,Emp_0 SaaS_0,1,50.0,0.0
2024-10-06 11:00:00.000000,TechCorp_145,Starter Subscription,Emp_19 SaaS_19,1,50.0,0.0
2024-10-06 18:00:00.000000,TechCorp_170,Starter Subscription,Emp_13 SaaS_13,1,50.0,0.0
2024-10-06 14:00:00.000000,TechCorp_180,Starter Subscription,Emp_13 SaaS_13,1,50.0,0.0
2024-10-06 15:00:00.000000,TechCorp_190,Pro Subscription,Emp_31 SaaS_31,1,200.0,0.0
2024-10-06 11:00:00.000000,TechCorp_200,Pro Subscription,Emp_13 SaaS_13,1,200.0,0.0
2024-10-06 09:00:00.000000,TechCorp_221,Starter Subscription,Emp_12 SaaS_12,1,50.0,0.0
2024-10-06 11:00:00.000000,TechCorp_224,Pro Subscription,Emp_0 SaaS_0,1,200.0,0.0
2024-10-06 09:00:00.000000,TechCorp_225,Enterprise License,Emp_21 SaaS_21,1,2000.0,0.0
2024-10-06 16:00:00.000000,TechCorp_232,Starter Subscription,Emp_29 SaaS_29,1,50.0,0.0
2024-10-06 18:00:00.000000,TechCorp_233,Pro Subscription,Emp_31 SaaS_31,1,200.0,0.0
2024-10-06 16:00:00.000000,TechCorp_236,Pro Subscription,Emp_21 SaaS_21,1,200.0,0.0
2024-10-06 15:00:00.000000,TechCorp_239,Starter Subscription,Emp_19 SaaS_19,1,50.0,0.0
2024-10-06 13:00:00.000000,TechCorp_270,Pro Subscription,Emp_19 SaaS_19,1,200.0,0.0
2024-10-06 16:00:00.000000,TechCorp_278,Starter Subscription,Emp_0 SaaS_0,1,50.0,0.0
2024-10-06 14:00:00.000000,TechCorp_298,Starter Subscription,Emp_4 SaaS_4,1,50.0,0.0
2024-10-07 09:00:00.000000,TechCorp_5,Enterprise License,Emp_3 SaaS_3,10,20000.0,0.0
2024-10-07 08:00:00.000000,TechCorp_8,Starter Subscription,Emp_4 SaaS_4,1,50.0,0.0
2024-10-07 16:00:00.000000,TechCorp_9,Starter Subscription,Emp_19 SaaS_19,1,50.0,0.0
2024-10-07 09:00:00.000000,TechCorp_27,Pro Subscription,Emp_3 SaaS_3,1,200.0,0.0
2024-10-07 12:00:00.000000,TechCorp_36,Starter Subscription,Emp_3 SaaS_3,1,50.0,0.0
2024-10-07 13:00:00.000000,TechCorp_53,Starter Subscription,Emp_21 SaaS_21,1,50.0,0.0
2024-10-07 11:00:00.000000,TechCorp_83,Starter Subscription,Emp_6 SaaS_6,1,50.0,0.0
2024-10-07 18:00:00.000000,TechCorp_100,Starter Subscription,Emp_3 SaaS_3,1,50.0,0.0
2024-10-07 11:00:00.000000,TechCorp_109,Pro Subscription,Emp_0 SaaS_0,1,200.0,0.0
2024-10-07 16:00:00.000000,TechCorp_157,Starter Subscription,Emp_29 SaaS_29,1,50.0,0.0
2024-10-07 09:00:00.000000,TechCorp_168,Enterprise License,Emp_6 SaaS_6,7,14000.0,0.0
2024-10-07 08:00:00.000000,TechCorp_177,Starter Subscription,Emp_12 SaaS_12,1,50.0,0.0
2024-10-07 14:00:00.000000,TechCorp_210,Pro Subscription,Emp_12 SaaS_12,1,200.0,0.0
2024-10-07 18:00:00.000000,TechCorp_297,Starter Subscription,Emp_19 SaaS_19,1,50.0,0.0
2024-10-08 11:00:00.000000,TechCorp_36,Starter Subscription,Emp_0 SaaS_0,1,50.0,0.0
2024-10-08 12:00:00.000000,TechCorp_52,Starter Subscription,Emp_4 SaaS_4,1,50.0,0.0
2024-10-08 11:00:00.000000,TechCorp_119,Starter Subscription,Emp_25 SaaS_25,1,50.0,0.0
2024-10-08 12:00:00.000000,TechCorp_176,Starter Subscription,Emp_31 SaaS_31,1,50.0,0.0
2024-10-08 18:00:00.000000,TechCorp_180,Starter Subscription,Emp_0 SaaS_0,1,50.0,0.0
2024-10-08 11:00:00.000000,TechCorp_213,Starter Subscription,Emp_13 SaaS_13,1,50.0,0.0
2024-10-08 15:00:00.000000,TechCorp_214,Starter Subscription,Emp_19 SaaS_19,1,50.0,0.0
2024-10-08 16:00:00.000000,TechCorp_232,Starter Subscription,Emp_6 SaaS_6,1,50.0,0.0
2024-10-08 15:00:00.000000,TechCorp_247,Pro Subscription,Emp_4 SaaS_4,1,200.0,0.0
2024-10-08 13:00:00.000000,TechCorp_251,Starter Subscription,Emp_25 SaaS_25,1,50.0,0.0
2024-10-08 11:00:00.000000,TechCorp_272,Starter Subscription,Emp_25 SaaS_25,1,50.0,0.0
2024-10-08 14:00:00.000000,TechCorp_274,Starter Subscription,Emp_29 SaaS_29,1,50.0,0.0
2024-10-08 13:00:00.000000,TechCorp_280,Pro Subscription,Emp_6 SaaS_6,1,200.0,0.0
2024-10-09 15:00:00.000000,TechCorp_16,Enterprise License,Emp_12 SaaS_12,3,6000.0,0.0
2024-10-09 17:00:00.000000,TechCorp_27,Pro Subscription,Emp_4 SaaS_4,1,200.0,0.0
2024-10-09 15:00:00.000000,TechCorp_28,Starter Subscription,Emp_21 SaaS_21,1,50.0,0.0
2024-10-09 13:00:00.000000,TechCorp_30,Pro Subscription,Emp_19 SaaS_19,1,200.0,0.0
2024-10-09 10:00:00.000000,TechCorp_32,Starter Subscription,Emp_29 SaaS_29,1,50.0,0.0
2024-10-09 13:00:00.000000,TechCorp_42,Pro Subscription,Emp_2 SaaS_2,1,200.0,0.0
2024-10-09 15:00:00.000000,TechCorp_44,Starter Subscription,Emp_0 SaaS_0,1,50.0,0.0
2024-10-09 10:00:00.000000,TechCorp_47,Pro Subscription,Emp_21 SaaS_21,1,200.0,0.0
2024-10-09 09:00:00.000000,TechCorp_51,Pro Subscription,Emp_19 SaaS_19,1,200.0,0.0
2024-10-09 12:00:00.000000,TechCorp_111,Pro Subscription,Emp_4 SaaS_4,1,200.0,0.0
2024-10-09 15:00:00.000000,TechCorp_147,Pro Subscription,Emp_29 SaaS_29,1,200.0,0.0
2024-10-09 16:00:00.000000,TechCorp_162,Enterprise License,Emp_13 SaaS_13,1,2000.0,0.0
2024-10-09 11:00:00.000000,TechCorp_171,Pro Subscription,Emp_12 SaaS_12,1,200.0,0.0
2024-10-09 17:00:00.000000,TechCorp_189,Pro Subscription,Emp_4 SaaS_4,1,200.0,0.0
2024-10-09 12:00:00.000000,TechCorp_240,Pro Subscription,Emp_21 SaaS_21,1,200.0,0.0
2024-10-10 12:00:00.000000,TechCorp_69,Pro Subscription,Emp_3 SaaS_3,1,200.0,0.0
2024-10-10 18:00:00.000000,TechCorp_76,Starter Subscription,Emp_13 SaaS_13,1,50.0,0.0
2024-10-10 12:00:00.000000,TechCorp_88,Pro Subscription,Emp_0 SaaS_0,1,200.0,0.0
2024-10-10 14:00:00.000000,TechCorp_98,Starter Subscription,Emp_6 SaaS_6,1,50.0,0.0
2024-10-10 14:00:00.000000,TechCorp_106,Starter Subscription,Emp_6 SaaS_6,1,50.0,0.0
2024-10-10 15:00:00.000000,TechCorp_207,Starter Subscription,Emp_6 SaaS_6,1,50.0,0.0
2024-10-10 12:00:00.000000,TechCorp_241,Pro Subscription,Emp_21 SaaS_21,1,200.0,0.0
2024-10-10 17:00:00.000000,TechCorp_255,Starter Subscription,Emp_0 SaaS_0,1,50.0,0.0
2024-10-10 08:00:00.000000,TechCorp_265,Pro Subscription,Emp_19 SaaS_19,1,200.0,0.0
2024-10-11 18:00:00.000000,TechCorp_25,Starter Subscription,Emp_0 SaaS_0,1,50.0,0.0
2024-10-11 08:00:00.000000,TechCorp_45,Pro Subscription,Emp_3 SaaS_3,1,200.0,0.0
2024-10-11 15:00:00.000000,TechCorp_51,Pro Subscription,Emp_19 SaaS_19,1,200.0,0.0
2024-10-11 15:00:00.000000,TechCorp_90,Pro Subscription,Emp_21 SaaS_21,1,200.0,0.0
2024-10-11 14:00:00.000000,TechCorp_95,Starter Subscription,Emp_25 SaaS_25,1,50.0,0.0
2024-10-11 14:00:00.000000,TechCorp_139,Starter Subscription,Emp_25 SaaS_25,1,50.0,0.0
2024-10-11 14:00:00.000000,TechCorp_140,Starter Subscription,Emp_21 SaaS_21,1,50.0,0.0
2024-10-11 11:00:00.000000,TechCorp_161,Starter Subscription,Emp_31 SaaS_31,1,50.0,0.0
2024-10-11 16:00:00.000000,TechCorp_169,Starter Subscription,Emp_13 SaaS_13,1,50.0,0.0
2024-10-11 09:00:00.000000,TechCorp_184,Enterprise License,Emp_25 SaaS_25,6,12000.0,0.0
2024-10-11 13:00:00.000000,TechCorp_210,Pro Subscription,Emp_6 SaaS_6,1,200.0,0.0
2024-10-11 10:00:00.000000,TechCorp_232,Starter Subscription,Emp_3 SaaS_3,1,50.0,0.0
2024-10-11 11:00:00.000000,TechCorp_243,Pro Subscription,Emp_12 SaaS_12,1,200.0,0.0
2024-10-11 14:00:00.000000,TechCorp_251,Starter Subscription,Emp_12 SaaS_12,1,50.0,0.0
2024-10-11 11:00:00.000000,TechCorp_255,Starter Subscription,Emp_21 SaaS_21,1,50.0,0.0
2024-10-12 18:00:00.000000,TechCorp_8,Starter Subscription,Emp_21 SaaS_21,1,50.0,0.0
2024-10-12 16:00:00.000000,TechCorp_9,Starter Subscription,Emp_0 SaaS_0,1,50.0,0.0
2024-10-12 09:00:00.000000,TechCorp_15,Pro Subscription,Emp_0 SaaS_0,1,200.0,0.0
2024-10-12 14:00:00.000000,TechCorp_19,Starter Subscription,Emp_4 SaaS_4,1,50.0,0.0
2024-10-12 13:00:00.000000,TechCorp_41,Pro Subscription,Emp_21 SaaS_21,1,200.0,0.0
2024-10-12 15:00:00.000000,TechCorp_58,Starter Subscription,Emp_29 SaaS_29,1,50.0,0.0
2024-10-12 12:00:00.000000,TechCorp_59,Pro Subscription,Emp_25 SaaS_25,1,200.0,0.0
2024-10-12 17:00:00.000000,TechCorp_145,Starter Subscription,Emp_25 SaaS_25,1,50.0,0.0
2024-10-12 10:00:00.000000,TechCorp_187,Starter Subscription,Emp_21 SaaS_21,1,50.0,0.0
2024-10-12 18:00:00.000000,TechCorp_218,Starter Subscription,Emp_0 SaaS_0,1,50.0,0.0
2024-10-12 15:00:00.000000,TechCorp_241,Pro Subscription,Emp_3 SaaS_3,1,200.0,0.0
2024-10-12 10:00:00.000000,TechCorp_258,Enterprise License,Emp_31 SaaS_31,5,10000.0,0.0
2024-10-12 08:00:00.000000,TechCorp_280,Pro Subscription,Emp_12 SaaS_12,1,200.0,0.0
2024-10-13 11:00:00.000000,TechCorp_4,Starter Subscription,Emp_12 SaaS_12,1,50.0,0.0
2024-10-13 12:00:00.000000,TechCorp_6,Starter Subscription,Emp_0 SaaS_0,1,50.0,0.0
2024-10-13 10:00:00.000000,TechCorp_16,Enterprise License,Emp_12 SaaS_12,2,4000.0,0.0
2024-10-13 10:00:00.000000,TechCorp_42,Pro Subscription,Emp_4 SaaS_4,1,200.0,0.0
2024-10-13 09:00:00.000000,TechCorp_62,Starter Subscription,Emp_31 SaaS_31,1,50.0,0.0
2024-10-13 12:00:00.000000,TechCorp_69,Pro Subscription,Emp_0 SaaS_0,1,200.0,0.0
2024-10-13 09:00:00.000000,TechCorp_71,Pro Subscription,Emp_21 SaaS_21,1,200.0,0.0
2024-10-13 14:00:00.000000,TechCorp_82,Starter Subscription,Emp_4 SaaS_4,1,50.0,0.0
2024-10-13 13:00:00.000000,TechCorp_88,Pro Subscription,Emp_3 SaaS_3,1,200.0,0.0
2024-10-13 14:00:00.000000,TechCorp_157,Starter Subscription,Emp_25 SaaS_25,1,50.0,0.0
2024-10-13 18:00:00.000000,TechCorp_168,Enterprise License,Emp_4 SaaS_4,9,18000.0,0.0
2024-10-13 11:00:00.000000,TechCorp_201,Starter Subscription,Emp_21 SaaS_21,1,50.0,0.0
2024-10-13 15:00:00.000000,TechCorp_209,Pro Subscription,Emp_12 SaaS_12,1,200.0,0.0
2024-10-13 18:00:00.000000,TechCorp_225,Enterprise License,Emp_19 SaaS_19,6,12000.0,0.0
2024-10-13 18:00:00.000000,TechCorp_234,Starter Subscription,Emp_3 SaaS_3,1,50.0,0.0
2024-10-13 12:00:00.000000,TechCorp_251,Starter Subscription,Emp_4 SaaS_4,1,50.0,0.0
2024-10-13 16:00:00.000000,TechCorp_283,Starter Subscription,Emp_6 SaaS_6,1,50.0,0.0
2024-10-13 13:00:00.000000,TechCorp_295,Starter Subscription,Emp_13 SaaS_13,1,50.0,0.0
2024-10-14 17:00:00.000000,TechCorp_21,Pro Subscription,Emp_2 SaaS_2,1,200.0,0.0
2024-10-14 18:00:00.000000,TechCorp_32,Starter Subscription,Emp_19 SaaS_19,1,50.0,0.0
2024-10-14 14:00:00.000000,TechCorp_54,Starter Subscription,Emp_13 SaaS_13,1,50.0,0.0
2024-10-14 10:00:00.000000,TechCorp_96,Starter Subscription,Emp_6 SaaS_6,1,50.0,0.0
2024-10-14 12:00:00.000000,TechCorp_107,Starter Subscription,Emp_25 SaaS_25,1,50.0,0.0
2024-10-14 11:00:00.000000,TechCorp_129,Starter Subscription,Emp_12 SaaS_12,1,50.0,0.0
2024-10-14 17:00:00.000000,TechCorp_141,Starter Subscription,Emp_3 SaaS_3,1,50.0,0.0
2024-10-14 18:00:00.000000,TechCorp_147,Pro Subscription,Emp_4 SaaS_4,1,200.0,0.0
2024-10-14 09:00:00.000000,TechCorp_149,Starter Subscription,Emp_21 SaaS_21,1,50.0,0.0
2024-10-14 08:00:00.000000,TechCorp_154,Starter Subscription,Emp_21 SaaS_21,1,50.0,0.0
2024-10-14 11:00:00.000000,TechCorp_170,Starter Subscription,Emp_19 SaaS_19,1,50.0,0.0
2024-10-14 11:00:00.000000,TechCorp_193,Enterprise License,Emp_4 SaaS_4,6,12000.0,0.0
2024-10-14 08:00:00.000000,TechCorp_223,Enterprise License,Emp_0 SaaS_0,4,8000.0,0.0
2024-10-14 18:00:00.000000,TechCorp_234,Starter Subscription,Emp_21 SaaS_21,1,50.0,0.0
2024-10-14 08:00:00.000000,TechCorp_247,Pro Subscription,Emp_12 SaaS_12,1,200.0,0.0
2024-10-14 17:00:00.000000,TechCorp_269,Starter Subscription,Emp_13 SaaS_13,1,50.0,0.0
2024-10-14 10:00:00.000000,TechCorp_279,Pro Subscription,Emp_13 SaaS_13,1,200.0,0.0
2024-10-14 16:00:00.000000,TechCorp_280,Pro Subscription,Emp_4 SaaS_4,1,200.0,0.0
2024-10-15 16:00:00.000000,TechCorp_13,Enterprise License,Emp_25 SaaS_25,7,14000.0,0.0
2024-10-15 08:00:00.000000,TechCorp_150,Starter Subscription,Emp_25 SaaS_25,1,50.0,0.0
2024-10-15 10:00:00.000000,TechCorp_159,Starter Subscription,Emp_31 SaaS_31,1,50.0,0.0
2024-10-15 18:00:00.000000,TechCorp_200,Pro Subscription,Emp_21 SaaS_21,1,200.0,0.0
2024-10-15 10:00:00.000000,TechCorp_209,Pro Subscription,Emp_6 SaaS_6,1,200.0,0.0
2024-10-15 11:00:00.000000,TechCorp_210,Pro Subscription,Emp_4 SaaS_4,1,200.0,0.0
2024-10-15 16:00:00.000000,TechCorp_263,Starter Subscription,Emp_21 SaaS_21,1,50.0,0.0
2024-10-15 13:00:00.000000,TechCorp_266,Starter Subscription,Emp_31 SaaS_31,1,50.0,0.0
2024-10-15 17:00:00.000000,TechCorp_296,Pro Subscription,Emp_3 SaaS_3,1,200.0,0.0
2024-10-16 15:00:00.000000,TechCorp_7,Pro Subscription,Emp_25 SaaS_25,1,200.0,0.0
2024-10-16 18:00:00.000000,TechCorp_35,Enterprise License,Emp_19 SaaS_19,6,12000.0,0.0
2024-10-16 08:00:00.000000,TechCorp_114,Starter Subscription,Emp_21 SaaS_21,1,50.0,0.0
2024-10-16 17:00:00.000000,TechCorp_115,Enterprise License,Emp_13 SaaS_13,2,4000.0,0.0
2024-10-16 13:00:00.000000,TechCorp_169,Starter Subscription,Emp_4 SaaS_4,1,50.0,0.0
2024-10-16 18:00:00.000000,TechCorp_216,Starter Subscription,Emp_12 SaaS_12,1,50.0,0.0
2024-10-16 12:00:00.000000,TechCorp_219,Starter Subscription,Emp_3 SaaS_3,1,50.0,0.0
2024-10-16 08:00:00.000000,TechCorp_235,Enterprise License,Emp_21 SaaS_21,1,2000.0,0.0
2024-10-16 15:00:00.000000,TechCorp_242,Starter Subscription,Emp_31 SaaS_31,1,50.0,0.0
2024-10-16 13:00:00.000000,TechCorp_271,Pro Subscription,Emp_2 SaaS_2,1,200.0,0.0
2024-10-16 13:00:00.000000,TechCorp_287,Pro Subscription,Emp_12 SaaS_12,1,200.0,0.0
2024-10-16 15:00:00.000000,TechCorp_291,Starter Subscription,Emp_31 SaaS_31,1,50.0,0.0
2024-10-17 11:00:00.000000,TechCorp_40,Pro Subscription,Emp_6 SaaS_6,1,200.0,0.0
2024-10-17 13:00:00.000000,TechCorp_49,Starter Subscription,Emp_3 SaaS_3,1,50.0,0.0
2024-10-17 15:00:00.000000,TechCorp_59,Pro Subscription,Emp_3 SaaS_3,1,200.0,0.0
2024-10-17 17:00:00.000000,TechCorp_87,Pro Subscription,Emp_0 SaaS_0,1,200.0,0.0
2024-10-17 10:00:00.000000,TechCorp_88,Pro Subscription,Emp_21 SaaS_21,1,200.0,0.0
2024-10-17 16:00:00.000000,TechCorp_173,Pro Subscription,Emp_19 SaaS_19,1,200.0,0.0
2024-10-17 11:00:00.000000,TechCorp_177,Starter Subscription,Emp_12 SaaS_12,1,50.0,0.0
2024-10-17 09:00:00.000000,TechCorp_190,Pro Subscription,Emp_21 SaaS_21,1,200.0,0.0
2024-10-17 15:00:00.000000,TechCorp_194,Starter Subscription,Emp_6 SaaS_6,1,50.0,0.0
2024-10-17 10:00:00.000000,TechCorp_223,Enterprise License,Emp_13 SaaS_13,6,12000.0,0.0
2024-10-17 12:00:00.000000,TechCorp_255,Starter Subscription,Emp_29 SaaS_29,1,50.0,0.0
2024-10-17 08:00:00.000000,TechCorp_264,Pro Subscription,Emp_25 SaaS_25,1,200.0,0.0
2024-10-17 14:00:00.000000,TechCorp_268,Starter Subscription,Emp_25 SaaS_25,1,50.0,0.0
2024-10-18 16:00:00.000000,TechCorp_9,Starter Subscription,Emp_29 SaaS_29,1,50.0,0.0
2024-10-18 11:00:00.000000,TechCorp_57,Pro Subscription,Emp_4 SaaS_4,1,200.0,0.0
2024-10-18 13:00:00.000000,TechCorp_63,Pro Subscription,Emp_12 SaaS_12,1,200.0,0.0
2024-10-18 14:00:00.000000,TechCorp_69,Pro Subscription,Emp_3 SaaS_3,1,200.0,0.0
2024-10-18 12:00:00.000000,TechCorp_78,Starter Subscription,Emp_12 SaaS_12,1,50.0,0.0
2024-10-18 17:00:00.000000,TechCorp_87,Pro Subscription,Emp_29 SaaS_29,1,200.0,0.0
2024-10-18 12:00:00.000000,TechCorp_93,Pro Subscription,Emp_19 SaaS_19,1,200.0,0.0
2024-10-18 17:00:00.000000,TechCorp_126,Enterprise License,Emp_13 SaaS_13,1,2000.0,0.0
2024-10-18 08:00:00.000000,TechCorp_130,Pro Subscription,Emp_29 SaaS_29,1,200.0,0.0
2024-10-18 18:00:00.000000,TechCorp_135,Pro Subscription,Emp_25 SaaS_25,1,200.0,0.0
2024-10-18 12:00:00.000000,TechCorp_178,Enterprise License,Emp_12 SaaS_12,9,18000.0,0.0
2024-10-18 13:00:00.000000,TechCorp_187,Starter Subscription,Emp_6 SaaS_6,1,50.0,0.0
2024-10-18 16:00:00.000000,TechCorp_192,Starter Subscription,Emp_19 SaaS_19,1,50.0,0.0
2024-10-18 16:00:00.000000,TechCorp_193,Enterprise License,Emp_21 SaaS_21,7,14000.0,0.0
2024-10-18 13:00:00.000000,TechCorp_206,Enterprise License,Emp_13 SaaS_13,2,4000.0,0.0
2024-10-18 15:00:00.000000,TechCorp_224,Pro Subscription,Emp_2 SaaS_2,1,200.0,0.0
2024-10-18 17:00:00.000000,TechCorp_253,Enterprise License,Emp_0 SaaS_0,8,16000.0,0.0
2024-10-18 11:00:00.000000,TechCorp_254,Pro Subscription,Emp_31 SaaS_31,1,200.0,0.0
2024-10-18 16:00:00.000000,TechCorp_265,Pro Subscription,Emp_19 SaaS_19,1,200.0,0.0
2024-10-18 17:00:00.000000,TechCorp_270,Pro Subscription,Emp_25 SaaS_25,1,200.0,0.0
2024-10-18 13:00:00.000000,TechCorp_271,Pro Subscription,Emp_31 SaaS_31,1,200.0,0.0
2024-10-18 18:00:00.000000,TechCorp_287,Pro Subscription,Emp_29 SaaS_29,1,200.0,0.0
2024-10-18 15:00:00.000000,TechCorp_297,Starter Subscription,Emp_31 SaaS_31,1,50.0,0.0
2024-10-19 12:00:00.000000,TechCorp_14,Pro Subscription,Emp_13 SaaS_13,1,200.0,0.0
2024-10-19 10:00:00.000000,TechCorp_33,Enterprise License,Emp_29 SaaS_29,10,20000.0,0.0
2024-10-19 12:00:00.000000,TechCorp_40,Pro Subscription,Emp_25 SaaS_25,1,200.0,0.0
2024-10-19 12:00:00.000000,TechCorp_112,Starter Subscription,Emp_12 SaaS_12,1,50.0,0.0
2024-10-19 17:00:00.000000,TechCorp_130,Pro Subscription,Emp_3 SaaS_3,1,200.0,0.0
2024-10-19 15:00:00.000000,TechCorp_152,Pro Subscription,Emp_6 SaaS_6,1,200.0,0.0
2024-10-19 09:00:00.000000,TechCorp_163,Pro Subscription,Emp_3 SaaS_3,1,200.0,0.0
2024-10-19 15:00:00.000000,TechCorp_292,Starter Subscription,Emp_25 SaaS_25,1,50.0,0.0
2024-10-20 10:00:00.000000,TechCorp_6,Starter Subscription,Emp_29 SaaS_29,1,50.0,0.0
2024-10-20 14:00:00.000000,TechCorp_15,Pro Subscription,Emp_29 SaaS_29,1,200.0,0.0
2024-10-20 13:00:00.000000,TechCorp_16,Enterprise License,Emp_4 SaaS_4,6,12000.0,0.0
2024-10-20 18:00:00.000000,TechCorp_158,Starter Subscription,Emp_3 SaaS_3,1,50.0,0.0
2024-10-20 09:00:00.000000,TechCorp_243,Pro Subscription,Emp_31 SaaS_31,1,200.0,0.0
2024-10-21 14:00:00.000000,TechCorp_0,Pro Subscription,Emp_13 SaaS_13,1,200.0,0.0
2024-10-21 09:00:00.000000,TechCorp_5,Enterprise License,Emp_21 SaaS_21,4,8000.0,0.0
2024-10-21 09:00:00.000000,TechCorp_11,Pro Subscription,Emp_3 SaaS_3,1,200.0,0.0
2024-10-21 10:00:00.000000,TechCorp_35,Enterprise License,Emp_13 SaaS_13,10,20000.0,0.0
2024-10-21 18:00:00.000000,TechCorp_66,Pro Subscription,Emp_0 SaaS_0,1,200.0,0.0
2024-10-21 13:00:00.000000,TechCorp_99,Starter Subscription,Emp_21 SaaS_21,1,50.0,0.0
2024-10-21 14:00:00.000000,TechCorp_134,Starter Subscription,Emp_31 SaaS_31,1,50.0,0.0
2024-10-21 14:00:00.000000,TechCorp_162,Enterprise License,Emp_21 SaaS_21,4,8000.0,0.0
2024-10-21 09:00:00.000000,TechCorp_193,Enterprise License,Emp_0 SaaS_0,5,10000.0,0.0
2024-10-21 08:00:00.000000,TechCorp_217,Starter Subscription,Emp_0 SaaS_0,1,50.0,0.0
2024-10-21 16:00:00.000000,TechCorp_229,Pro Subscription,Emp_12 SaaS_12,1,200.0,0.0
2024-10-21 16:00:00.000000,TechCorp_242,Starter Subscription,Emp_4 SaaS_4,1,50.0,0.0
2024-10-21 13:00:00.000000,TechCorp_276,Pro Subscription,Emp_31 SaaS_31,1,200.0,0.0
2024-10-21 08:00:00.000000,TechCorp_278,Starter Subscription,Emp_2 SaaS_2,1,50.0,0.0
2024-10-21 14:00:00.000000,TechCorp_279,Pro Subscription,Emp_29 SaaS_29,1,200.0,0.0
2024-10-22 18:00:00.000000,TechCorp_36,Starter Subscription,Emp_25 SaaS_25,1,50.0,0.0
2024-10-22 14:00:00.000000,TechCorp_152,Pro Subscription,Emp_13 SaaS_13,1,200.0,0.0
2024-10-22 09:00:00.000000,TechCorp_161,Starter Subscription,Emp_6 SaaS_6,1,50.0,0.0
2024-10-22 16:00:00.000000,TechCorp_207,Starter Subscription,Emp_25 SaaS_25,1,50.0,0.0
2024-10-22 18:00:00.000000,TechCorp_242,Starter Subscription,Emp_12 SaaS_12,1,50.0,0.0
2024-10-22 08:00:00.000000,TechCorp_267,Pro Subscription,Emp_13 SaaS_13,1,200.0,0.0
2024-10-22 09:00:00.000000,TechCorp_271,Pro Subscription,Emp_21 SaaS_21,1,200.0,0.0
2024-10-22 18:00:00.000000,TechCorp_298,Starter Subscription,Emp_31 SaaS_31,1,50.0,0.0
2024-10-23 11:00:00.000000,TechCorp_37,Starter Subscription,Emp_31 SaaS_31,1,50.0,0.0
2024-10-23 09:00:00.000000,TechCorp_129,Starter Subscription,Emp_2 SaaS_2,1,50.0,0.0
2024-10-23 18:00:00.000000,TechCorp_137,Pro Subscription,Emp_6 SaaS_6,1,200.0,0.0
2024-10-23 08:00:00.000000,TechCorp_145,Starter Subscription,Emp_2 SaaS_2,1,50.0,0.0
2024-10-23 08:00:00.000000,TechCorp_174,Pro Subscription,Emp_6 SaaS_6,1,200.0,0.0
2024-10-23 16:00:00.000000,TechCorp_193,Enterprise License,Emp_21 SaaS_21,3,6000.0,0.0
2024-10-23 11:00:00.000000,TechCorp_241,Pro Subscription,Emp_29 SaaS_29,1,200.0,0.0
2024-10-23 16:00:00.000000,TechCorp_268,Starter Subscription,Emp_12 SaaS_12,1,50.0,0.0
2024-10-23 18:00:00.000000,TechCorp_285,Starter Subscription,Emp_21 SaaS_21,1,50.0,0.0
2024-10-23 14:00:00.000000,TechCorp_297,Starter Subscription,Emp_12 SaaS_12,1,50.0,0.0
2024-10-24 14:00:00.000000,TechCorp_26,Starter Subscription,Emp_13 SaaS_13,1,50.0,0.0
2024-10-24 09:00:00.000000,TechCorp_27,Pro Subscription,Emp_31 SaaS_31,1,200.0,0.0
2024-10-24 10:00:00.000000,TechCorp_77,Pro Subscription,Emp_3 SaaS_3,1,200.0,0.0
2024-10-24 08:00:00.000000,TechCorp_88,Pro Subscription,Emp_19 SaaS_19,1,200.0,0.0
2024-10-24 09:00:00.000000,TechCorp_103,Starter Subscription,Emp_4 SaaS_4,1,50.0,0.0
2024-10-24 15:00:00.000000,TechCorp_156,Starter Subscription,Emp_29 SaaS_29,1,50.0,0.0
2024-10-24 18:00:00.000000,TechCorp_206,Enterprise License,Emp_0 SaaS_0,5,10000.0,0.0
2024-10-24 08:00:00.000000,TechCorp_256,Starter Subscription,Emp_6 SaaS_6,1,50.0,0.0
2024-10-24 15:00:00.000000,TechCorp_263,Starter Subscription,Emp_29 SaaS_29,1,50.0,0.0
2024-10-24 12:00:00.000000,TechCorp_295,Starter Subscription,Emp_13 SaaS_13,1,50.0,0.0
2024-10-25 11:00:00.000000,TechCorp_22,Enterprise License,Emp_13 SaaS_13,1,2000.0,0.0
2024-10-25 11:00:00.000000,TechCorp_26,Starter Subscription,Emp_31 SaaS_31,1,50.0,0.0
2024-10-25 15:00:00.000000,TechCorp_41,Pro Subscription,Emp_6 SaaS_6,1,200.0,0.0
2024-10-25 08:00:00.000000,TechCorp_43,Pro Subscription,Emp_25 SaaS_25,1,200.0,0.0
2024-10-25 08:00:00.000000,TechCorp_58,Starter Subscription,Emp_21 SaaS_21,1,50.0,0.0
2024-10-25 15:00:00.000000,TechCorp_130,Pro Subscription,Emp_2 SaaS_2,1,200.0,0.0
2024-10-25 18:00:00.000000,TechCorp_134,Starter Subscription,Emp_19 SaaS_19,1,50.0,0.0
2024-10-25 16:00:00.000000,TechCorp_143,Starter Subscription,Emp_13 SaaS_13,1,50.0,0.0
2024-10-25 13:00:00.000000,TechCorp_160,Starter Subscription,Emp_3 SaaS_3,1,50.0,0.0
2024-10-25 13:00:00.000000,TechCorp_162,Enterprise License,Emp_0 SaaS_0,5,10000.0,0.0
2024-10-25 12:00:00.000000,TechCorp_190,Pro Subscription,Emp_2 SaaS_2,1,200.0,0.0
2024-10-25 08:00:00.000000,TechCorp_191,Pro Subscription,Emp_29 SaaS_29,1,200.0,0.0
2024-10-25 10:00:00.000000,TechCorp_206,Enterprise License,Emp_21 SaaS_21,6,12000.0,0.0
2024-10-25 14:00:00.000000,TechCorp_247,Pro Subscription,Emp_4 SaaS_4,1,200.0,0.0
2024-10-25 08:00:00.000000,TechCorp_255,Starter Subscription,Emp_19 SaaS_19,1,50.0,0.0
2024-10-25 18:00:00.000000,TechCorp_258,Enterprise License,Emp_25 SaaS_25,8,16000.0,0.0
2024-10-25 08:00:00.000000,TechCorp_298,Starter Subscription,Emp_3 SaaS_3,1,50.0,0.0
2024-10-26 15:00:00.000000,TechCorp_8,Starter Subscription,Emp_6 SaaS_6,1,50.0,0.0
2024-10-26 10:00:00.000000,TechCorp_80,Enterprise License,Emp_13 SaaS_13,2,4000.0,0.0
2024-10-26 10:00:00.000000,TechCorp_81,Pro Subscription,Emp_3 SaaS_3,1,200.0,0.0
2024-10-26 11:00:00.000000,TechCorp_82,Starter Subscription,Emp_21 SaaS_21,1,50.0,0.0
2024-10-26 15:00:00.000000,TechCorp_100,Starter Subscription,Emp_13 SaaS_13,1,50.0,0.0
2024-10-26 09:00:00.000000,TechCorp_109,Pro Subscription,Emp_2 SaaS_2,1,200.0,0.0
2024-10-26 15:00:00.000000,TechCorp_155,Starter Subscription,Emp_6 SaaS_6,1,50.0,0.0
2024-10-26 17:00:00.000000,TechCorp_254,Pro Subscription,Emp_31 SaaS_31,1,200.0,0.0
2024-10-26 13:00:00.000000,TechCorp_255,Starter Subscription,Emp_31 SaaS_31,1,50.0,0.0
2024-10-27 13:00:00.000000,TechCorp_23,Pro Subscription,Emp_3 SaaS_3,1,200.0,0.0
2024-10-27 14:00:00.000000,TechCorp_63,Pro Subscription,Emp_4 SaaS_4,1,200.0,0.0
2024-10-27 16:00:00.000000,TechCorp_100,Starter Subscription,Emp_29 SaaS_29,1,50.0,0.0
2024-10-27 10:00:00.000000,TechCorp_135,Pro Subscription,Emp_25 SaaS_25,1,200.0,0.0
2024-10-27 10:00:00.000000,TechCorp_140,Starter Subscription,Emp_0 SaaS_0,1,50.0,0.0
2024-10-27 14:00:00.000000,TechCorp_146,Starter Subscription,Emp_25 SaaS_25,1,50.0,0.0
2024-10-27 18:00:00.000000,TechCorp_181,Starter Subscription,Emp_6 SaaS_6,1,50.0,0.0
2024-10-27 12:00:00.000000,TechCorp_198,Pro Subscription,Emp_0 SaaS_0,1,200.0,0.0
2024-10-27 12:00:00.000000,TechCorp_223,Enterprise License,Emp_4 SaaS_4,9,18000.0,0.0
2024-10-27 16:00:00.000000,TechCorp_240,Pro Subscription,Emp_13 SaaS_13,1,200.0,0.0
2024-10-27 09:00:00.000000,TechCorp_269,Starter Subscription,Emp_29 SaaS_29,1,50.0,0.0
2024-10-28 16:00:00.000000,TechCorp_83,Starter Subscription,Emp_0 SaaS_0,1,50.0,0.0
2024-10-28 08:00:00.000000,TechCorp_186,Starter Subscription,Emp_21 SaaS_21,1,50.0,0.0
2024-10-28 10:00:00.000000,TechCorp_205,Starter Subscription,Emp_4 SaaS_4,1,50.0,0.0
2024-10-28 16:00:00.000000,TechCorp_211,Starter Subscription,Emp_31 SaaS_31,1,50.0,0.0
2024-10-28 16:00:00.000000,TechCorp_287,Pro Subscription,Emp_13 SaaS_13,1,200.0,0.0
2024-10-28 18:00:00.000000,TechCorp_292,Starter Subscription,Emp_29 SaaS_29,1,50.0,0.0
2024-10-29 17:00:00.000000,TechCorp_0,Pro Subscription,Emp_29 SaaS_29,1,200.0,0.0
2024-10-29 15:00:00.000000,TechCorp_6,Starter Subscription,Emp_3 SaaS_3,1,50.0,0.0
2024-10-29 09:00:00.000000,TechCorp_10,Pro Subscription,Emp_3 SaaS_3,1,200.0,0.0
2024-10-29 13:00:00.000000,TechCorp_16,Enterprise License,Emp_0 SaaS_0,8,16000.0,0.0
2024-10-29 08:00:00.000000,TechCorp_34,Starter Subscription,Emp_12 SaaS_12,1,50.0,0.0
2024-10-29 08:00:00.000000,TechCorp_62,Starter Subscription,Emp_3 SaaS_3,1,50.0,0.0
2024-10-29 15:00:00.000000,TechCorp_85,Starter Subscription,Emp_6 SaaS_6,1,50.0,0.0
2024-10-29 16:00:00.000000,TechCorp_99,Starter Subscription,Emp_13 SaaS_13,1,50.0,0.0
2024-10-29 15:00:00.000000,TechCorp_103,Starter Subscription,Emp_13 SaaS_13,1,50.0,0.0
2024-10-29 09:00:00.000000,TechCorp_114,Starter Subscription,Emp_13 SaaS_13,1,50.0,0.0
2024-10-29 16:00:00.000000,TechCorp_116,Starter Subscription,Emp_0 SaaS_0,1,50.0,0.0
2024-10-29 08:00:00.000000,TechCorp_128,Starter Subscription,Emp_2 SaaS_2,1,50.0,0.0
2024-10-29 18:00:00.000000,TechCorp_134,Starter Subscription,Emp_25 SaaS_25,1,50.0,0.0
2024-10-29 12:00:00.000000,TechCorp_182,Starter Subscription,Emp_3 SaaS_3,1,50.0,0.0
2024-10-29 09:00:00.000000,TechCorp_184,Enterprise License,Emp_0 SaaS_0,5,10000.0,0.0
2024-10-29 18:00:00.000000,TechCorp_243,Pro Subscription,Emp_25 SaaS_25,1,200.0,0.0
2024-10-29 17:00:00.000000,TechCorp_250,Starter Subscription,Emp_0 SaaS_0,1,50.0,0.0
2024-10-29 18:00:00.000000,TechCorp_278,Starter Subscription,Emp_29 SaaS_29,1,50.0,0.0
2024-10-30 18:00:00.000000,TechCorp_10,Pro Subscription,Emp_31 SaaS_31,1,200.0,0.0
2024-10-30 17:00:00.000000,TechCorp_69,Pro Subscription,Emp_19 SaaS_19,1,200.0,0.0
2024-10-30 16:00:00.000000,TechCorp_108,Pro Subscription,Emp_13 SaaS_13,1,200.0,0.0
2024-10-30 18:00:00.000000,TechCorp_146,Starter Subscription,Emp_25 SaaS_25,1,50.0,0.0
2024-10-30 12:00:00.000000,TechCorp_157,Starter Subscription,Emp_0 SaaS_0,1,50.0,0.0
2024-10-30 16:00:00.000000,TechCorp_187,Starter Subscription,Emp_13 SaaS_13,1,50.0,0.0
2024-10-30 10:00:00.000000,TechCorp_213,Starter Subscription,Emp_2 SaaS_2,1,50.0,0.0
2024-10-30 12:00:00.000000,TechCorp_214,Starter Subscription,Emp_6 SaaS_6,1,50.0,0.0
2024-10-30 15:00:00.000000,TechCorp_284,Starter Subscription,Emp_4 SaaS_4,1,50.0,0.0
2024-10-30 15:00:00.000000,TechCorp_288,Pro Subscription,Emp_31 SaaS_31,1,200.0,0.0
2024-10-31 14:00:00.000000,TechCorp_11,Pro Subscription,Emp_25 SaaS_25,1,200.0,0.0
2024-10-31 15:00:00.000000,TechCorp_35,Enterprise License,Emp_31 SaaS_31,6,12000.0,0.0
2024-10-31 18:00:00.000000,TechCorp_45,Pro Subscription,Emp_6 SaaS_6,1,200.0,0.0
2024-10-31 16:00:00.000000,TechCorp_52,Starter Subscription,Emp_12 SaaS_12,1,50.0,0.0
2024-10-31 16:00:00.000000,TechCorp_88,Pro Subscription,Emp_31 SaaS_31,1,200.0,0.0
2024-10-31 12:00:00.000000,TechCorp_123,Starter Subscription,Emp_12 SaaS_12,1,50.0,0.0
2024-10-31 10:00:00.000000,TechCorp_182,Starter Subscription,Emp_31 SaaS_31,1,50.0,0.0
2024-10-31 10:00:00.000000,TechCorp_192,Starter Subscription,Emp_6 SaaS_6,1,50.0,0.0
2024-10-31 12:00:00.000000,TechCorp_258,Enterprise License,Emp_13 SaaS_13,10,20000.0,0.0
2024-10-31 09:00:00.000000,TechCorp_270,Pro Subscription,Emp_2 SaaS_2,1,200.0,0.0
2024-10-31 09:00:00.000000,TechCorp_283,Starter Subscription,Emp_29 SaaS_29,1,50.0,0.0
2024-11-01 18:00:00.000000,TechCorp_0,Pro Subscription,Emp_13 SaaS_13,1,200.0,0.0
2024-11-01 11:00:00.000000,TechCorp_5,Enterprise License,Emp_13 SaaS_13,10,20000.0,0.0
2024-11-01 10:00:00.000000,TechCorp_58,Starter Subscription,Emp_31 SaaS_31,1,50.0,0.0
2024-11-01 09:00:00.000000,TechCorp_104,Starter Subscription,Emp_0 SaaS_0,1,50.0,0.0
2024-11-01 08:00:00.000000,TechCorp_112,Starter Subscription,Emp_31 SaaS_31,1,50.0,0.0
2024-11-01 11:00:00.000000,TechCorp_118,Pro Subscription,Emp_12 SaaS_12,1,200.0,0.0
2024-11-01 08:00:00.000000,TechCorp_129,Starter Subscription,Emp_13 SaaS_13,1,50.0,0.0
2024-11-01 18:00:00.000000,TechCorp_139,Starter Subscription,Emp_3 SaaS_3,1,50.0,0.0
2024-11-01 11:00:00.000000,TechCorp_189,Pro Subscription,Emp_13 SaaS_13,1,200.0,0.0
2024-11-01 11:00:00.000000,TechCorp_207,Starter Subscription,Emp_31 SaaS_31,1,50.0,0.0
2024-11-01 11:00:00.000000,TechCorp_217,Starter Subscription,Emp_19 SaaS_19,1,50.0,0.0
2024-11-01 16:00:00.000000,TechCorp_219,Starter Subscription,Emp_4 SaaS_4,1,50.0,0.0
2024-11-01 14:00:00.000000,TechCorp_231,Pro Subscription,Emp_6 SaaS_6,1,200.0,0.0
2024-11-01 18:00:00.000000,TechCorp_241,Pro Subscription,Emp_31 SaaS_31,1,200.0,0.0
2024-11-02 11:00:00.000000,TechCorp_43,Pro Subscription,Emp_3 SaaS_3,1,200.0,0.0
2024-11-02 15:00:00.000000,TechCorp_53,Starter Subscription,Emp_13 SaaS_13,1,50.0,0.0
2024-11-02 15:00:00.000000,TechCorp_57,Pro Subscription,Emp_12 SaaS_12,1,200.0,0.0
2024-11-02 11:00:00.000000,TechCorp_58,Starter Subscription,Emp_21 SaaS_21,1,50.0,0.0
2024-11-02 16:00:00.000000,TechCorp_74,Pro Subscription,Emp_6 SaaS_6,1,200.0,0.0
2024-11-02 14:00:00.000000,TechCorp_86,Starter Subscription,Emp_12 SaaS_12,1,50.0,0.0
2024-11-02 09:00:00.000000,TechCorp_151,Starter Subscription,Emp_3 SaaS_3,1,50.0,0.0
2024-11-02 12:00:00.000000,TechCorp_155,Starter Subscription,Emp_29 SaaS_29,1,50.0,0.0
2024-11-02 15:00:00.000000,TechCorp_194,Starter Subscription,Emp_29 SaaS_29,1,50.0,0.0
2024-11-02 16:00:00.000000,TechCorp_253,Enterprise License,Emp_29 SaaS_29,9,18000.0,0.0
2024-11-02 17:00:00.000000,TechCorp_254,Pro Subscription,Emp_31 SaaS_31,1,200.0,0.0
2024-11-02 09:00:00.000000,TechCorp_256,Starter Subscription,Emp_29 SaaS_29,1,50.0,0.0
2024-11-02 14:00:00.000000,TechCorp_259,Starter Subscription,Emp_12 SaaS_12,1,50.0,0.0
2024-11-02 17:00:00.000000,TechCorp_278,Starter Subscription,Emp_2 SaaS_2,1,50.0,0.0
2024-11-02 14:00:00.000000,TechCorp_284,Starter Subscription,Emp_2 SaaS_2,1,50.0,0.0
2024-11-03 13:00:00.000000,TechCorp_94,Starter Subscription,Emp_19 SaaS_19,1,50.0,0.0
2024-11-03 13:00:00.000000,TechCorp_104,Starter Subscription,Emp_2 SaaS_2,1,50.0,0.0
2024-11-03 08:00:00.000000,TechCorp_109,Pro Subscription,Emp_0 SaaS_0,1,200.0,0.0
2024-11-03 08:00:00.000000,TechCorp_112,Starter Subscription,Emp_0 SaaS_0,1,50.0,0.0
2024-11-03 10:00:00.000000,TechCorp_145,Starter Subscription,Emp_6 SaaS_6,1,50.0,0.0
2024-11-03 10:00:00.000000,TechCorp_149,Starter Subscription,Emp_6 SaaS_6,1,50.0,0.0
2024-11-03 09:00:00.000000,TechCorp_181,Starter Subscription,Emp_25 SaaS_25,1,50.0,0.0
2024-11-03 11:00:00.000000,TechCorp_200,Pro Subscription,Emp_29 SaaS_29,1,200.0,0.0
2024-11-03 09:00:00.000000,TechCorp_285,Starter Subscription,Emp_21 SaaS_21,1,50.0,0.0
2024-11-04 12:00:00.000000,TechCorp_37,Starter Subscription,Emp_31 SaaS_31,1,50.0,0.0
2024-11-04 14:00:00.000000,TechCorp_88,Pro Subscription,Emp_4 SaaS_4,1,200.0,0.0
2024-11-04 11:00:00.000000,TechCorp_111,Pro Subscription,Emp_13 SaaS_13,1,200.0,0.0
2024-11-04 18:00:00.000000,TechCorp_132,Pro Subscription,Emp_19 SaaS_19,1,200.0,0.0
2024-11-04 14:00:00.000000,TechCorp_179,Enterprise License,Emp_21 SaaS_21,10,20000.0,0.0
2024-11-04 09:00:00.000000,TechCorp_247,Pro Subscription,Emp_0 SaaS_0,1,200.0,0.0
2024-11-04 14:00:00.000000,TechCorp_257,Pro Subscription,Emp_25 SaaS_25,1,200.0,0.0
2024-11-04 10:00:00.000000,TechCorp_267,Pro Subscription,Emp_2 SaaS_2,1,200.0,0.0
2024-11-04 09:00:00.000000,TechCorp_292,Starter Subscription,Emp_13 SaaS_13,1,50.0,0.0
2024-11-04 17:00:00.000000,TechCorp_297,Starter Subscription,Emp_31 SaaS_31,1,50.0,0.0
2024-11-05 08:00:00.000000,TechCorp_2,Pro Subscription,Emp_29 SaaS_29,1,200.0,0.0
2024-11-05 16:00:00.000000,TechCorp_26,Starter Subscription,Emp_29 SaaS_29,1,50.0,0.0
2024-11-05 15:00:00.000000,TechCorp_50,Starter Subscription,Emp_25 SaaS_25,1,50.0,0.0
2024-11-05 13:00:00.000000,TechCorp_148,Starter Subscription,Emp_6 SaaS_6,1,50.0,0.0
2024-11-05 15:00:00.000000,TechCorp_174,Pro Subscription,Emp_0 SaaS_0,1,200.0,0.0
2024-11-05 08:00:00.000000,TechCorp_209,Pro Subscription,Emp_3 SaaS_3,1,200.0,0.0
2024-11-05 09:00:00.000000,TechCorp_228,Starter Subscription,Emp_12 SaaS_12,1,50.0,0.0
2024-11-05 15:00:00.000000,TechCorp_234,Starter Subscription,Emp_25 SaaS_25,1,50.0,0.0
2024-11-05 17:00:00.000000,TechCorp_235,Enterprise License,Emp_25 SaaS_25,7,14000.0,0.0
2024-11-05 15:00:00.000000,TechCorp_282,Starter Subscription,Emp_0 SaaS_0,1,50.0,0.0
2024-11-06 13:00:00.000000,TechCorp_5,Enterprise License,Emp_31 SaaS_31,1,2000.0,0.0
2024-11-06 16:00:00.000000,TechCorp_16,Enterprise License,Emp_21 SaaS_21,7,14000.0,0.0
2024-11-06 09:00:00.000000,TechCorp_22,Enterprise License,Emp_29 SaaS_29,9,18000.0,0.0
2024-11-06 14:00:00.000000,TechCorp_28,Starter Subscription,Emp_31 SaaS_31,1,50.0,0.0
2024-11-06 14:00:00.000000,TechCorp_47,Pro Subscription,Emp_21 SaaS_21,1,200.0,0.0
2024-11-06 16:00:00.000000,TechCorp_63,Pro Subscription,Emp_29 SaaS_29,1,200.0,0.0
2024-11-06 09:00:00.000000,TechCorp_77,Pro Subscription,Emp_6 SaaS_6,1,200.0,0.0
2024-11-06 16:00:00.000000,TechCorp_80,Enterprise License,Emp_4 SaaS_4,9,18000.0,0.0
2024-11-06 11:00:00.000000,TechCorp_83,Starter Subscription,Emp_19 SaaS_19,1,50.0,0.0
2024-11-06 17:00:00.000000,TechCorp_108,Pro Subscription,Emp_21 SaaS_21,1,200.0,0.0
2024-11-06 17:00:00.000000,TechCorp_110,Starter Subscription,Emp_3 SaaS_3,1,50.0,0.0
2024-11-06 12:00:00.000000,TechCorp_130,Pro Subscription,Emp_6 SaaS_6,1,200.0,0.0
2024-11-06 13:00:00.000000,TechCorp_158,Starter Subscription,Emp_25 SaaS_25,1,50.0,0.0
2024-11-06 16:00:00.000000,TechCorp_186,Starter Subscription,Emp_12 SaaS_12,1,50.0,0.0
2024-11-06 12:00:00.000000,TechCorp_200,Pro Subscription,Emp_4 SaaS_4,1,200.0,0.0
2024-11-06 15:00:00.000000,TechCorp_201,Starter Subscription,Emp_12 SaaS_12,1,50.0,0.0
2024-11-07 14:00:00.000000,TechCorp_13,Enterprise License,Emp_13 SaaS_13,2,4000.0,0.0
2024-11-07 12:00:00.000000,TechCorp_46,Enterprise License,Emp_12 SaaS_12,9,18000.0,0.0
2024-11-07 18:00:00.000000,TechCorp_53,Starter Subscription,Emp_21 SaaS_21,1,50.0,0.0
2024-11-07 18:00:00.000000,TechCorp_76,Starter Subscription,Emp_21 SaaS_21,1,50.0,0.0
2024-11-07 11:00:00.000000,TechCorp_102,Pro Subscription,Emp_29 SaaS_29,1,200.0,0.0
2024-11-07 18:00:00.000000,TechCorp_154,Starter Subscription,Emp_12 SaaS_12,1,50.0,0.0
2024-11-07 15:00:00.000000,TechCorp_164,Pro Subscription,Emp_13 SaaS_13,1,200.0,0.0
2024-11-07 13:00:00.000000,TechCorp_172,Pro Subscription,Emp_31 SaaS_31,1,200.0,0.0
2024-11-07 08:00:00.000000,TechCorp_214,Starter Subscription,Emp_2 SaaS_2,1,50.0,0.0
2024-11-07 17:00:00.000000,TechCorp_259,Starter Subscription,Emp_29 SaaS_29,1,50.0,0.0
2024-11-07 08:00:00.000000,TechCorp_280,Pro Subscription,Emp_0 SaaS_0,1,200.0,0.0
2024-11-08 12:00:00.000000,TechCorp_12,Pro Subscription,Emp_31 SaaS_31,1,200.0,0.0
2024-11-08 18:00:00.000000,TechCorp_13,Enterprise License,Emp_6 SaaS_6,9,18000.0,0.0
2024-11-08 14:00:00.000000,TechCorp_15,Pro Subscription,Emp_19 SaaS_19,1,200.0,0.0
2024-11-08 12:00:00.000000,TechCorp_16,Enterprise License,Emp_0 SaaS_0,1,2000.0,0.0
2024-11-08 10:00:00.000000,TechCorp_17,Starter Subscription,Emp_29 SaaS_29,1,50.0,0.0
2024-11-08 15:00:00.000000,TechCorp_54,Starter Subscription,Emp_13 SaaS_13,1,50.0,0.0
2024-11-08 11:00:00.000000,TechCorp_58,Starter Subscription,Emp_4 SaaS_4,1,50.0,0.0
2024-11-08 08:00:00.000000,TechCorp_74,Pro Subscription,Emp_4 SaaS_4,1,200.0,0.0
2024-11-08 11:00:00.000000,TechCorp_95,Starter Subscription,Emp_12 SaaS_12,1,50.0,0.0
2024-11-08 09:00:00.000000,TechCorp_104,Starter Subscription,Emp_12 SaaS_12,1,50.0,0.0
2024-11-08 10:00:00.000000,TechCorp_106,Starter Subscription,Emp_6 SaaS_6,1,50.0,0.0
2024-11-08 14:00:00.000000,TechCorp_126,Enterprise License,Emp_29 SaaS_29,7,14000.0,0.0
2024-11-08 18:00:00.000000,TechCorp_151,Starter Subscription,Emp_13 SaaS_13,1,50.0,0.0
2024-11-08 08:00:00.000000,TechCorp_157,Starter Subscription,Emp_12 SaaS_12,1,50.0,0.0
2024-11-08 08:00:00.000000,TechCorp_221,Starter Subscription,Emp_31 SaaS_31,1,50.0,0.0
2024-11-08 16:00:00.000000,TechCorp_231,Pro Subscription,Emp_3 SaaS_3,1,200.0,0.0
2024-11-08 11:00:00.000000,TechCorp_291,Starter Subscription,Emp_2 SaaS_2,1,50.0,0.0
2024-11-08 15:00:00.000000,TechCorp_298,Starter Subscription,Emp_21 SaaS_21,1,50.0,0.0
2024-11-09 13:00:00.000000,TechCorp_11,Pro Subscription,Emp_13 SaaS_13,1,200.0,0.0
2024-11-09 15:00:00.000000,TechCorp_15,Pro Subscription,Emp_21 SaaS_21,1,200.0,0.0
2024-11-09 15:00:00.000000,TechCorp_26,Starter Subscription,Emp_2 SaaS_2,1,50.0,0.0
2024-11-09 16:00:00.000000,TechCorp_33,Enterprise License,Emp_0 SaaS_0,9,18000.0,0.0
2024-11-09 16:00:00.000000,TechCorp_77,Pro Subscription,Emp_29 SaaS_29,1,200.0,0.0
2024-11-09 14:00:00.000000,TechCorp_90,Pro Subscription,Emp_3 SaaS_3,1,200.0,0.0
2024-11-09 18:00:00.000000,TechCorp_97,Enterprise License,Emp_0 SaaS_0,10,20000.0,0.0
2024-11-09 12:00:00.000000,TechCorp_110,Starter Subscription,Emp_21 SaaS_21,1,50.0,0.0
2024-11-09 16:00:00.000000,TechCorp_123,Starter Subscription,Emp_6 SaaS_6,1,50.0,0.0
2024-11-09 14:00:00.000000,TechCorp_148,Starter Subscription,Emp_12 SaaS_12,1,50.0,0.0
2024-11-09 14:00:00.000000,TechCorp_157,Starter Subscription,Emp_31 SaaS_31,1,50.0,0.0
2024-11-09 16:00:00.000000,TechCorp_221,Starter Subscription,Emp_29 SaaS_29,1,50.0,0.0
2024-11-09 11:00:00.000000,TechCorp_239,Starter Subscription,Emp_21 SaaS_21,1,50.0,0.0
2024-11-09 12:00:00.000000,TechCorp_272,Starter Subscription,Emp_0 SaaS_0,1,50.0,0.0
2024-11-10 09:00:00.000000,TechCorp_64,Pro Subscription,Emp_13 SaaS_13,1,200.0,0.0
2024-11-10 13:00:00.000000,TechCorp_69,Pro Subscription,Emp_0 SaaS_0,1,200.0,0.0
2024-11-10 08:00:00.000000,TechCorp_101,Starter Subscription,Emp_4 SaaS_4,1,50.0,0.0
2024-11-10 16:00:00.000000,TechCorp_137,Pro Subscription,Emp_4 SaaS_4,1,200.0,0.0
2024-11-10 17:00:00.000000,TechCorp_186,Starter Subscription,Emp_6 SaaS_6,1,50.0,0.0
2024-11-10 13:00:00.000000,TechCorp_207,Starter Subscription,Emp_6 SaaS_6,1,50.0,0.0
2024-11-10 10:00:00.000000,TechCorp_210,Pro Subscription,Emp_25 SaaS_25,1,200.0,0.0
2024-11-10 18:00:00.000000,TechCorp_255,Starter Subscription,Emp_4 SaaS_4,1,50.0,0.0
2024-11-10 14:00:00.000000,TechCorp_279,Pro Subscription,Emp_31 SaaS_31,1,200.0,0.0
2024-11-11 14:00:00.000000,TechCorp_79,Pro Subscription,Emp_31 SaaS_31,1,200.0,0.0
2024-11-11 15:00:00.000000,TechCorp_93,Pro Subscription,Emp_4 SaaS_4,1,200.0,0.0
2024-11-11 14:00:00.000000,TechCorp_95,Starter Subscription,Emp_21 SaaS_21,1,50.0,0.0
2024-11-11 14:00:00.000000,TechCorp_111,Pro Subscription,Emp_31 SaaS_31,1,200.0,0.0
2024-11-11 17:00:00.000000,TechCorp_129,Starter Subscription,Emp_25 SaaS_25,1,50.0,0.0
2024-11-11 08:00:00.000000,TechCorp_177,Starter Subscription,Emp_3 SaaS_3,1,50.0,0.0
2024-11-11 08:00:00.000000,TechCorp_204,Pro Subscription,Emp_4 SaaS_4,1,200.0,0.0
2024-11-11 17:00:00.000000,TechCorp_224,Pro Subscription,Emp_6 SaaS_6,1,200.0,0.0
2024-11-11 11:00:00.000000,TechCorp_269,Starter Subscription,Emp_29 SaaS_29,1,50.0,0.0
2024-11-11 16:00:00.000000,TechCorp_270,Pro Subscription,Emp_3 SaaS_3,1,200.0,0.0
2024-11-11 15:00:00.000000,TechCorp_288,Pro Subscription,Emp_31 SaaS_31,1,200.0,0.0
2024-11-12 14:00:00.000000,TechCorp_3,Pro Subscription,Emp_3 SaaS_3,1,200.0,0.0
2024-11-12 16:00:00.000000,TechCorp_11,Pro Subscription,Emp_2 SaaS_2,1,200.0,0.0
2024-11-12 08:00:00.000000,TechCorp_32,Starter Subscription,Emp_25 SaaS_25,1,50.0,0.0
2024-11-12 15:00:00.000000,TechCorp_51,Pro Subscription,Emp_21 SaaS_21,1,200.0,0.0
2024-11-12 17:00:00.000000,TechCorp_75,Starter Subscription,Emp_21 SaaS_21,1,50.0,0.0
2024-11-12 13:00:00.000000,TechCorp_101,Starter Subscription,Emp_21 SaaS_21,1,50.0,0.0
2024-11-12 16:00:00.000000,TechCorp_113,Pro Subscription,Emp_4 SaaS_4,1,200.0,0.0
2024-11-12 10:00:00.000000,TechCorp_150,Starter Subscription,Emp_3 SaaS_3,1,50.0,0.0
2024-11-12 10:00:00.000000,TechCorp_160,Starter Subscription,Emp_6 SaaS_6,1,50.0,0.0
2024-11-13 10:00:00.000000,TechCorp_75,Starter Subscription,Emp_0 SaaS_0,1,50.0,0.0
2024-11-13 18:00:00.000000,TechCorp_121,Pro Subscription,Emp_31 SaaS_31,1,200.0,0.0
2024-11-13 12:00:00.000000,TechCorp_175,Starter Subscription,Emp_3 SaaS_3,1,50.0,0.0
2024-11-13 14:00:00.000000,TechCorp_184,Enterprise License,Emp_13 SaaS_13,2,4000.0,0.0
2024-11-13 11:00:00.000000,TechCorp_187,Starter Subscription,Emp_13 SaaS_13,1,50.0,0.0
2024-11-13 08:00:00.000000,TechCorp_254,Pro Subscription,Emp_25 SaaS_25,1,200.0,0.0
2024-11-13 10:00:00.000000,TechCorp_276,Pro Subscription,Emp_3 SaaS_3,1,200.0,0.0
2024-11-14 18:00:00.000000,TechCorp_4,Starter Subscription,Emp_29 SaaS_29,1,50.0,0.0
2024-11-14 08:00:00.000000,TechCorp_27,Pro Subscription,Emp_6 SaaS_6,1,200.0,0.0
2024-11-14 18:00:00.000000,TechCorp_41,Pro Subscription,Emp_25 SaaS_25,1,200.0,0.0
2024-11-14 17:00:00.000000,TechCorp_57,Pro Subscription,Emp_12 SaaS_12,1,200.0,0.0
2024-11-14 08:00:00.000000,TechCorp_67,Starter Subscription,Emp_4 SaaS_4,1,50.0,0.0
2024-11-14 11:00:00.000000,TechCorp_86,Starter Subscription,Emp_29 SaaS_29,1,50.0,0.0
2024-11-14 11:00:00.000000,TechCorp_90,Pro Subscription,Emp_3 SaaS_3,1,200.0,0.0
2024-11-14 16:00:00.000000,TechCorp_119,Starter Subscription,Emp_12 SaaS_12,1,50.0,0.0
2024-11-14 18:00:00.000000,TechCorp_123,Starter Subscription,Emp_25 SaaS_25,1,50.0,0.0
2024-11-14 12:00:00.000000,TechCorp_173,Pro Subscription,Emp_21 SaaS_21,1,200.0,0.0
2024-11-14 09:00:00.000000,TechCorp_177,Starter Subscription,Emp_0 SaaS_0,1,50.0,0.0
2024-11-14 09:00:00.000000,TechCorp_203,Starter Subscription,Emp_21 SaaS_21,1,50.0,0.0
2024-11-14 12:00:00.000000,TechCorp_281,Pro Subscription,Emp_13 SaaS_13,1,200.0,0.0
2024-11-14 11:00:00.000000,TechCorp_294,Pro Subscription,Emp_0 SaaS_0,1,200.0,0.0
2024-11-15 09:00:00.000000,TechCorp_40,Pro Subscription,Emp_3 SaaS_3,1,200.0,0.0
2024-11-15 10:00:00.000000,TechCorp_58,Starter Subscription,Emp_29 SaaS_29,1,50.0,0.0
2024-11-15 17:00:00.000000,TechCorp_75,Starter Subscription,Emp_31 SaaS_31,1,50.0,0.0
2024-11-15 10:00:00.000000,TechCorp_102,Pro Subscription,Emp_25 SaaS_25,1,200.0,0.0
2024-11-15 14:00:00.000000,TechCorp_134,Starter Subscription,Emp_6 SaaS_6,1,50.0,0.0
2024-11-15 11:00:00.000000,TechCorp_160,Starter Subscription,Emp_3 SaaS_3,1,50.0,0.0
2024-11-15 17:00:00.000000,TechCorp_180,Starter Subscription,Emp_2 SaaS_2,1,50.0,0.0
2024-11-15 09:00:00.000000,TechCorp_192,Starter Subscription,Emp_25 SaaS_25,1,50.0,0.0
2024-11-15 08:00:00.000000,TechCorp_206,Enterprise License,Emp_25 SaaS_25,2,4000.0,0.0
2024-11-15 09:00:00.000000,TechCorp_274,Starter Subscription,Emp_13 SaaS_13,1,50.0,0.0
2024-11-15 10:00:00.000000,TechCorp_283,Starter Subscription,Emp_6 SaaS_6,1,50.0,0.0
2024-11-16 09:00:00.000000,TechCorp_19,Starter Subscription,Emp_3 SaaS_3,1,50.0,0.0
2024-11-16 16:00:00.000000,TechCorp_27,Pro Subscription,Emp_0 SaaS_0,1,200.0,0.0
2024-11-16 10:00:00.000000,TechCorp_28,Starter Subscription,Emp_13 SaaS_13,1,50.0,0.0
2024-11-16 18:00:00.000000,TechCorp_82,Starter Subscription,Emp_13 SaaS_13,1,50.0,0.0
2024-11-16 16:00:00.000000,TechCorp_121,Pro Subscription,Emp_29 SaaS_29,1,200.0,0.0
2024-11-16 16:00:00.000000,TechCorp_137,Pro Subscription,Emp_19 SaaS_19,1,200.0,0.0
2024-11-16 13:00:00.000000,TechCorp_251,Starter Subscription,Emp_21 SaaS_21,1,50.0,0.0
2024-11-16 11:00:00.000000,TechCorp_254,Pro Subscription,Emp_29 SaaS_29,1,200.0,0.0
2024-11-16 09:00:00.000000,TechCorp_277,Enterprise License,Emp_4 SaaS_4,9,18000.0,0.0
2024-11-16 09:00:00.000000,TechCorp_298,Starter Subscription,Emp_25 SaaS_25,1,50.0,0.0
2024-11-17 18:00:00.000000,TechCorp_5,Enterprise License,Emp_0 SaaS_0,4,8000.0,0.0
2024-11-17 15:00:00.000000,TechCorp_39,Starter Subscription,Emp_6 SaaS_6,1,50.0,0.0
2024-11-17 11:00:00.000000,TechCorp_47,Pro Subscription,Emp_29 SaaS_29,1,200.0,0.0
2024-11-17 09:00:00.000000,TechCorp_90,Pro Subscription,Emp_29 SaaS_29,1,200.0,0.0
2024-11-17 10:00:00.000000,TechCorp_107,Starter Subscription,Emp_19 SaaS_19,1,50.0,0.0
2024-11-17 16:00:00.000000,TechCorp_123,Starter Subscription,Emp_21 SaaS_21,1,50.0,0.0
2024-11-17 12:00:00.000000,TechCorp_126,Enterprise License,Emp_25 SaaS_25,8,16000.0,0.0
2024-11-17 10:00:00.000000,TechCorp_146,Starter Subscription,Emp_13 SaaS_13,1,50.0,0.0
2024-11-17 09:00:00.000000,TechCorp_201,Starter Subscription,Emp_25 SaaS_25,1,50.0,0.0
2024-11-17 10:00:00.000000,TechCorp_204,Pro Subscription,Emp_12 SaaS_12,1,200.0,0.0
2024-11-17 10:00:00.000000,TechCorp_239,Starter Subscription,Emp_25 SaaS_25,1,50.0,0.0
2024-11-17 14:00:00.000000,TechCorp_240,Pro Subscription,Emp_25 SaaS_25,1,200.0,0.0
2024-11-17 15:00:00.000000,TechCorp_256,Starter Subscription,Emp_12 SaaS_12,1,50.0,0.0
2024-11-17 17:00:00.000000,TechCorp_258,Enterprise License,Emp_2 SaaS_2,2,4000.0,0.0
2024-11-17 18:00:00.000000,TechCorp_263,Starter Subscription,Emp_3 SaaS_3,1,50.0,0.0
2024-11-17 15:00:00.000000,TechCorp_264,Pro Subscription,Emp_19 SaaS_19,1,200.0,0.0
2024-11-17 09:00:00.000000,TechCorp_283,Starter Subscription,Emp_13 SaaS_13,1,50.0,0.0
2024-11-17 14:00:00.000000,TechCorp_284,Starter Subscription,Emp_25 SaaS_25,1,50.0,0.0
2024-11-17 11:00:00.000000,TechCorp_291,Starter Subscription,Emp_3 SaaS_3,1,50.0,0.0
2024-11-18 18:00:00.000000,TechCorp_14,Pro Subscription,Emp_2 SaaS_2,1,200.0,0.0
2024-11-18 15:00:00.000000,TechCorp_39,Starter Subscription,Emp_6 SaaS_6,1,50.0,0.0
2024-11-18 11:00:00.000000,TechCorp_77,Pro Subscription,Emp_3 SaaS_3,1,200.0,0.0
2024-11-18 12:00:00.000000,TechCorp_100,Starter Subscription,Emp_0 SaaS_0,1,50.0,0.0
2024-11-18 15:00:00.000000,TechCorp_102,Pro Subscription,Emp_12 SaaS_12,1,200.0,0.0
2024-11-18 17:00:00.000000,TechCorp_118,Pro Subscription,Emp_31 SaaS_31,1,200.0,0.0
2024-11-18 16:00:00.000000,TechCorp_130,Pro Subscription,Emp_6 SaaS_6,1,200.0,0.0
2024-11-18 17:00:00.000000,TechCorp_131,Starter Subscription,Emp_13 SaaS_13,1,50.0,0.0
2024-11-18 17:00:00.000000,TechCorp_138,Starter Subscription,Emp_19 SaaS_19,1,50.0,0.0
2024-11-18 18:00:00.000000,TechCorp_141,Starter Subscription,Emp_25 SaaS_25,1,50.0,0.0
2024-11-18 09:00:00.000000,TechCorp_144,Starter Subscription,Emp_4 SaaS_4,1,50.0,0.0
2024-11-18 09:00:00.000000,TechCorp_159,Starter Subscription,Emp_12 SaaS_12,1,50.0,0.0
2024-11-18 11:00:00.000000,TechCorp_173,Pro Subscription,Emp_0 SaaS_0,1,200.0,0.0
2024-11-18 16:00:00.000000,TechCorp_197,Pro Subscription,Emp_0 SaaS_0,1,200.0,0.0
2024-11-18 16:00:00.000000,TechCorp_209,Pro Subscription,Emp_29 SaaS_29,1,200.0,0.0
2024-11-18 11:00:00.000000,TechCorp_232,Starter Subscription,Emp_3 SaaS_3,1,50.0,0.0
2024-11-19 12:00:00.000000,TechCorp_11,Pro Subscription,Emp_3 SaaS_3,1,200.0,0.0
2024-11-19 14:00:00.000000,TechCorp_33,Enterprise License,Emp_31 SaaS_31,1,2000.0,0.0
2024-11-19 14:00:00.000000,TechCorp_40,Pro Subscription,Emp_0 SaaS_0,1,200.0,0.0
2024-11-19 15:00:00.000000,TechCorp_111,Pro Subscription,Emp_31 SaaS_31,1,200.0,0.0
2024-11-19 17:00:00.000000,TechCorp_211,Starter Subscription,Emp_2 SaaS_2,1,50.0,0.0
2024-11-19 13:00:00.000000,TechCorp_263,Starter Subscription,Emp_3 SaaS_3,1,50.0,0.0
2024-11-19 16:00:00.000000,TechCorp_287,Pro Subscription,Emp_12 SaaS_12,1,200.0,0.0
2024-11-19 11:00:00.000000,TechCorp_292,Starter Subscription,Emp_31 SaaS_31,1,50.0,0.0
2024-11-20 09:00:00.000000,TechCorp_8,Starter Subscription,Emp_29 SaaS_29,1,50.0,0.0
2024-11-20 16:00:00.000000,TechCorp_47,Pro Subscription,Emp_3 SaaS_3,1,200.0,0.0
2024-11-20 08:00:00.000000,TechCorp_49,Starter Subscription,Emp_2 SaaS_2,1,50.0,0.0
2024-11-20 14:00:00.000000,TechCorp_77,Pro Subscription,Emp_3 SaaS_3,1,200.0,0.0
2024-11-20 11:00:00.000000,TechCorp_93,Pro Subscription,Emp_25 SaaS_25,1,200.0,0.0
2024-11-20 18:00:00.000000,TechCorp_125,Pro Subscription,Emp_25 SaaS_25,1,200.0,0.0
2024-11-20 10:00:00.000000,TechCorp_128,Starter Subscription,Emp_2 SaaS_2,1,50.0,0.0
2024-11-20 16:00:00.000000,TechCorp_137,Pro Subscription,Emp_21 SaaS_21,1,200.0,0.0
2024-11-20 18:00:00.000000,TechCorp_204,Pro Subscription,Emp_25 SaaS_25,1,200.0,0.0
2024-11-21 08:00:00.000000,TechCorp_22,Enterprise License,Emp_6 SaaS_6,6,12000.0,0.0
2024-11-21 11:00:00.000000,TechCorp_35,Enterprise License,Emp_13 SaaS_13,7,14000.0,0.0
2024-11-21 17:00:00.000000,TechCorp_39,Starter Subscription,Emp_4 SaaS_4,1,50.0,0.0
2024-11-21 08:00:00.000000,TechCorp_40,Pro Subscription,Emp_3 SaaS_3,1,200.0,0.0
2024-11-21 10:00:00.000000,TechCorp_44,Starter Subscription,Emp_4 SaaS_4,1,50.0,0.0
2024-11-21 08:00:00.000000,TechCorp_78,Starter Subscription,Emp_4 SaaS_4,1,50.0,0.0
2024-11-21 17:00:00.000000,TechCorp_128,Starter Subscription,Emp_19 SaaS_19,1,50.0,0.0
2024-11-21 18:00:00.000000,TechCorp_161,Starter Subscription,Emp_2 SaaS_2,1,50.0,0.0
2024-11-21 14:00:00.000000,TechCorp_207,Starter Subscription,Emp_25 SaaS_25,1,50.0,0.0
2024-11-21 18:00:00.000000,TechCorp_275,Starter Subscription,Emp_25 SaaS_25,1,50.0,0.0
2024-11-22 18:00:00.000000,TechCorp_6,Starter Subscription,Emp_6 SaaS_6,1,50.0,0.0
2024-11-22 09:00:00.000000,TechCorp_11,Pro Subscription,Emp_31 SaaS_31,1,200.0,0.0
2024-11-22 10:00:00.000000,TechCorp_14,Pro Subscription,Emp_21 SaaS_21,1,200.0,0.0
2024-11-22 10:00:00.000000,TechCorp_39,Starter Subscription,Emp_4 SaaS_4,1,50.0,0.0
2024-11-22 14:00:00.000000,TechCorp_48,Pro Subscription,Emp_25 SaaS_25,1,200.0,0.0
2024-11-22 14:00:00.000000,TechCorp_80,Enterprise License,Emp_4 SaaS_4,10,20000.0,0.0
2024-11-22 13:00:00.000000,TechCorp_129,Starter Subscription,Emp_13 SaaS_13,1,50.0,0.0
2024-11-22 09:00:00.000000,TechCorp_147,Pro Subscription,Emp_31 SaaS_31,1,200.0,0.0
2024-11-22 11:00:00.000000,TechCorp_149,Starter Subscription,Emp_4 SaaS_4,1,50.0,0.0
2024-11-22 11:00:00.000000,TechCorp_189,Pro Subscription,Emp_25 SaaS_25,1,200.0,0.0
2024-11-22 12:00:00.000000,TechCorp_192,Starter Subscription,Emp_31 SaaS_31,1,50.0,0.0
2024-11-22 14:00:00.000000,TechCorp_281,Pro Subscription,Emp_3 SaaS_3,1,200.0,0.0
2024-11-22 15:00:00.000000,TechCorp_289,Starter Subscription,Emp_21 SaaS_21,1,50.0,0.0
2024-11-22 10:00:00.000000,TechCorp_293,Pro Subscription,Emp_29 SaaS_29,1,200.0,0.0
2024-11-23 18:00:00.000000,TechCorp_2,Pro Subscription,Emp_2 SaaS_2,1,200.0,0.0
2024-11-23 11:00:00.000000,TechCorp_7,Pro Subscription,Emp_6 SaaS_6,1,200.0,0.0
2024-11-23 16:00:00.000000,TechCorp_29,Pro Subscription,Emp_29 SaaS_29,1,200.0,0.0
2024-11-23 08:00:00.000000,TechCorp_35,Enterprise License,Emp_12 SaaS_12,4,8000.0,0.0
2024-11-23 18:00:00.000000,TechCorp_36,Starter Subscription,Emp_31 SaaS_31,1,50.0,0.0
2024-11-23 14:00:00.000000,TechCorp_48,Pro Subscription,Emp_21 SaaS_21,1,200.0,0.0
2024-11-23 16:00:00.000000,TechCorp_51,Pro Subscription,Emp_0 SaaS_0,1,200.0,0.0
2024-11-23 08:00:00.000000,TechCorp_100,Starter Subscription,Emp_12 SaaS_12,1,50.0,0.0
2024-11-23 15:00:00.000000,TechCorp_154,Starter Subscription,Emp_21 SaaS_21,1,50.0,0.0
2024-11-23 11:00:00.000000,TechCorp_210,Pro Subscription,Emp_19 SaaS_19,1,200.0,0.0
2024-11-23 09:00:00.000000,TechCorp_216,Starter Subscription,Emp_31 SaaS_31,1,50.0,0.0
2024-11-23 14:00:00.000000,TechCorp_266,Starter Subscription,Emp_2 SaaS_2,1,50.0,0.0
2024-11-24 16:00:00.000000,TechCorp_46,Enterprise License,Emp_12 SaaS_12,8,16000.0,0.0
2024-11-24 13:00:00.000000,TechCorp_54,Starter Subscription,Emp_6 SaaS_6,1,50.0,0.0
2024-11-24 12:00:00.000000,TechCorp_65,Starter Subscription,Emp_12 SaaS_12,1,50.0,0.0
2024-11-24 09:00:00.000000,TechCorp_75,Starter Subscription,Emp_25 SaaS_25,1,50.0,0.0
2024-11-24 10:00:00.000000,TechCorp_100,Starter Subscription,Emp_13 SaaS_13,1,50.0,0.0
2024-11-24 17:00:00.000000,TechCorp_121,Pro Subscription,Emp_21 SaaS_21,1,200.0,0.0
2024-11-24 08:00:00.000000,TechCorp_125,Pro Subscription,Emp_29 SaaS_29,1,200.0,0.0
2024-11-24 18:00:00.000000,TechCorp_139,Starter Subscription,Emp_29 SaaS_29,1,50.0,0.0
2024-11-24 14:00:00.000000,TechCorp_140,Starter Subscription,Emp_6 SaaS_6,1,50.0,0.0
2024-11-24 13:00:00.000000,TechCorp_141,Starter Subscription,Emp_31 SaaS_31,1,50.0,0.0
2024-11-24 08:00:00.000000,TechCorp_147,Pro Subscription,Emp_19 SaaS_19,1,200.0,0.0
2024-11-24 12:00:00.000000,TechCorp_217,Starter Subscription,Emp_25 SaaS_25,1,50.0,0.0
2024-11-24 17:00:00.000000,TechCorp_255,Starter Subscription,Emp_4 SaaS_4,1,50.0,0.0
2024-11-24 18:00:00.000000,TechCorp_269,Starter Subscription,Emp_12 SaaS_12,1,50.0,0.0
2024-11-25 10:00:00.000000,TechCorp_7,Pro Subscription,Emp_19 SaaS_19,1,200.0,0.0
2024-11-25 08:00:00.000000,TechCorp_40,Pro Subscription,Emp_2 SaaS_2,1,200.0,0.0
2024-11-25 18:00:00.000000,TechCorp_43,Pro Subscription,Emp_4 SaaS_4,1,200.0,0.0
2024-11-25 14:00:00.000000,TechCorp_46,Enterprise License,Emp_4 SaaS_4,8,16000.0,0.0
2024-11-25 10:00:00.000000,TechCorp_48,Pro Subscription,Emp_21 SaaS_21,1,200.0,0.0
2024-11-25 15:00:00.000000,TechCorp_65,Starter Subscription,Emp_29 SaaS_29,1,50.0,0.0
2024-11-25 09:00:00.000000,TechCorp_66,Pro Subscription,Emp_12 SaaS_12,1,200.0,0.0
2024-11-25 09:00:00.000000,TechCorp_74,Pro Subscription,Emp_6 SaaS_6,1,200.0,0.0
2024-11-25 17:00:00.000000,TechCorp_78,Starter Subscription,Emp_12 SaaS_12,1,50.0,0.0
2024-11-25 16:00:00.000000,TechCorp_112,Starter Subscription,Emp_29 SaaS_29,1,50.0,0.0
2024-11-25 09:00:00.000000,TechCorp_134,Starter Subscription,Emp_21 SaaS_21,1,50.0,0.0
2024-11-25 18:00:00.000000,TechCorp_168,Enterprise License,Emp_31 SaaS_31,4,8000.0,0.0
2024-11-25 15:00:00.000000,TechCorp_191,Pro Subscription,Emp_6 SaaS_6,1,200.0,0.0
2024-11-25 17:00:00.000000,TechCorp_242,Starter Subscription,Emp_12 SaaS_12,1,50.0,0.0
2024-11-25 08:00:00.000000,TechCorp_259,Starter Subscription,Emp_2 SaaS_2,1,50.0,0.0
2024-11-25 09:00:00.000000,TechCorp_266,Starter Subscription,Emp_13 SaaS_13,1,50.0,0.0
2024-11-25 15:00:00.000000,TechCorp_271,Pro Subscription,Emp_29 SaaS_29,1,200.0,0.0
2024-11-26 17:00:00.000000,TechCorp_15,Pro Subscription,Emp_13 SaaS_13,1,200.0,0.0
2024-11-26 17:00:00.000000,TechCorp_36,Starter Subscription,Emp_13 SaaS_13,1,50.0,0.0
2024-11-26 16:00:00.000000,TechCorp_41,Pro Subscription,Emp_19 SaaS_19,1,200.0,0.0
2024-11-26 12:00:00.000000,TechCorp_51,Pro Subscription,Emp_3 SaaS_3,1,200.0,0.0
2024-11-26 16:00:00.000000,TechCorp_123,Starter Subscription,Emp_0 SaaS_0,1,50.0,0.0
2024-11-26 12:00:00.000000,TechCorp_177,Starter Subscription,Emp_31 SaaS_31,1,50.0,0.0
2024-11-26 17:00:00.000000,TechCorp_190,Pro Subscription,Emp_12 SaaS_12,1,200.0,0.0
2024-11-26 13:00:00.000000,TechCorp_211,Starter Subscription,Emp_29 SaaS_29,1,50.0,0.0
2024-11-26 09:00:00.000000,TechCorp_295,Starter Subscription,Emp_12 SaaS_12,1,50.0,0.0
2024-11-27 10:00:00.000000,TechCorp_7,Pro Subscription,Emp_12 SaaS_12,1,200.0,0.0
2024-11-27 12:00:00.000000,TechCorp_19,Starter Subscription,Emp_0 SaaS_0,1,50.0,0.0
2024-11-27 10:00:00.000000,TechCorp_26,Starter Subscription,Emp_21 SaaS_21,1,50.0,0.0
2024-11-27 10:00:00.000000,TechCorp_29,Pro Subscription,Emp_31 SaaS_31,1,200.0,0.0
2024-11-27 08:00:00.000000,TechCorp_94,Starter Subscription,Emp_13 SaaS_13,1,50.0,0.0
2024-11-27 18:00:00.000000,TechCorp_110,Starter Subscription,Emp_0 SaaS_0,1,50.0,0.0
2024-11-27 13:00:00.000000,TechCorp_112,Starter Subscription,Emp_21 SaaS_21,1,50.0,0.0
2024-11-27 11:00:00.000000,TechCorp_157,Starter Subscription,Emp_4 SaaS_4,1,50.0,0.0
2024-11-27 12:00:00.000000,TechCorp_170,Starter Subscription,Emp_25 SaaS_25,1,50.0,0.0
2024-11-27 18:00:00.000000,TechCorp_180,Starter Subscription,Emp_25 SaaS_25,1,50.0,0.0
2024-11-27 12:00:00.000000,TechCorp_200,Pro Subscription,Emp_0 SaaS_0,1,200.0,0.0
2024-11-27 17:00:00.000000,TechCorp_201,Starter Subscription,Emp_4 SaaS_4,1,50.0,0.0
2024-11-27 15:00:00.000000,TechCorp_251,Starter Subscription,Emp_6 SaaS_6,1,50.0,0.0
2024-11-27 09:00:00.000000,TechCorp_254,Pro Subscription,Emp_6 SaaS_6,1,200.0,0.0
2024-11-27 11:00:00.000000,TechCorp_258,Enterprise License,Emp_29 SaaS_29,6,12000.0,0.0
2024-11-27 16:00:00.000000,TechCorp_271,Pro Subscription,Emp_31 SaaS_31,1,200.0,0.0
2024-11-27 11:00:00.000000,TechCorp_272,Starter Subscription,Emp_3 SaaS_3,1,50.0,0.0
2024-11-27 11:00:00.000000,TechCorp_278,Starter Subscription,Emp_13 SaaS_13,1,50.0,0.0
2024-11-28 16:00:00.000000,TechCorp_3,Pro Subscription,Emp_0 SaaS_0,1,200.0,0.0
2024-11-28 11:00:00.000000,TechCorp_33,Enterprise License,Emp_21 SaaS_21,8,16000.0,0.0
2024-11-28 18:00:00.000000,TechCorp_35,Enterprise License,Emp_6 SaaS_6,9,18000.0,0.0
2024-11-28 08:00:00.000000,TechCorp_55,Pro Subscription,Emp_4 SaaS_4,1,200.0,0.0
2024-11-28 17:00:00.000000,TechCorp_106,Starter Subscription,Emp_19 SaaS_19,1,50.0,0.0
2024-11-28 10:00:00.000000,TechCorp_125,Pro Subscription,Emp_21 SaaS_21,1,200.0,0.0
2024-11-28 12:00:00.000000,TechCorp_143,Starter Subscription,Emp_4 SaaS_4,1,50.0,0.0
2024-11-28 08:00:00.000000,TechCorp_179,Enterprise License,Emp_0 SaaS_0,1,2000.0,0.0
2024-11-28 14:00:00.000000,TechCorp_181,Starter Subscription,Emp_29 SaaS_29,1,50.0,0.0
2024-11-28 13:00:00.000000,TechCorp_213,Starter Subscription,Emp_19 SaaS_19,1,50.0,0.0
2024-11-28 09:00:00.000000,TechCorp_242,Starter Subscription,Emp_6 SaaS_6,1,50.0,0.0
2024-11-28 11:00:00.000000,TechCorp_257,Pro Subscription,Emp_2 SaaS_2,1,200.0,0.0
2024-11-28 18:00:00.000000,TechCorp_298,Starter Subscription,Emp_19 SaaS_19,1,50.0,0.0
2024-11-29 09:00:00.000000,TechCorp_28,Starter Subscription,Emp_2 SaaS_2,1,50.0,0.0
2024-11-29 16:00:00.000000,TechCorp_36,Starter Subscription,Emp_6 SaaS_6,1,50.0,0.0
2024-11-29 09:00:00.000000,TechCorp_80,Enterprise License,Emp_29 SaaS_29,7,14000.0,0.0
2024-11-29 17:00:00.000000,TechCorp_81,Pro Subscription,Emp_6 SaaS_6,1,200.0,0.0
2024-11-29 10:00:00.000000,TechCorp_94,Starter Subscription,Emp_3 SaaS_3,1,50.0,0.0
2024-11-29 08:00:00.000000,TechCorp_97,Enterprise License,Emp_6 SaaS_6,3,6000.0,0.0
2024-11-29 18:00:00.000000,TechCorp_128,Starter Subscription,Emp_25 SaaS_25,1,50.0,0.0
2024-11-29 15:00:00.000000,TechCorp_139,Starter Subscription,Emp_21 SaaS_21,1,50.0,0.0
2024-11-29 11:00:00.000000,TechCorp_147,Pro Subscription,Emp_13 SaaS_13,1,200.0,0.0
2024-11-29 11:00:00.000000,TechCorp_152,Pro Subscription,Emp_12 SaaS_12,1,200.0,0.0
2024-11-29 17:00:00.000000,TechCorp_207,Starter Subscription,Emp_29 SaaS_29,1,50.0,0.0
2024-11-29 10:00:00.000000,TechCorp_209,Pro Subscription,Emp_29 SaaS_29,1,200.0,0.0
2024-11-29 15:00:00.000000,TechCorp_234,Starter Subscription,Emp_6 SaaS_6,1,50.0,0.0
2024-11-29 13:00:00.000000,TechCorp_255,Starter Subscription,Emp_31 SaaS_31,1,50.0,0.0
2024-11-29 08:00:00.000000,TechCorp_280,Pro Subscription,Emp_31 SaaS_31,1,200.0,0.0
2024-11-30 15:00:00.000000,TechCorp_11,Pro Subscription,Emp_31 SaaS_31,1,200.0,0.0
2024-11-30 17:00:00.000000,TechCorp_35,Enterprise License,Emp_29 SaaS_29,3,6000.0,0.0
2024-11-30 17:00:00.000000,TechCorp_56,Enterprise License,Emp_0 SaaS_0,4,8000.0,0.0
2024-11-30 18:00:00.000000,TechCorp_81,Pro Subscription,Emp_3 SaaS_3,1,200.0,0.0
2024-11-30 09:00:00.000000,TechCorp_107,Starter Subscription,Emp_6 SaaS_6,1,50.0,0.0
2024-11-30 14:00:00.000000,TechCorp_108,Pro Subscription,Emp_12 SaaS_12,1,200.0,0.0
2024-11-30 09:00:00.000000,TechCorp_109,Pro Subscription,Emp_19 SaaS_19,1,200.0,0.0
2024-11-30 08:00:00.000000,TechCorp_131,Starter Subscription,Emp_12 SaaS_12,1,50.0,0.0
2024-11-30 13:00:00.000000,TechCorp_135,Pro Subscription,Emp_6 SaaS_6,1,200.0,0.0
2024-11-30 15:00:00.000000,TechCorp_148,Starter Subscription,Emp_13 SaaS_13,1,50.0,0.0
2024-11-30 12:00:00.000000,TechCorp_207,Starter Subscription,Emp_25 SaaS_25,1,50.0,0.0
2024-11-30 10:00:00.000000,TechCorp_222,Pro Subscription,Emp_6 SaaS_6,1,200.0,0.0
2024-11-30 17:00:00.000000,TechCorp_223,Enterprise License,Emp_19 SaaS_19,4,8000.0,0.0
2024-11-30 18:00:00.000000,TechCorp_244,Pro Subscription,Emp_12 SaaS_12,1,200.0,0.0
2024-11-30 13:00:00.000000,TechCorp_252,Pro Subscription,Emp_21 SaaS_21,1,200.0,0.0
2024-11-30 13:00:00.000000,TechCorp_256,Starter Subscription,Emp_0 SaaS_0,1,50.0,0.0
2024-11-30 15:00:00.000000,TechCorp_264,Pro Subscription,Emp_0 SaaS_0,1,200.0,0.0
2024-11-30 13:00:00.000000,TechCorp_283,Starter Subscription,Emp_13 SaaS_13,1,50.0,0.0
2024-11-30 17:00:00.000000,TechCorp_292,Starter Subscription,Emp_31 SaaS_31,1,50.0,0.0
2024-12-01 11:00:00.000000,TechCorp_10,Pro Subscription,Emp_6 SaaS_6,1,200.0,0.0
2024-12-01 16:00:00.000000,TechCorp_40,Pro Subscription,Emp_4 SaaS_4,1,200.0,0.0
2024-12-01 18:00:00.000000,TechCorp_43,Pro Subscription,Emp_21 SaaS_21,1,200.0,0.0
2024-12-01 15:00:00.000000,TechCorp_85,Starter Subscription,Emp_19 SaaS_19,1,50.0,0.0
2024-12-01 15:00:00.000000,TechCorp_103,Starter Subscription,Emp_19 SaaS_19,1,50.0,0.0
2024-12-01 16:00:00.000000,TechCorp_115,Enterprise License,Emp_19 SaaS_19,9,18000.0,0.0
2024-12-01 15:00:00.000000,TechCorp_135,Pro Subscription,Emp_25 SaaS_25,1,200.0,0.0
2024-12-01 14:00:00.000000,TechCorp_174,Pro Subscription,Emp_12 SaaS_12,1,200.0,0.0
2024-12-01 14:00:00.000000,TechCorp_213,Starter Subscription,Emp_29 SaaS_29,1,50.0,0.0
2024-12-01 09:00:00.000000,TechCorp_214,Starter Subscription,Emp_12 SaaS_12,1,50.0,0.0
2024-12-01 17:00:00.000000,TechCorp_283,Starter Subscription,Emp_0 SaaS_0,1,50.0,0.0
2024-12-02 16:00:00.000000,TechCorp_29,Pro Subscription,Emp_25 SaaS_25,1,200.0,0.0
2024-12-02 13:00:00.000000,TechCorp_41,Pro Subscription,Emp_31 SaaS_31,1,200.0,0.0
2024-12-02 18:00:00.000000,TechCorp_66,Pro Subscription,Emp_2 SaaS_2,1,200.0,0.0
2024-12-02 17:00:00.000000,TechCorp_121,Pro Subscription,Emp_21 SaaS_21,1,200.0,0.0
2024-12-02 10:00:00.000000,TechCorp_138,Starter Subscription,Emp_29 SaaS_29,1,50.0,0.0
2024-12-02 09:00:00.000000,TechCorp_159,Starter Subscription,Emp_13 SaaS_13,1,50.0,0.0
2024-12-02 10:00:00.000000,TechCorp_180,Starter Subscription,Emp_0 SaaS_0,1,50.0,0.0
2024-12-02 17:00:00.000000,TechCorp_193,Enterprise License,Emp_29 SaaS_29,8,16000.0,0.0
2024-12-02 08:00:00.000000,TechCorp_214,Starter Subscription,Emp_6 SaaS_6,1,50.0,0.0
2024-12-02 11:00:00.000000,TechCorp_219,Starter Subscription,Emp_3 SaaS_3,1,50.0,0.0
2024-12-02 08:00:00.000000,TechCorp_227,Starter Subscription,Emp_13 SaaS_13,1,50.0,0.0
2024-12-02 10:00:00.000000,TechCorp_235,Enterprise License,Emp_25 SaaS_25,8,16000.0,0.0
2024-12-02 14:00:00.000000,TechCorp_257,Pro Subscription,Emp_31 SaaS_31,1,200.0,0.0
2024-12-02 14:00:00.000000,TechCorp_258,Enterprise License,Emp_31 SaaS_31,9,18000.0,0.0
2024-12-03 09:00:00.000000,TechCorp_27,Pro Subscription,Emp_4 SaaS_4,1,200.0,0.0
2024-12-03 15:00:00.000000,TechCorp_88,Pro Subscription,Emp_31 SaaS_31,1,200.0,0.0
2024-12-03 17:00:00.000000,TechCorp_100,Starter Subscription,Emp_25 SaaS_25,1,50.0,0.0
2024-12-03 12:00:00.000000,TechCorp_101,Starter Subscription,Emp_4 SaaS_4,1,50.0,0.0
2024-12-03 16:00:00.000000,TechCorp_114,Starter Subscription,Emp_29 SaaS_29,1,50.0,0.0
2024-12-03 12:00:00.000000,TechCorp_163,Pro Subscription,Emp_21 SaaS_21,1,200.0,0.0
2024-12-03 08:00:00.000000,TechCorp_173,Pro Subscription,Emp_21 SaaS_21,1,200.0,0.0
2024-12-03 13:00:00.000000,TechCorp_182,Starter Subscription,Emp_2 SaaS_2,1,50.0,0.0
2024-12-03 17:00:00.000000,TechCorp_219,Starter Subscription,Emp_2 SaaS_2,1,50.0,0.0
2024-12-03 09:00:00.000000,TechCorp_242,Starter Subscription,Emp_3 SaaS_3,1,50.0,0.0
2024-12-03 14:00:00.000000,TechCorp_286,Starter Subscription,Emp_3 SaaS_3,1,50.0,0.0
2024-12-04 09:00:00.000000,TechCorp_10,Pro Subscription,Emp_12 SaaS_12,1,200.0,0.0
2024-12-04 12:00:00.000000,TechCorp_14,Pro Subscription,Emp_21 SaaS_21,1,200.0,0.0
2024-12-04 10:00:00.000000,TechCorp_68,Pro Subscription,Emp_3 SaaS_3,1,200.0,0.0
2024-12-04 11:00:00.000000,TechCorp_77,Pro Subscription,Emp_19 SaaS_19,1,200.0,0.0
2024-12-04 18:00:00.000000,TechCorp_108,Pro Subscription,Emp_31 SaaS_31,1,200.0,0.0
2024-12-04 16:00:00.000000,TechCorp_119,Starter Subscription,Emp_29 SaaS_29,1,50.0,0.0
2024-12-04 09:00:00.000000,TechCorp_144,Starter Subscription,Emp_13 SaaS_13,1,50.0,0.0
2024-12-04 11:00:00.000000,TechCorp_179,Enterprise License,Emp_25 SaaS_25,6,12000.0,0.0
2024-12-04 17:00:00.000000,TechCorp_204,Pro Subscription,Emp_31 SaaS_31,1,200.0,0.0
2024-12-04 13:00:00.000000,TechCorp_210,Pro Subscription,Emp_4 SaaS_4,1,200.0,0.0
2024-12-04 17:00:00.000000,TechCorp_227,Starter Subscription,Emp_12 SaaS_12,1,50.0,0.0
2024-12-04 10:00:00.000000,TechCorp_294,Pro Subscription,Emp_13 SaaS_13,1,200.0,0.0
2024-12-04 11:00:00.000000,TechCorp_298,Starter Subscription,Emp_3 SaaS_3,1,50.0,0.0
2024-12-05 13:00:00.000000,TechCorp_58,Starter Subscription,Emp_19 SaaS_19,1,50.0,0.0
2024-12-05 12:00:00.000000,TechCorp_82,Starter Subscription,Emp_0 SaaS_0,1,50.0,0.0
2024-12-05 13:00:00.000000,TechCorp_130,Pro Subscription,Emp_4 SaaS_4,1,200.0,0.0
2024-12-05 17:00:00.000000,TechCorp_133,Pro Subscription,Emp_13 SaaS_13,1,200.0,0.0
2024-12-05 11:00:00.000000,TechCorp_134,Starter Subscription,Emp_13 SaaS_13,1,50.0,0.0
2024-12-05 18:00:00.000000,TechCorp_154,Starter Subscription,Emp_25 SaaS_25,1,50.0,0.0
2024-12-05 13:00:00.000000,TechCorp_180,Starter Subscription,Emp_31 SaaS_31,1,50.0,0.0
2024-12-05 11:00:00.000000,TechCorp_181,Starter Subscription,Emp_6 SaaS_6,1,50.0,0.0
2024-12-05 17:00:00.000000,TechCorp_200,Pro Subscription,Emp_6 SaaS_6,1,200.0,0.0
2024-12-05 14:00:00.000000,TechCorp_292,Starter Subscription,Emp_2 SaaS_2,1,50.0,0.0
2024-12-06 16:00:00.000000,TechCorp_53,Starter Subscription,Emp_4 SaaS_4,1,50.0,0.0
2024-12-06 14:00:00.000000,TechCorp_64,Pro Subscription,Emp_21 SaaS_21,1,200.0,0.0
2024-12-06 08:00:00.000000,TechCorp_94,Starter Subscription,Emp_4 SaaS_4,1,50.0,0.0
2024-12-06 16:00:00.000000,TechCorp_95,Starter Subscription,Emp_31 SaaS_31,1,50.0,0.0
2024-12-06 12:00:00.000000,TechCorp_96,Starter Subscription,Emp_3 SaaS_3,1,50.0,0.0
2024-12-06 18:00:00.000000,TechCorp_103,Starter Subscription,Emp_19 SaaS_19,1,50.0,0.0
2024-12-06 08:00:00.000000,TechCorp_105,Starter Subscription,Emp_21 SaaS_21,1,50.0,0.0
2024-12-06 15:00:00.000000,TechCorp_113,Pro Subscription,Emp_21 SaaS_21,1,200.0,0.0
2024-12-06 15:00:00.000000,TechCorp_116,Starter Subscription,Emp_6 SaaS_6,1,50.0,0.0
2024-12-06 12:00:00.000000,TechCorp_129,Starter Subscription,Emp_4 SaaS_4,1,50.0,0.0
2024-12-06 12:00:00.000000,TechCorp_135,Pro Subscription,Emp_4 SaaS_4,1,200.0,0.0
2024-12-06 11:00:00.000000,TechCorp_180,Starter Subscription,Emp_29 SaaS_29,1,50.0,0.0
2024-12-06 10:00:00.000000,TechCorp_181,Starter Subscription,Emp_29 SaaS_29,1,50.0,0.0
2024-12-06 09:00:00.000000,TechCorp_194,Starter Subscription,Emp_3 SaaS_3,1,50.0,0.0
2024-12-06 12:00:00.000000,TechCorp_210,Pro Subscription,Emp_19 SaaS_19,1,200.0,0.0
2024-12-06 10:00:00.000000,TechCorp_223,Enterprise License,Emp_0 SaaS_0,1,2000.0,0.0
2024-12-06 18:00:00.000000,TechCorp_238,Pro Subscription,Emp_31 SaaS_31,1,200.0,0.0
2024-12-06 16:00:00.000000,TechCorp_254,Pro Subscription,Emp_25 SaaS_25,1,200.0,0.0
2024-12-06 15:00:00.000000,TechCorp_274,Starter Subscription,Emp_3 SaaS_3,1,50.0,0.0
2024-12-06 08:00:00.000000,TechCorp_284,Starter Subscription,Emp_6 SaaS_6,1,50.0,0.0
2024-12-06 14:00:00.000000,TechCorp_288,Pro Subscription,Emp_2 SaaS_2,1,200.0,0.0
2024-12-06 10:00:00.000000,TechCorp_296,Pro Subscription,Emp_31 SaaS_31,1,200.0,0.0
2024-12-07 16:00:00.000000,TechCorp_32,Starter Subscription,Emp_4 SaaS_4,1,50.0,0.0
2024-12-07 11:00:00.000000,TechCorp_76,Starter Subscription,Emp_6 SaaS_6,1,50.0,0.0
2024-12-07 08:00:00.000000,TechCorp_79,Pro Subscription,Emp_0 SaaS_0,1,200.0,0.0
2024-12-07 14:00:00.000000,TechCorp_90,Pro Subscription,Emp_2 SaaS_2,1,200.0,0.0
2024-12-07 14:00:00.000000,TechCorp_93,Pro Subscription,Emp_19 SaaS_19,1,200.0,0.0
2024-12-07 10:00:00.000000,TechCorp_94,Starter Subscription,Emp_6 SaaS_6,1,50.0,0.0
2024-12-07 12:00:00.000000,TechCorp_111,Pro Subscription,Emp_3 SaaS_3,1,200.0,0.0
2024-12-07 11:00:00.000000,TechCorp_159,Starter Subscription,Emp_12 SaaS_12,1,50.0,0.0
2024-12-07 11:00:00.000000,TechCorp_239,Starter Subscription,Emp_29 SaaS_29,1,50.0,0.0
2024-12-07 13:00:00.000000,TechCorp_268,Starter Subscription,Emp_6 SaaS_6,1,50.0,0.0
2024-12-08 13:00:00.000000,TechCorp_9,Starter Subscription,Emp_29 SaaS_29,1,50.0,0.0
2024-12-08 13:00:00.000000,TechCorp_28,Starter Subscription,Emp_19 SaaS_19,1,50.0,0.0
2024-12-08 15:00:00.000000,TechCorp_43,Pro Subscription,Emp_29 SaaS_29,1,200.0,0.0
2024-12-08 15:00:00.000000,TechCorp_64,Pro Subscription,Emp_31 SaaS_31,1,200.0,0.0
2024-12-08 13:00:00.000000,TechCorp_71,Pro Subscription,Emp_2 SaaS_2,1,200.0,0.0
2024-12-08 11:00:00.000000,TechCorp_83,Starter Subscription,Emp_13 SaaS_13,1,50.0,0.0
2024-12-08 18:00:00.000000,TechCorp_186,Starter Subscription,Emp_21 SaaS_21,1,50.0,0.0
2024-12-08 08:00:00.000000,TechCorp_194,Starter Subscription,Emp_29 SaaS_29,1,50.0,0.0
2024-12-08 17:00:00.000000,TechCorp_218,Starter Subscription,Emp_31 SaaS_31,1,50.0,0.0
2024-12-08 08:00:00.000000,TechCorp_224,Pro Subscription,Emp_6 SaaS_6,1,200.0,0.0
2024-12-08 15:00:00.000000,TechCorp_256,Starter Subscription,Emp_29 SaaS_29,1,50.0,0.0
2024-12-08 08:00:00.000000,TechCorp_292,Starter Subscription,Emp_2 SaaS_2,1,50.0,0.0
2024-12-09 09:00:00.000000,TechCorp_3,Pro Subscription,Emp_12 SaaS_12,1,200.0,0.0
2024-12-09 12:00:00.000000,TechCorp_4,Starter Subscription,Emp_2 SaaS_2,1,50.0,0.0
2024-12-09 17:00:00.000000,TechCorp_7,Pro Subscription,Emp_31 SaaS_31,1,200.0,0.0
2024-12-09 12:00:00.000000,TechCorp_21,Pro Subscription,Emp_29 SaaS_29,1,200.0,0.0
2024-12-09 18:00:00.000000,TechCorp_26,Starter Subscription,Emp_4 SaaS_4,1,50.0,0.0
2024-12-09 12:00:00.000000,TechCorp_40,Pro Subscription,Emp_21 SaaS_21,1,200.0,0.0
2024-12-09 12:00:00.000000,TechCorp_64,Pro Subscription,Emp_2 SaaS_2,1,200.0,0.0
2024-12-09 09:00:00.000000,TechCorp_111,Pro Subscription,Emp_2 SaaS_2,1,200.0,0.0
2024-12-09 12:00:00.000000,TechCorp_113,Pro Subscription,Emp_6 SaaS_6,1,200.0,0.0
2024-12-09 09:00:00.000000,TechCorp_125,Pro Subscription,Emp_2 SaaS_2,1,200.0,0.0
2024-12-09 13:00:00.000000,TechCorp_161,Starter Subscription,Emp_25 SaaS_25,1,50.0,0.0
2024-12-09 09:00:00.000000,TechCorp_186,Starter Subscription,Emp_2 SaaS_2,1,50.0,0.0
2024-12-09 17:00:00.000000,TechCorp_203,Starter Subscription,Emp_2 SaaS_2,1,50.0,0.0
2024-12-09 11:00:00.000000,TechCorp_207,Starter Subscription,Emp_2 SaaS_2,1,50.0,0.0
2024-12-09 18:00:00.000000,TechCorp_222,Pro Subscription,Emp_3 SaaS_3,1,200.0,0.0
2024-12-09 18:00:00.000000,TechCorp_255,Starter Subscription,Emp_0 SaaS_0,1,50.0,0.0
2024-12-09 10:00:00.000000,TechCorp_276,Pro Subscription,Emp_21 SaaS_21,1,200.0,0.0
2024-12-09 18:00:00.000000,TechCorp_281,Pro Subscription,Emp_4 SaaS_4,1,200.0,0.0
2024-12-10 16:00:00.000000,TechCorp_25,Starter Subscription,Emp_0 SaaS_0,1,50.0,0.0
2024-12-10 18:00:00.000000,TechCorp_62,Starter Subscription,Emp_4 SaaS_4,1,50.0,0.0
2024-12-10 12:00:00.000000,TechCorp_101,Starter Subscription,Emp_19 SaaS_19,1,50.0,0.0
2024-12-10 18:00:00.000000,TechCorp_124,Starter Subscription,Emp_29 SaaS_29,1,50.0,0.0
2024-12-10 12:00:00.000000,TechCorp_132,Pro Subscription,Emp_29 SaaS_29,1,200.0,0.0
2024-12-10 15:00:00.000000,TechCorp_173,Pro Subscription,Emp_4 SaaS_4,1,200.0,0.0
2024-12-10 10:00:00.000000,TechCorp_178,Enterprise License,Emp_19 SaaS_19,4,8000.0,0.0
2024-12-10 08:00:00.000000,TechCorp_184,Enterprise License,Emp_21 SaaS_21,10,20000.0,0.0
2024-12-10 11:00:00.000000,TechCorp_186,Starter Subscription,Emp_12 SaaS_12,1,50.0,0.0
2024-12-10 16:00:00.000000,TechCorp_201,Starter Subscription,Emp_12 SaaS_12,1,50.0,0.0
2024-12-10 17:00:00.000000,TechCorp_203,Starter Subscription,Emp_4 SaaS_4,1,50.0,0.0
2024-12-10 11:00:00.000000,TechCorp_251,Starter Subscription,Emp_3 SaaS_3,1,50.0,0.0
2024-12-11 17:00:00.000000,TechCorp_7,Pro Subscription,Emp_0 SaaS_0,1,200.0,0.0
2024-12-11 17:00:00.000000,TechCorp_17,Starter Subscription,Emp_4 SaaS_4,1,50.0,0.0
2024-12-11 09:00:00.000000,TechCorp_21,Pro Subscription,Emp_19 SaaS_19,1,200.0,0.0
2024-12-11 15:00:00.000000,TechCorp_55,Pro Subscription,Emp_31 SaaS_31,1,200.0,0.0
2024-12-11 10:00:00.000000,TechCorp_75,Starter Subscription,Emp_2 SaaS_2,1,50.0,0.0
2024-12-11 12:00:00.000000,TechCorp_82,Starter Subscription,Emp_31 SaaS_31,1,50.0,0.0
2024-12-11 17:00:00.000000,TechCorp_84,Pro Subscription,Emp_31 SaaS_31,1,200.0,0.0
2024-12-11 18:00:00.000000,TechCorp_91,Starter Subscription,Emp_4 SaaS_4,1,50.0,0.0
2024-12-11 15:00:00.000000,TechCorp_116,Starter Subscription,Emp_2 SaaS_2,1,50.0,0.0
2024-12-11 11:00:00.000000,TechCorp_133,Pro Subscription,Emp_31 SaaS_31,1,200.0,0.0
2024-12-11 14:00:00.000000,TechCorp_177,Starter Subscription,Emp_19 SaaS_19,1,50.0,0.0
2024-12-11 15:00:00.000000,TechCorp_205,Starter Subscription,Emp_29 SaaS_29,1,50.0,0.0
2024-12-11 11:00:00.000000,TechCorp_227,Starter Subscription,Emp_4 SaaS_4,1,50.0,0.0
2024-12-11 15:00:00.000000,TechCorp_232,Starter Subscription,Emp_4 SaaS_4,1,50.0,0.0
2024-12-11 11:00:00.000000,TechCorp_244,Pro Subscription,Emp_19 SaaS_19,1,200.0,0.0
2024-12-11 11:00:00.000000,TechCorp_247,Pro Subscription,Emp_6 SaaS_6,1,200.0,0.0
2024-12-11 09:00:00.000000,TechCorp_271,Pro Subscription,Emp_29 SaaS_29,1,200.0,0.0
2024-12-11 09:00:00.000000,TechCorp_286,Starter Subscription,Emp_3 SaaS_3,1,50.0,0.0
2024-12-12 14:00:00.000000,TechCorp_16,Enterprise License,Emp_31 SaaS_31,8,16000.0,0.0
2024-12-12 08:00:00.000000,TechCorp_25,Starter Subscription,Emp_6 SaaS_6,1,50.0,0.0
2024-12-12 16:00:00.000000,TechCorp_26,Starter Subscription,Emp_6 SaaS_6,1,50.0,0.0
2024-12-12 18:00:00.000000,TechCorp_83,Starter Subscription,Emp_29 SaaS_29,1,50.0,0.0
2024-12-12 08:00:00.000000,TechCorp_141,Starter Subscription,Emp_6 SaaS_6,1,50.0,0.0
2024-12-12 14:00:00.000000,TechCorp_145,Starter Subscription,Emp_25 SaaS_25,1,50.0,0.0
2024-12-12 13:00:00.000000,TechCorp_149,Starter Subscription,Emp_2 SaaS_2,1,50.0,0.0
2024-12-12 11:00:00.000000,TechCorp_164,Pro Subscription,Emp_25 SaaS_25,1,200.0,0.0
2024-12-12 08:00:00.000000,TechCorp_168,Enterprise License,Emp_3 SaaS_3,9,18000.0,0.0
2024-12-12 10:00:00.000000,TechCorp_198,Pro Subscription,Emp_3 SaaS_3,1,200.0,0.0
2024-12-12 16:00:00.000000,TechCorp_235,Enterprise License,Emp_29 SaaS_29,1,2000.0,0.0
2024-12-12 12:00:00.000000,TechCorp_248,Starter Subscription,Emp_2 SaaS_2,1,50.0,0.0
2024-12-12 17:00:00.000000,TechCorp_254,Pro Subscription,Emp_31 SaaS_31,1,200.0,0.0
2024-12-12 08:00:00.000000,TechCorp_264,Pro Subscription,Emp_0 SaaS_0,1,200.0,0.0
2024-12-12 16:00:00.000000,TechCorp_284,Starter Subscription,Emp_0 SaaS_0,1,50.0,0.0
2024-12-13 09:00:00.000000,TechCorp_35,Enterprise License,Emp_31 SaaS_31,4,8000.0,0.0
2024-12-13 12:00:00.000000,TechCorp_68,Pro Subscription,Emp_0 SaaS_0,1,200.0,0.0
2024-12-13 08:00:00.000000,TechCorp_86,Starter Subscription,Emp_31 SaaS_31,1,50.0,0.0
2024-12-13 18:00:00.000000,TechCorp_87,Pro Subscription,Emp_19 SaaS_19,1,200.0,0.0
2024-12-13 11:00:00.000000,TechCorp_115,Enterprise License,Emp_25 SaaS_25,6,12000.0,0.0
2024-12-13 11:00:00.000000,TechCorp_126,Enterprise License,Emp_12 SaaS_12,3,6000.0,0.0
2024-12-13 14:00:00.000000,TechCorp_137,Pro Subscription,Emp_31 SaaS_31,1,200.0,0.0
2024-12-13 15:00:00.000000,TechCorp_178,Enterprise License,Emp_31 SaaS_31,4,8000.0,0.0
2024-12-13 09:00:00.000000,TechCorp_186,Starter Subscription,Emp_4 SaaS_4,1,50.0,0.0
2024-12-13 18:00:00.000000,TechCorp_221,Starter Subscription,Emp_25 SaaS_25,1,50.0,0.0
2024-12-13 11:00:00.000000,TechCorp_227,Starter Subscription,Emp_29 SaaS_29,1,50.0,0.0
2024-12-13 17:00:00.000000,TechCorp_242,Starter Subscription,Emp_2 SaaS_2,1,50.0,0.0
2024-12-14 14:00:00.000000,TechCorp_30,Pro Subscription,Emp_4 SaaS_4,1,200.0,0.0
2024-12-14 13:00:00.000000,TechCorp_52,Starter Subscription,Emp_21 SaaS_21,1,50.0,0.0
2024-12-14 12:00:00.000000,TechCorp_87,Pro Subscription,Emp_6 SaaS_6,1,200.0,0.0
2024-12-14 14:00:00.000000,TechCorp_184,Enterprise License,Emp_4 SaaS_4,3,6000.0,0.0
2024-12-14 13:00:00.000000,TechCorp_199,Starter Subscription,Emp_2 SaaS_2,1,50.0,0.0
2024-12-14 14:00:00.000000,TechCorp_271,Pro Subscription,Emp_29 SaaS_29,1,200.0,0.0
2024-12-14 12:00:00.000000,TechCorp_275,Starter Subscription,Emp_0 SaaS_0,1,50.0,0.0
2024-12-14 10:00:00.000000,TechCorp_285,Starter Subscription,Emp_0 SaaS_0,1,50.0,0.0
2024-12-15 10:00:00.000000,TechCorp_26,Starter Subscription,Emp_13 SaaS_13,1,50.0,0.0
2024-12-15 13:00:00.000000,TechCorp_50,Starter Subscription,Emp_19 SaaS_19,1,50.0,0.0
2024-12-15 08:00:00.000000,TechCorp_63,Pro Subscription,Emp_12 SaaS_12,1,200.0,0.0
2024-12-15 09:00:00.000000,TechCorp_87,Pro Subscription,Emp_3 SaaS_3,1,200.0,0.0
2024-12-15 13:00:00.000000,TechCorp_91,Starter Subscription,Emp_4 SaaS_4,1,50.0,0.0
2024-12-15 18:00:00.000000,TechCorp_92,Pro Subscription,Emp_0 SaaS_0,1,200.0,0.0
2024-12-15 13:00:00.000000,TechCorp_115,Enterprise License,Emp_25 SaaS_25,8,16000.0,0.0
2024-12-15 11:00:00.000000,TechCorp_177,Starter Subscription,Emp_21 SaaS_21,1,50.0,0.0
2024-12-15 10:00:00.000000,TechCorp_192,Starter Subscription,Emp_12 SaaS_12,1,50.0,0.0
2024-12-15 08:00:00.000000,TechCorp_210,Pro Subscription,Emp_21 SaaS_21,1,200.0,0.0
2024-12-15 10:00:00.000000,TechCorp_252,Pro Subscription,Emp_0 SaaS_0,1,200.0,0.0
2024-12-15 10:00:00.000000,TechCorp_267,Pro Subscription,Emp_12 SaaS_12,1,200.0,0.0
2024-12-15 10:00:00.000000,TechCorp_284,Starter Subscription,Emp_31 SaaS_31,1,50.0,0.0
2024-12-15 13:00:00.000000,TechCorp_291,Starter Subscription,Emp_2 SaaS_2,1,50.0,0.0
2024-12-16 14:00:00.000000,TechCorp_15,Pro Subscription,Emp_3 SaaS_3,1,200.0,0.0
2024-12-16 09:00:00.000000,TechCorp_53,Starter Subscription,Emp_4 SaaS_4,1,50.0,0.0
2024-12-16 08:00:00.000000,TechCorp_69,Pro Subscription,Emp_3 SaaS_3,1,200.0,0.0
2024-12-16 14:00:00.000000,TechCorp_78,Starter Subscription,Emp_31 SaaS_31,1,50.0,0.0
2024-12-16 11:00:00.000000,TechCorp_93,Pro Subscription,Emp_31 SaaS_31,1,200.0,0.0
2024-12-16 10:00:00.000000,TechCorp_97,Enterprise License,Emp_25 SaaS_25,2,4000.0,0.0
2024-12-16 17:00:00.000000,TechCorp_98,Starter Subscription,Emp_2 SaaS_2,1,50.0,0.0
2024-12-16 13:00:00.000000,TechCorp_123,Starter Subscription,Emp_6 SaaS_6,1,50.0,0.0
2024-12-16 11:00:00.000000,TechCorp_147,Pro Subscription,Emp_12 SaaS_12,1,200.0,0.0
2024-12-16 15:00:00.000000,TechCorp_157,Starter Subscription,Emp_12 SaaS_12,1,50.0,0.0
2024-12-16 10:00:00.000000,TechCorp_163,Pro Subscription,Emp_12 SaaS_12,1,200.0,0.0
2024-12-16 14:00:00.000000,TechCorp_215,Starter Subscription,Emp_4 SaaS_4,1,50.0,0.0
2024-12-16 18:00:00.000000,TechCorp_218,Starter Subscription,Emp_6 SaaS_6,1,50.0,0.0
2024-12-16 16:00:00.000000,TechCorp_222,Pro Subscription,Emp_3 SaaS_3,1,200.0,0.0
2024-12-16 09:00:00.000000,TechCorp_224,Pro Subscription,Emp_19 SaaS_19,1,200.0,0.0
2024-12-16 11:00:00.000000,TechCorp_232,Starter Subscription,Emp_31 SaaS_31,1,50.0,0.0
2024-12-16 18:00:00.000000,TechCorp_236,Pro Subscription,Emp_21 SaaS_21,1,200.0,0.0
2024-12-16 12:00:00.000000,TechCorp_284,Starter Subscription,Emp_29 SaaS_29,1,50.0,0.0
2024-12-16 15:00:00.000000,TechCorp_287,Pro Subscription,Emp_29 SaaS_29,1,200.0,0.0
2024-12-17 17:00:00.000000,TechCorp_30,Pro Subscription,Emp_6 SaaS_6,1,200.0,0.0
2024-12-17 15:00:00.000000,TechCorp_108,Pro Subscription,Emp_21 SaaS_21,1,200.0,0.0
2024-12-17 15:00:00.000000,TechCorp_135,Pro Subscription,Emp_19 SaaS_19,1,200.0,0.0
2024-12-17 14:00:00.000000,TechCorp_161,Starter Subscription,Emp_4 SaaS_4,1,50.0,0.0
2024-12-17 15:00:00.000000,TechCorp_184,Enterprise License,Emp_25 SaaS_25,10,20000.0,0.0
2024-12-17 17:00:00.000000,TechCorp_190,Pro Subscription,Emp_29 SaaS_29,1,200.0,0.0
2024-12-17 17:00:00.000000,TechCorp_202,Pro Subscription,Emp_3 SaaS_3,1,200.0,0.0
2024-12-17 12:00:00.000000,TechCorp_223,Enterprise License,Emp_3 SaaS_3,9,18000.0,0.0
2024-12-17 16:00:00.000000,TechCorp_277,Enterprise License,Emp_2 SaaS_2,10,20000.0,0.0
2024-12-17 17:00:00.000000,TechCorp_296,Pro Subscription,Emp_12 SaaS_12,1,200.0,0.0
2024-12-18 12:00:00.000000,TechCorp_13,Enterprise License,Emp_21 SaaS_21,2,4000.0,0.0
2024-12-18 08:00:00.000000,TechCorp_25,Starter Subscription,Emp_19 SaaS_19,1,50.0,0.0
2024-12-18 09:00:00.000000,TechCorp_66,Pro Subscription,Emp_29 SaaS_29,1,200.0,0.0
2024-12-18 08:00:00.000000,TechCorp_79,Pro Subscription,Emp_4 SaaS_4,1,200.0,0.0
2024-12-18 11:00:00.000000,TechCorp_112,Starter Subscription,Emp_29 SaaS_29,1,50.0,0.0
2024-12-18 15:00:00.000000,TechCorp_139,Starter Subscription,Emp_12 SaaS_12,1,50.0,0.0
2024-12-18 18:00:00.000000,TechCorp_140,Starter Subscription,Emp_12 SaaS_12,1,50.0,0.0
2024-12-18 10:00:00.000000,TechCorp_176,Starter Subscription,Emp_3 SaaS_3,1,50.0,0.0
2024-12-18 08:00:00.000000,TechCorp_205,Starter Subscription,Emp_0 SaaS_0,1,50.0,0.0
2024-12-18 15:00:00.000000,TechCorp_251,Starter Subscription,Emp_19 SaaS_19,1,50.0,0.0
2024-12-18 18:00:00.000000,TechCorp_276,Pro Subscription,Emp_25 SaaS_25,1,200.0,0.0
2024-12-19 09:00:00.000000,TechCorp_2,Pro Subscription,Emp_25 SaaS_25,1,200.0,0.0
2024-12-19 14:00:00.000000,TechCorp_11,Pro Subscription,Emp_21 SaaS_21,1,200.0,0.0
2024-12-19 17:00:00.000000,TechCorp_75,Starter Subscription,Emp_13 SaaS_13,1,50.0,0.0
2024-12-19 18:00:00.000000,TechCorp_78,Starter Subscription,Emp_31 SaaS_31,1,50.0,0.0
2024-12-19 10:00:00.000000,TechCorp_140,Starter Subscription,Emp_19 SaaS_19,1,50.0,0.0
2024-12-19 11:00:00.000000,TechCorp_151,Starter Subscription,Emp_19 SaaS_19,1,50.0,0.0
2024-12-19 11:00:00.000000,TechCorp_191,Pro Subscription,Emp_29 SaaS_29,1,200.0,0.0
2024-12-19 14:00:00.000000,TechCorp_250,Starter Subscription,Emp_2 SaaS_2,1,50.0,0.0
2024-12-19 10:00:00.000000,TechCorp_258,Enterprise License,Emp_31 SaaS_31,3,6000.0,0.0
2024-12-19 14:00:00.000000,TechCorp_273,Pro Subscription,Emp_31 SaaS_31,1,200.0,0.0
2024-12-19 08:00:00.000000,TechCorp_296,Pro Subscription,Emp_6 SaaS_6,1,200.0,0.0
2024-12-20 15:00:00.000000,TechCorp_7,Pro Subscription,Emp_25 SaaS_25,1,200.0,0.0
2024-12-20 18:00:00.000000,TechCorp_22,Enterprise License,Emp_29 SaaS_29,5,10000.0,0.0
2024-12-20 18:00:00.000000,TechCorp_42,Pro Subscription,Emp_25 SaaS_25,1,200.0,0.0
2024-12-20 13:00:00.000000,TechCorp_56,Enterprise License,Emp_19 SaaS_19,8,16000.0,0.0
2024-12-20 17:00:00.000000,TechCorp_83,Starter Subscription,Emp_0 SaaS_0,1,50.0,0.0
2024-12-20 17:00:00.000000,TechCorp_87,Pro Subscription,Emp_2 SaaS_2,1,200.0,0.0
2024-12-20 14:00:00.000000,TechCorp_101,Starter Subscription,Emp_31 SaaS_31,1,50.0,0.0
2024-12-20 18:00:00.000000,TechCorp_129,Starter Subscription,Emp_29 SaaS_29,1,50.0,0.0
2024-12-20 18:00:00.000000,TechCorp_192,Starter Subscription,Emp_19 SaaS_19,1,50.0,0.0
2024-12-20 14:00:00.000000,TechCorp_198,Pro Subscription,Emp_19 SaaS_19,1,200.0,0.0
2024-12-20 15:00:00.000000,TechCorp_200,Pro Subscription,Emp_0 SaaS_0,1,200.0,0.0
2024-12-20 17:00:00.000000,TechCorp_217,Starter Subscription,Emp_12 SaaS_12,1,50.0,0.0
2024-12-20 16:00:00.000000,TechCorp_265,Pro Subscription,Emp_19 SaaS_19,1,200.0,0.0
2024-12-20 13:00:00.000000,TechCorp_276,Pro Subscription,Emp_31 SaaS_31,1,200.0,0.0
2024-12-20 18:00:00.000000,TechCorp_294,Pro Subscription,Emp_3 SaaS_3,1,200.0,0.0
2024-12-20 10:00:00.000000,TechCorp_296,Pro Subscription,Emp_12 SaaS_12,1,200.0,0.0
2024-12-21 12:00:00.000000,TechCorp_11,Pro Subscription,Emp_3 SaaS_3,1,200.0,0.0
2024-12-21 18:00:00.000000,TechCorp_32,Starter Subscription,Emp_13 SaaS_13,1,50.0,0.0
2024-12-21 12:00:00.000000,TechCorp_45,Pro Subscription,Emp_29 SaaS_29,1,200.0,0.0
2024-12-21 08:00:00.000000,TechCorp_66,Pro Subscription,Emp_6 SaaS_6,1,200.0,0.0
2024-12-21 14:00:00.000000,TechCorp_101,Starter Subscription,Emp_31 SaaS_31,1,50.0,0.0
2024-12-21 17:00:00.000000,TechCorp_118,Pro Subscription,Emp_4 SaaS_4,1,200.0,0.0
2024-12-21 16:00:00.000000,TechCorp_139,Starter Subscription,Emp_31 SaaS_31,1,50.0,0.0
2024-12-21 15:00:00.000000,TechCorp_179,Enterprise License,Emp_12 SaaS_12,6,12000.0,0.0
2024-12-21 09:00:00.000000,TechCorp_194,Starter Subscription,Emp_4 SaaS_4,1,50.0,0.0
2024-12-21 08:00:00.000000,TechCorp_269,Starter Subscription,Emp_12 SaaS_12,1,50.0,0.0
2024-12-21 11:00:00.000000,TechCorp_278,Starter Subscription,Emp_21 SaaS_21,1,50.0,0.0
2024-12-21 17:00:00.000000,TechCorp_284,Starter Subscription,Emp_21 SaaS_21,1,50.0,0.0
2024-12-21 09:00:00.000000,TechCorp_285,Starter Subscription,Emp_13 SaaS_13,1,50.0,0.0
2024-12-22 17:00:00.000000,TechCorp_7,Pro Subscription,Emp_4 SaaS_4,1,200.0,0.0
2024-12-22 12:00:00.000000,TechCorp_68,Pro Subscription,Emp_6 SaaS_6,1,200.0,0.0
2024-12-22 09:00:00.000000,TechCorp_93,Pro Subscription,Emp_19 SaaS_19,1,200.0,0.0
2024-12-22 17:00:00.000000,TechCorp_101,Starter Subscription,Emp_31 SaaS_31,1,50.0,0.0
2024-12-22 11:00:00.000000,TechCorp_190,Pro Subscription,Emp_3 SaaS_3,1,200.0,0.0
2024-12-22 18:00:00.000000,TechCorp_227,Starter Subscription,Emp_6 SaaS_6,1,50.0,0.0
2024-12-22 14:00:00.000000,TechCorp_295,Starter Subscription,Emp_4 SaaS_4,1,50.0,0.0
2024-12-23 08:00:00.000000,TechCorp_7,Pro Subscription,Emp_4 SaaS_4,1,200.0,0.0
2024-12-23 14:00:00.000000,TechCorp_84,Pro Subscription,Emp_6 SaaS_6,1,200.0,0.0
2024-12-23 08:00:00.000000,TechCorp_113,Pro Subscription,Emp_13 SaaS_13,1,200.0,0.0
2024-12-23 18:00:00.000000,TechCorp_125,Pro Subscription,Emp_29 SaaS_29,1,200.0,0.0
2024-12-23 14:00:00.000000,TechCorp_140,Starter Subscription,Emp_25 SaaS_25,1,50.0,0.0
2024-12-23 18:00:00.000000,TechCorp_147,Pro Subscription,Emp_12 SaaS_12,1,200.0,0.0
2024-12-23 12:00:00.000000,TechCorp_157,Starter Subscription,Emp_19 SaaS_19,1,50.0,0.0
2024-12-23 08:00:00.000000,TechCorp_190,Pro Subscription,Emp_3 SaaS_3,1,200.0,0.0
2024-12-23 11:00:00.000000,TechCorp_211,Starter Subscription,Emp_31 SaaS_31,1,50.0,0.0
2024-12-23 13:00:00.000000,TechCorp_228,Starter Subscription,Emp_12 SaaS_12,1,50.0,0.0
2024-12-23 15:00:00.000000,TechCorp_258,Enterprise License,Emp_2 SaaS_2,7,14000.0,0.0
2024-12-23 10:00:00.000000,TechCorp_287,Pro Subscription,Emp_13 SaaS_13,1,200.0,0.0
2024-12-23 17:00:00.000000,TechCorp_291,Starter Subscription,Emp_29 SaaS_29,1,50.0,0.0
2024-12-23 12:00:00.000000,TechCorp_292,Starter Subscription,Emp_19 SaaS_19,1,50.0,0.0
2024-12-24 14:00:00.000000,TechCorp_22,Enterprise License,Emp_4 SaaS_4,7,14000.0,0.0
2024-12-24 18:00:00.000000,TechCorp_27,Pro Subscription,Emp_13 SaaS_13,1,200.0,0.0
2024-12-24 14:00:00.000000,TechCorp_64,Pro Subscription,Emp_13 SaaS_13,1,200.0,0.0
2024-12-24 09:00:00.000000,TechCorp_79,Pro Subscription,Emp_19 SaaS_19,1,200.0,0.0
2024-12-24 13:00:00.000000,TechCorp_103,Starter Subscription,Emp_0 SaaS_0,1,50.0,0.0
2024-12-24 18:00:00.000000,TechCorp_109,Pro Subscription,Emp_3 SaaS_3,1,200.0,0.0
2024-12-24 14:00:00.000000,TechCorp_147,Pro Subscription,Emp_6 SaaS_6,1,200.0,0.0
2024-12-24 16:00:00.000000,TechCorp_151,Starter Subscription,Emp_12 SaaS_12,1,50.0,0.0
2024-12-24 08:00:00.000000,TechCorp_155,Starter Subscription,Emp_31 SaaS_31,1,50.0,0.0
2024-12-24 17:00:00.000000,TechCorp_170,Starter Subscription,Emp_31 SaaS_31,1,50.0,0.0
2024-12-24 17:00:00.000000,TechCorp_200,Pro Subscription,Emp_31 SaaS_31,1,200.0,0.0
2024-12-24 15:00:00.000000,TechCorp_205,Starter Subscription,Emp_2 SaaS_2,1,50.0,0.0
2024-12-24 15:00:00.000000,TechCorp_228,Starter Subscription,Emp_25 SaaS_25,1,50.0,0.0
2024-12-24 15:00:00.000000,TechCorp_255,Starter Subscription,Emp_13 SaaS_13,1,50.0,0.0
2024-12-25 16:00:00.000000,TechCorp_19,Starter Subscription,Emp_0 SaaS_0,1,50.0,0.0
2024-12-25 18:00:00.000000,TechCorp_30,Pro Subscription,Emp_31 SaaS_31,1,200.0,0.0
2024-12-25 11:00:00.000000,TechCorp_86,Starter Subscription,Emp_19 SaaS_19,1,50.0,0.0
2024-12-25 18:00:00.000000,TechCorp_96,Starter Subscription,Emp_6 SaaS_6,1,50.0,0.0
2024-12-25 08:00:00.000000,TechCorp_121,Pro Subscription,Emp_2 SaaS_2,1,200.0,0.0
2024-12-25 17:00:00.000000,TechCorp_130,Pro Subscription,Emp_13 SaaS_13,1,200.0,0.0
2024-12-25 13:00:00.000000,TechCorp_138,Starter Subscription,Emp_3 SaaS_3,1,50.0,0.0
2024-12-25 14:00:00.000000,TechCorp_143,Starter Subscription,Emp_19 SaaS_19,1,50.0,0.0
2024-12-25 11:00:00.000000,TechCorp_149,Starter Subscription,Emp_4 SaaS_4,1,50.0,0.0
2024-12-25 18:00:00.000000,TechCorp_186,Starter Subscription,Emp_21 SaaS_21,1,50.0,0.0
2024-12-25 12:00:00.000000,TechCorp_192,Starter Subscription,Emp_31 SaaS_31,1,50.0,0.0
2024-12-25 18:00:00.000000,TechCorp_215,Starter Subscription,Emp_0 SaaS_0,1,50.0,0.0
2024-12-25 16:00:00.000000,TechCorp_221,Starter Subscription,Emp_2 SaaS_2,1,50.0,0.0
2024-12-25 09:00:00.000000,TechCorp_263,Starter Subscription,Emp_31 SaaS_31,1,50.0,0.0
2024-12-25 18:00:00.000000,TechCorp_266,Starter Subscription,Emp_6 SaaS_6,1,50.0,0.0
2024-12-26 14:00:00.000000,TechCorp_10,Pro Subscription,Emp_21 SaaS_21,1,200.0,0.0
2024-12-26 10:00:00.000000,TechCorp_65,Starter Subscription,Emp_21 SaaS_21,1,50.0,0.0
2024-12-26 16:00:00.000000,TechCorp_82,Starter Subscription,Emp_31 SaaS_31,1,50.0,0.0
2024-12-26 08:00:00.000000,TechCorp_106,Starter Subscription,Emp_4 SaaS_4,1,50.0,0.0
2024-12-26 16:00:00.000000,TechCorp_136,Pro Subscription,Emp_21 SaaS_21,1,200.0,0.0
2024-12-26 11:00:00.000000,TechCorp_174,Pro Subscription,Emp_6 SaaS_6,1,200.0,0.0
2024-12-26 14:00:00.000000,TechCorp_201,Starter Subscription,Emp_0 SaaS_0,1,50.0,0.0
2024-12-26 17:00:00.000000,TechCorp_204,Pro Subscription,Emp_0 SaaS_0,1,200.0,0.0
2024-12-26 12:00:00.000000,TechCorp_238,Pro Subscription,Emp_12 SaaS_12,1,200.0,0.0
2024-12-26 14:00:00.000000,TechCorp_255,Starter Subscription,Emp_31 SaaS_31,1,50.0,0.0
2024-12-26 09:00:00.000000,TechCorp_264,Pro Subscription,Emp_12 SaaS_12,1,200.0,0.0
2024-12-26 16:00:00.000000,TechCorp_277,Enterprise License,Emp_6 SaaS_6,5,10000.0,0.0
2024-12-26 11:00:00.000000,TechCorp_282,Starter Subscription,Emp_4 SaaS_4,1,50.0,0.0
2024-12-26 17:00:00.000000,TechCorp_290,Starter Subscription,Emp_12 SaaS_12,1,50.0,0.0
2024-12-27 17:00:00.000000,TechCorp_5,Enterprise License,Emp_25 SaaS_25,4,8000.0,0.0
2024-12-27 12:00:00.000000,TechCorp_27,Pro Subscription,Emp_31 SaaS_31,1,200.0,0.0
2024-12-27 13:00:00.000000,TechCorp_47,Pro Subscription,Emp_31 SaaS_31,1,200.0,0.0
2024-12-27 09:00:00.000000,TechCorp_85,Starter Subscription,Emp_12 SaaS_12,1,50.0,0.0
2024-12-27 09:00:00.000000,TechCorp_91,Starter Subscription,Emp_3 SaaS_3,1,50.0,0.0
2024-12-27 18:00:00.000000,TechCorp_100,Starter Subscription,Emp_19 SaaS_19,1,50.0,0.0
2024-12-27 08:00:00.000000,TechCorp_215,Starter Subscription,Emp_12 SaaS_12,1,50.0,0.0
2024-12-27 16:00:00.000000,TechCorp_241,Pro Subscription,Emp_31 SaaS_31,1,200.0,0.0
2024-12-27 14:00:00.000000,TechCorp_269,Starter Subscription,Emp_31 SaaS_31,1,50.0,0.0
2024-12-28 10:00:00.000000,TechCorp_49,Starter Subscription,Emp_19 SaaS_19,1,50.0,0.0
2024-12-28 13:00:00.000000,TechCorp_71,Pro Subscription,Emp_4 SaaS_4,1,200.0,0.0
2024-12-28 16:00:00.000000,TechCorp_124,Starter Subscription,Emp_19 SaaS_19,1,50.0,0.0
2024-12-28 09:00:00.000000,TechCorp_227,Starter Subscription,Emp_6 SaaS_6,1,50.0,0.0
2024-12-28 16:00:00.000000,TechCorp_253,Enterprise License,Emp_2 SaaS_2,4,8000.0,0.0
2024-12-28 13:00:00.000000,TechCorp_257,Pro Subscription,Emp_25 SaaS_25,1,200.0,0.0
2024-12-28 14:00:00.000000,TechCorp_279,Pro Subscription,Emp_2 SaaS_2,1,200.0,0.0
2024-12-28 12:00:00.000000,TechCorp_280,Pro Subscription,Emp_2 SaaS_2,1,200.0,0.0
2024-12-28 13:00:00.000000,TechCorp_283,Starter Subscription,Emp_13 SaaS_13,1,50.0,0.0
2024-12-28 16:00:00.000000,TechCorp_284,Starter Subscription,Emp_29 SaaS_29,1,50.0,0.0
2024-12-28 08:00:00.000000,TechCorp_292,Starter Subscription,Emp_4 SaaS_4,1,50.0,0.0
2024-12-28 13:00:00.000000,TechCorp_293,Pro Subscription,Emp_12 SaaS_12,1,200.0,0.0
2024-12-29 16:00:00.000000,TechCorp_5,Enterprise License,Emp_19 SaaS_19,6,12000.0,0.0
2024-12-29 13:00:00.000000,TechCorp_19,Starter Subscription,Emp_2 SaaS_2,1,50.0,0.0
2024-12-29 17:00:00.000000,TechCorp_23,Pro Subscription,Emp_12 SaaS_12,1,200.0,0.0
2024-12-29 13:00:00.000000,TechCorp_49,Starter Subscription,Emp_19 SaaS_19,1,50.0,0.0
2024-12-29 08:00:00.000000,TechCorp_99,Starter Subscription,Emp_21 SaaS_21,1,50.0,0.0
2024-12-29 11:00:00.000000,TechCorp_103,Starter Subscription,Emp_25 SaaS_25,1,50.0,0.0
2024-12-29 15:00:00.000000,TechCorp_131,Starter Subscription,Emp_29 SaaS_29,1,50.0,0.0
2024-12-29 17:00:00.000000,TechCorp_173,Pro Subscription,Emp_25 SaaS_25,1,200.0,0.0
2024-12-29 18:00:00.000000,TechCorp_202,Pro Subscription,Emp_31 SaaS_31,1,200.0,0.0
2024-12-29 10:00:00.000000,TechCorp_243,Pro Subscription,Emp_29 SaaS_29,1,200.0,0.0
2024-12-29 15:00:00.000000,TechCorp_255,Starter Subscription,Emp_19 SaaS_19,1,50.0,0.0
2024-12-29 12:00:00.000000,TechCorp_269,Starter Subscription,Emp_6 SaaS_6,1,50.0,0.0
2024-12-29 12:00:00.000000,TechCorp_270,Pro Subscription,Emp_25 SaaS_25,1,200.0,0.0
2024-12-29 13:00:00.000000,TechCorp_290,Starter Subscription,Emp_12 SaaS_12,1,50.0,0.0
2024-12-29 12:00:00.000000,TechCorp_292,Starter Subscription,Emp_12 SaaS_12,1,50.0,0.0
2024-12-30 12:00:00.000000,TechCorp_17,Starter Subscription,Emp_0 SaaS_0,1,50.0,0.0
2024-12-30 15:00:00.000000,TechCorp_28,Starter Subscription,Emp_2 SaaS_2,1,50.0,0.0
2024-12-30 14:00:00.000000,TechCorp_69,Pro Subscription,Emp_21 SaaS_21,1,200.0,0.0
2024-12-30 12:00:00.000000,TechCorp_75,Starter Subscription,Emp_21 SaaS_21,1,50.0,0.0
2024-12-30 15:00:00.000000,TechCorp_96,Starter Subscription,Emp_3 SaaS_3,1,50.0,0.0
2024-12-30 08:00:00.000000,TechCorp_101,Starter Subscription,Emp_19 SaaS_19,1,50.0,0.0
2024-12-30 14:00:00.000000,TechCorp_121,Pro Subscription,Emp_19 SaaS_19,1,200.0,0.0
2024-12-30 12:00:00.000000,TechCorp_134,Starter Subscription,Emp_31 SaaS_31,1,50.0,0.0
2024-12-30 10:00:00.000000,TechCorp_148,Starter Subscription,Emp_31 SaaS_31,1,50.0,0.0
2024-12-30 09:00:00.000000,TechCorp_171,Pro Subscription,Emp_31 SaaS_31,1,200.0,0.0
2024-12-30 14:00:00.000000,TechCorp_180,Starter Subscription,Emp_6 SaaS_6,1,50.0,0.0
2024-12-30 12:00:00.000000,TechCorp_181,Starter Subscription,Emp_4 SaaS_4,1,50.0,0.0
2024-12-30 08:00:00.000000,TechCorp_223,Enterprise License,Emp_2 SaaS_2,6,12000.0,0.0
2024-12-30 13:00:00.000000,TechCorp_241,Pro Subscription,Emp_0 SaaS_0,1,200.0,0.0
2024-12-30 11:00:00.000000,TechCorp_275,Starter Subscription,Emp_29 SaaS_29,1,50.0,0.0
2024-12-30 16:00:00.000000,TechCorp_296,Pro Subscription,Emp_6 SaaS_6,1,200.0,0.0
2024-12-31 10:00:00.000000,TechCorp_30,Pro Subscription,Emp_4 SaaS_4,1,200.0,0.0
2024-12-31 15:00:00.000000,TechCorp_59,Pro Subscription,Emp_3 SaaS_3,1,200.0,0.0
2024-12-31 17:00:00.000000,TechCorp_68,Pro Subscription,Emp_6 SaaS_6,1,200.0,0.0
2024-12-31 14:00:00.000000,TechCorp_91,Starter Subscription,Emp_31 SaaS_31,1,50.0,0.0
2024-12-31 14:00:00.000000,TechCorp_99,Starter Subscription,Emp_4 SaaS_4,1,50.0,0.0
2024-12-31 09:00:00.000000,TechCorp_140,Starter Subscription,Emp_31 SaaS_31,1,50.0,0.0
2024-12-31 13:00:00.000000,TechCorp_150,Starter Subscription,Emp_21 SaaS_21,1,50.0,0.0
2024-12-31 18:00:00.000000,TechCorp_169,Starter Subscription,Emp_31 SaaS_31,1,50.0,0.0
2024-12-31 16:00:00.000000,TechCorp_209,Pro Subscription,Emp_25 SaaS_25,1,200.0,0.0
2024-12-31 09:00:00.000000,TechCorp_214,Starter Subscription,Emp_25 SaaS_25,1,50.0,0.0
2024-12-31 17:00:00.000000,TechCorp_235,Enterprise License,Emp_0 SaaS_0,9,18000.0,0.0
